"timestamp","id_0","name_0","x_0","y_0"
2000-01-01 00:30:00.000000000,1045,Alicia,-0.5947012552291071,-0.19341919126450824
2000-01-01 02:45:00.000000000,1041,Alicia,-0.27327075244389865,-0.14809142929941221
2000-01-01 03:00:00.000000000,1046,Alicia,-0.4323815924554315,-0.20374329443065098
2000-01-01 04:00:00.000000000,1011,Alicia,-0.8047948038331656,-0.4403458344268436
2000-01-01 05:15:00.000000000,1043,Alicia,0.9545531288342217,-0.3337660891095977
2000-01-01 06:15:00.000000000,1039,Alicia,0.9022230138168874,-0.41337114082166426
2000-01-01 07:00:00.000000000,960,Alicia,-0.031809223974136325,-0.9808142307722172
2000-01-01 07:45:00.000000000,998,Alicia,0.14798176639163163,-0.9011015993942881
2000-01-01 09:15:00.000000000,1013,Alicia,0.38103336347465544,0.7258020176844708
2000-01-01 10:15:00.000000000,1004,Alicia,0.08551408496250468,0.6197713768431674
2000-01-01 12:15:00.000000000,990,Alicia,0.031835615884306945,0.15418163545767216
2000-01-01 12:30:00.000000000,996,Alicia,0.8795609577158987,-0.4005436608315325
2000-01-01 13:30:00.000000000,1045,Alicia,0.8783435013726382,0.9085216076350784
2000-01-01 15:15:00.000000000,989,Alicia,-0.3772301146211776,-0.9693721392825112
2000-01-01 17:30:00.000000000,987,Alicia,0.6397192953958879,0.3322110708393493
2000-01-01 21:15:00.000000000,997,Alicia,-0.5897071603283859,-0.014704398697592769
2000-01-01 23:00:00.000000000,993,Alicia,-0.756586431599402,-0.8825072562724467
2000-01-02 00:15:00.000000000,943,Alicia,0.4838854048796706,-0.6946118831630452
2000-01-02 00:45:00.000000000,984,Alicia,0.8510642730981917,-0.14619988827397723
2000-01-02 02:00:00.000000000,1016,Alicia,-0.09374658800100044,-0.9402994722929503
2000-01-02 03:30:00.000000000,1029,Alicia,-0.9194280519741491,-0.7528146176980091
2000-01-02 04:15:00.000000000,1045,Alicia,0.015062381423995186,-0.10049398826097566
2000-01-02 10:15:00.000000000,1048,Alicia,0.9541981680196865,0.3094974104550774
2000-01-02 11:15:00.000000000,1054,Alicia,-0.6692495833152523,0.623243057853754
2000-01-02 11:30:00.000000000,975,Alicia,0.5821337798901991,-0.26246332715206533
2000-01-02 11:45:00.000000000,1040,Alicia,-0.7088104648238527,0.5062468425445203
2000-01-02 12:45:00.000000000,1014,Alicia,-0.43458832589038443,0.8304672082596398
2000-01-02 13:15:00.000000000,1022,Alicia,0.43142894222657824,-0.5309070482777669
2000-01-02 13:45:00.000000000,967,Alicia,-0.9453670661582427,0.5858868478750257
2000-01-02 15:30:00.000000000,1052,Alicia,-0.997945195770352,0.3692644159394183
2000-01-02 15:45:00.000000000,993,Alicia,-0.9695401632265135,-0.9540081670024252
2000-01-02 16:00:00.000000000,1022,Alicia,-0.1162565754397673,-0.5245377811179905
2000-01-02 16:30:00.000000000,959,Alicia,-0.7039098825124932,-0.908567490376359
2000-01-02 17:15:00.000000000,1013,Alicia,0.1918306844780171,-0.8807148315349869
2000-01-02 18:30:00.000000000,974,Alicia,0.04341383221822692,0.31638755143760244
2000-01-02 21:00:00.000000000,989,Alicia,-0.4242635749092789,0.2550544877716099
2000-01-02 21:15:00.000000000,989,Alicia,0.0990010032876738,-0.8570734756735201
2000-01-02 21:30:00.000000000,972,Alicia,-0.7106183449282641,0.08119174325325806
2000-01-02 22:30:00.000000000,1064,Alicia,0.9249215772718347,0.137326150940972
2000-01-03 00:15:00.000000000,996,Alicia,-0.3167854758931048,0.8174047959527098
2000-01-03 00:30:00.000000000,968,Alicia,-0.5075566113563144,-0.5917997154491361
2000-01-03 02:15:00.000000000,993,Alicia,0.0657317853749908,0.029579047689117566
2000-01-03 02:30:00.000000000,1003,Alicia,-0.7814661439979789,0.33021938960289954
2000-01-03 03:15:00.000000000,993,Alicia,0.909078528378406,-0.17505407499545877
2000-01-03 04:45:00.000000000,1004,Alicia,-0.020108038161198882,0.01143875819745066
2000-01-03 05:15:00.000000000,992,Alicia,-0.16523325698757274,-0.804231026740007
2000-01-03 07:45:00.000000000,974,Alicia,0.6222355824577199,0.7710249767395465
2000-01-03 08:15:00.000000000,1029,Alicia,0.814309909067156,0.46663776257586154
2000-01-03 10:00:00.000000000,1026,Alicia,0.40012709345931086,0.9850564461687952
2000-01-03 17:30:00.000000000,1079,Alicia,-0.08358393624282034,-0.9759731028121863
2000-01-03 18:15:00.000000000,1014,Alicia,-0.39112287691119785,0.8629059416920513
2000-01-03 18:45:00.000000000,964,Alicia,0.4165902941169337,-0.013627435398293475
2000-01-03 20:00:00.000000000,1002,Alicia,-0.22701022240605506,-0.10347794791734644
2000-01-03 20:15:00.000000000,1006,Alicia,-0.3926500751824069,0.2978529282019078
2000-01-03 21:15:00.000000000,999,Alicia,0.6740010109075285,0.34938557262762915
2000-01-03 21:45:00.000000000,1049,Alicia,-0.19098491328852507,-0.9507057249737385
2000-01-03 22:15:00.000000000,1022,Alicia,-0.27701480333421613,-0.411427463648836
2000-01-03 23:00:00.000000000,985,Alicia,0.9896374795233271,-0.594845847987248
2000-01-04 08:15:00.000000000,975,Alicia,0.21439304319415764,-0.41671817433748015
2000-01-04 10:15:00.000000000,965,Alicia,0.8838808231900512,0.32030654945032544
2000-01-04 10:30:00.000000000,994,Alicia,-0.10276053518283912,0.5956614295623492
2000-01-04 11:15:00.000000000,977,Alicia,-0.4191117001708433,0.6254680885045598
2000-01-04 12:15:00.000000000,955,Alicia,0.0021314835184622627,-0.1705182184785512
2000-01-04 12:30:00.000000000,1014,Alicia,0.23405396793539723,0.3577733143222226
2000-01-04 13:30:00.000000000,1043,Alicia,-0.6422990663365413,0.29868843952730084
2000-01-04 14:00:00.000000000,1001,Alicia,0.3532044723504628,0.6201285187125789
2000-01-04 15:00:00.000000000,953,Alicia,0.9927864892660663,-0.008751887392796753
2000-01-04 15:30:00.000000000,1023,Alicia,-0.5857312107828494,-0.922387504795904
2000-01-04 16:45:00.000000000,998,Alicia,-0.7733763079014084,-0.14809535808471952
2000-01-04 19:00:00.000000000,1012,Alicia,0.8116760548598974,-0.8996706405964783
2000-01-04 20:00:00.000000000,969,Alicia,-0.0759243256582669,0.17505704134251898
2000-01-04 20:15:00.000000000,1025,Alicia,0.28735064899533325,-0.34464646546251565
2000-01-05 03:15:00.000000000,970,Alicia,-0.19555766512940265,0.14077839161478822
2000-01-05 03:45:00.000000000,975,Alicia,-0.47975415350138095,0.3300364242112255
2000-01-05 06:30:00.000000000,1016,Alicia,0.3680258195846571,-0.7107216629906445
2000-01-05 07:00:00.000000000,940,Alicia,-0.6860969007828772,-0.30570880180583426
2000-01-05 07:15:00.000000000,985,Alicia,-0.020703957253468186,-0.39981511004995873
2000-01-05 07:30:00.000000000,1007,Alicia,0.3190458193524268,0.4125135356210823
2000-01-05 07:45:00.000000000,995,Alicia,-0.42826860088401086,0.7375618875656469
2000-01-05 08:15:00.000000000,1042,Alicia,-0.057249933660921126,0.46310746308552697
2000-01-05 10:00:00.000000000,1023,Alicia,-0.5975960867441514,0.24611805665280273
2000-01-05 10:15:00.000000000,1000,Alicia,0.9519150531298486,0.3291685180248045
2000-01-05 11:00:00.000000000,999,Alicia,0.4523752831416685,0.7456705927500247
2000-01-05 15:45:00.000000000,998,Alicia,0.5523342708057504,-0.5486917853709292
2000-01-05 16:15:00.000000000,1043,Alicia,-0.7054096300196244,0.07237257829433985
2000-01-05 17:30:00.000000000,1000,Alicia,-0.11493043939594183,0.7349496545291792
2000-01-05 19:15:00.000000000,1018,Alicia,-0.569667552584668,-0.6032790061903897
2000-01-05 19:30:00.000000000,1010,Alicia,-0.48563323890675525,0.08821878816436413
2000-01-05 20:15:00.000000000,1019,Alicia,-0.03066126030011551,-0.33816034406176665
2000-01-06 01:45:00.000000000,1006,Alicia,-0.06502044311997923,-0.12955436510930696
2000-01-06 02:00:00.000000000,1017,Alicia,-0.8050902728585914,0.495019689267167
2000-01-06 04:00:00.000000000,977,Alicia,-0.8956394619506862,0.2619839845558287
2000-01-06 05:30:00.000000000,995,Alicia,-0.24728473002676243,-0.9801613121011907
2000-01-06 05:45:00.000000000,989,Alicia,-0.9926784120398509,0.7666518990345268
2000-01-06 07:45:00.000000000,1052,Alicia,-0.9413328417828313,-0.1886769695511481
2000-01-06 10:00:00.000000000,1006,Alicia,-0.19408759859582547,-0.003767007608742823
2000-01-06 12:15:00.000000000,1071,Alicia,-0.37638528011587535,0.19657904275985838
2000-01-06 12:45:00.000000000,1017,Alicia,-0.39655242161191295,-0.6262052240578346
2000-01-06 13:00:00.000000000,1026,Alicia,0.9890437371267058,-0.13776927223658086
2000-01-06 14:45:00.000000000,1037,Alicia,-0.3699889019492528,0.9689753162796133
2000-01-06 15:30:00.000000000,987,Alicia,-0.5473742716240018,-0.7007397428848334
2000-01-07 00:15:00.000000000,1022,Alicia,0.42857465874508227,0.2319973559458337
2000-01-07 01:15:00.000000000,985,Alicia,-0.49688500845666894,-0.6589273126957345
2000-01-07 01:30:00.000000000,990,Alicia,0.5426605326028873,-0.9581674995804603
2000-01-07 08:00:00.000000000,972,Alicia,-0.3684504929616237,-0.22003728560097047
2000-01-07 08:30:00.000000000,998,Alicia,0.5511002471843698,0.9641792820532629
2000-01-07 09:00:00.000000000,969,Alicia,0.020158469103192855,0.3414936613455717
2000-01-07 10:00:00.000000000,999,Alicia,-0.7267618568937537,-0.26565736751144553
2000-01-07 10:45:00.000000000,1015,Alicia,0.7886535677031514,0.17102935251156848
2000-01-07 11:00:00.000000000,959,Alicia,-0.12767218191712404,-0.5677686758968004
2000-01-07 11:30:00.000000000,1056,Alicia,-0.8026339098064246,0.5516721731634615
2000-01-07 12:00:00.000000000,983,Alicia,-0.9277154881698704,-0.23893981450468327
2000-01-07 13:45:00.000000000,1040,Alicia,-0.3680804262961854,0.9541131508271137
2000-01-07 19:00:00.000000000,1030,Alicia,-0.8286611625058757,0.5167810672196489
2000-01-07 20:15:00.000000000,989,Alicia,0.48240019397801803,-0.17964017760335338
2000-01-07 22:30:00.000000000,963,Alicia,0.7954399607323914,0.997116092849657
2000-01-08 03:15:00.000000000,981,Alicia,0.3654792706519008,-0.13063226700605912
2000-01-08 04:00:00.000000000,973,Alicia,0.29349137698581096,0.9306501732298598
2000-01-08 05:00:00.000000000,983,Alicia,0.22455345845858088,0.5236597481810352
2000-01-08 06:45:00.000000000,1042,Alicia,-0.24252263120996842,-0.44246065625276443
2000-01-08 08:15:00.000000000,999,Alicia,0.9761720999331231,-0.6433571379165499
2000-01-08 10:30:00.000000000,1046,Alicia,-0.9195753417762593,0.11642282544959759
2000-01-08 12:00:00.000000000,1013,Alicia,-0.36830818729832515,0.17308551616494716
2000-01-08 13:15:00.000000000,981,Alicia,0.41302527696558955,-0.9124247498391642
2000-01-08 16:45:00.000000000,1010,Alicia,0.956355051851419,-0.8955960621645727
2000-01-08 18:15:00.000000000,919,Alicia,-0.5230075430844807,-0.6696174651964064
2000-01-08 22:15:00.000000000,1024,Alicia,0.18750434035538466,-0.9235191669969907
2000-01-08 23:00:00.000000000,1045,Alicia,0.20135369094285527,-0.6734419966625493
2000-01-09 00:45:00.000000000,1019,Alicia,0.08021087617132205,0.0955627940799868
2000-01-09 01:45:00.000000000,1044,Alicia,0.5836233708763137,-0.2925690962351659
2000-01-09 02:30:00.000000000,1039,Alicia,0.3475552398082924,0.6993159298192264
2000-01-09 03:30:00.000000000,1041,Alicia,0.6821342450220729,-0.5128155096062594
2000-01-09 05:00:00.000000000,982,Alicia,-0.4364783364318081,0.0916879030965474
2000-01-09 08:00:00.000000000,977,Alicia,-0.5599160435230688,-0.47083724337005717
2000-01-09 14:00:00.000000000,1023,Alicia,0.7060489364339775,-0.8538460021035525
2000-01-09 16:30:00.000000000,1010,Alicia,-0.062079806388070535,0.1670752918815832
2000-01-09 18:45:00.000000000,1020,Alicia,-0.9832758456067912,-0.7604066664592715
2000-01-09 19:00:00.000000000,1060,Alicia,-0.5310452457308259,0.6184354868742996
2000-01-09 20:45:00.000000000,1048,Alicia,-0.2286526765696657,-0.8194318302059316
2000-01-09 21:00:00.000000000,1023,Alicia,0.7772738503258809,0.2827442175047752
2000-01-09 21:15:00.000000000,1035,Alicia,-0.6462590185029669,-0.9136458343947869
2000-01-09 21:30:00.000000000,1033,Alicia,0.04514029041546941,-0.324270432088579
2000-01-09 22:30:00.000000000,1007,Alicia,0.26198910959257393,-0.9817170852025732
2000-01-10 02:30:00.000000000,986,Alicia,0.19262326847891287,-0.5688407095371963
2000-01-10 03:00:00.000000000,996,Alicia,-0.6566694711119636,0.8593099255845409
2000-01-10 04:30:00.000000000,1009,Alicia,0.25183082300721793,-0.5935296015243801
2000-01-10 04:45:00.000000000,993,Alicia,0.2635566475445421,-0.8797409741438946
2000-01-10 06:00:00.000000000,988,Alicia,0.3382222145379259,-0.2290331507107799
2000-01-10 06:15:00.000000000,965,Alicia,0.6032347342361002,0.18340644958678842
2000-01-10 06:30:00.000000000,948,Alicia,-0.8271230177281976,-0.885222166010734
2000-01-10 08:30:00.000000000,1067,Alicia,0.2703357661100825,0.2652299442731727
2000-01-10 09:45:00.000000000,992,Alicia,0.8108168774014313,-0.9856738952606137
2000-01-10 12:15:00.000000000,1014,Alicia,0.29719893963523636,0.6957655470513076
2000-01-10 14:15:00.000000000,1022,Alicia,-0.7422026540982678,0.12423265359863356
2000-01-10 14:30:00.000000000,983,Alicia,0.889477139454135,0.33591234634174216
2000-01-10 16:45:00.000000000,960,Alicia,0.7697252577468028,0.5548532967451656
2000-01-10 17:00:00.000000000,1022,Alicia,-0.5243322100373686,0.7017088807065497
2000-01-10 17:15:00.000000000,1002,Alicia,0.1467056270541396,-0.02222446972893488
2000-01-10 20:30:00.000000000,958,Alicia,0.7076913641005738,0.07074270532833227
2000-01-10 21:30:00.000000000,1033,Alicia,0.4473407244639951,0.3261514974888531
2000-01-10 23:00:00.000000000,991,Alicia,-0.912274849669598,-0.7211958545303423
2000-01-10 23:15:00.000000000,1021,Alicia,0.057398619346652024,0.3517138200412231
2000-01-11 00:30:00.000000000,992,Alicia,-0.5296225358184945,-0.7556349374807254
2000-01-11 00:45:00.000000000,1027,Alicia,0.32107992083859616,0.48586182808442047
2000-01-11 02:00:00.000000000,1011,Alicia,-0.878288565550325,0.23194148555745953
2000-01-11 03:00:00.000000000,950,Alicia,0.07756168673173769,0.7084872939515465
2000-01-11 03:15:00.000000000,931,Alicia,-0.36591591419486935,-0.16735319557163875
2000-01-11 05:30:00.000000000,966,Alicia,-0.7154187028320638,0.04587331728796418
2000-01-11 05:45:00.000000000,1029,Alicia,0.10207564443586192,0.3357519673464593
2000-01-11 07:00:00.000000000,1062,Alicia,-0.4952656512387972,0.5818397494453025
2000-01-11 09:45:00.000000000,1009,Alicia,-0.5489105669551058,-0.05726960745636189
2000-01-11 11:30:00.000000000,1002,Alicia,-0.17381716294164096,0.655390266237774
2000-01-11 18:30:00.000000000,1002,Alicia,0.8410492493473705,-0.7107748405986247
2000-01-11 20:15:00.000000000,1000,Alicia,0.6887599261105286,0.2772529408854698
2000-01-11 21:00:00.000000000,976,Alicia,-0.6335693443237178,-0.3446084793286024
2000-01-12 02:00:00.000000000,951,Alicia,0.8719453487339535,-0.7599738555283171
2000-01-12 02:45:00.000000000,1019,Alicia,-0.3879017993868732,-0.5131653867503416
2000-01-12 06:45:00.000000000,1030,Alicia,0.2505716997801859,0.19300137157092956
2000-01-12 08:45:00.000000000,1016,Alicia,-0.9705532493912057,-0.4919931595285236
2000-01-12 09:15:00.000000000,1018,Alicia,-0.405051595609754,0.054394992531265896
2000-01-12 09:45:00.000000000,990,Alicia,0.797805037644248,0.47434303097609076
2000-01-12 12:00:00.000000000,977,Alicia,-0.8287030808205638,0.8452501084856969
2000-01-12 15:30:00.000000000,957,Alicia,-0.0031710808213527564,-0.5823473666490622
2000-01-12 16:00:00.000000000,1044,Alicia,-0.9187389681078695,0.7730465561953159
2000-01-12 17:00:00.000000000,970,Alicia,-0.14614039315658145,-0.03723512217292679
2000-01-12 17:15:00.000000000,953,Alicia,-0.8680257535278111,0.3305623810962923
2000-01-12 18:30:00.000000000,950,Alicia,0.2816552361582758,-0.7387411645425603
2000-01-12 19:00:00.000000000,1003,Alicia,0.9334292380322458,-0.21481119949438177
2000-01-12 21:30:00.000000000,1022,Alicia,-0.6787725590870135,0.8641125295613805
2000-01-12 22:15:00.000000000,1003,Alicia,-0.10639402626102834,-0.581235682597413
2000-01-12 22:30:00.000000000,979,Alicia,0.618902547174957,0.7548718850433842
2000-01-12 23:15:00.000000000,1027,Alicia,0.07310830161997539,-0.7082239033238515
2000-01-13 01:15:00.000000000,978,Alicia,0.3112823848322164,-0.6570189378603677
2000-01-13 02:00:00.000000000,995,Alicia,-0.3219701426461352,-0.9568637456241988
2000-01-13 07:15:00.000000000,1004,Alicia,0.3908298204994305,-0.5679774415496521
2000-01-13 08:00:00.000000000,1003,Alicia,0.3186133650532681,-0.6867132108433127
2000-01-13 09:00:00.000000000,1023,Alicia,-0.2570525831088768,-0.5155037225057337
2000-01-13 10:00:00.000000000,1044,Alicia,0.9043237099205306,-0.8758614426486873
2000-01-13 11:00:00.000000000,965,Alicia,-0.5302689621718006,0.19748118587859476
2000-01-13 13:00:00.000000000,1037,Alicia,-0.07238908014182033,0.054471057138252954
2000-01-13 16:45:00.000000000,1018,Alicia,0.8103665007415717,0.7832597377798212
2000-01-13 17:00:00.000000000,973,Alicia,0.3875874270561761,0.4583725573047652
2000-01-13 17:30:00.000000000,990,Alicia,0.21685122177715166,-0.8811802735999332
2000-01-13 18:30:00.000000000,1016,Alicia,0.1530969805156719,0.21946055789917618
2000-01-13 20:30:00.000000000,971,Alicia,0.34272514749250305,0.9175735305042316
2000-01-13 22:00:00.000000000,1018,Alicia,-0.5810012208258772,-0.20059030302555447
2000-01-13 23:45:00.000000000,1035,Alicia,-0.9502455662134235,-0.5913955281161054
2000-01-14 00:00:00.000000000,982,Alicia,0.2343813532028034,0.3844118416423905
2000-01-14 01:45:00.000000000,1004,Alicia,-0.46156356300921564,0.7623764650877112
2000-01-14 02:00:00.000000000,1008,Alicia,-0.12426563587148398,0.8533493626643214
2000-01-14 03:00:00.000000000,986,Alicia,0.612259685918791,-0.5284291637978937
2000-01-14 04:15:00.000000000,1020,Alicia,0.5911173857362677,-0.541390544354764
2000-01-14 04:30:00.000000000,1052,Alicia,0.434020615241566,0.7433804561087758
2000-01-14 07:30:00.000000000,1008,Alicia,0.1862830446188941,0.6559465132859561
2000-01-14 08:30:00.000000000,1024,Alicia,0.9313887397364355,0.8253641441125967
2000-01-14 09:45:00.000000000,1015,Alicia,-0.7994574151200997,0.9626007813493866
2000-01-14 10:00:00.000000000,958,Alicia,-0.9888919820551347,-0.8780792170950253
2000-01-14 11:30:00.000000000,954,Alicia,-0.5009881455279304,-0.4837499183867784
2000-01-14 15:15:00.000000000,992,Alicia,0.966836362267498,-0.3609748526374523
2000-01-14 18:00:00.000000000,923,Alicia,0.1469524013352086,-0.22371907427552107
2000-01-14 20:15:00.000000000,1033,Alicia,-0.526506124586227,0.41266701839161213
2000-01-14 20:45:00.000000000,974,Alicia,0.48470077341466156,-0.20354157733802203
2000-01-14 21:00:00.000000000,995,Alicia,0.5210085266689832,-0.00874083557882721
2000-01-15 02:00:00.000000000,986,Alicia,0.057866463169599314,0.769402869252896
2000-01-15 03:15:00.000000000,1016,Alicia,0.2913462929226902,-0.1859110467696654
2000-01-15 08:45:00.000000000,1038,Alicia,0.8841677948050028,0.34518303404017425
2000-01-15 09:15:00.000000000,969,Alicia,-0.9064746795871179,0.839054391861038
2000-01-15 10:15:00.000000000,985,Alicia,0.13264272570313396,-0.879688281826063
2000-01-15 12:45:00.000000000,971,Alicia,-0.08947353171319916,-0.2034857074839731
2000-01-15 14:15:00.000000000,971,Alicia,-0.016194114884424904,0.9082328788993439
2000-01-15 14:30:00.000000000,929,Alicia,-0.18889309789612185,-0.5270615749901877
2000-01-15 15:30:00.000000000,994,Alicia,-0.11547635040098303,-0.9798275507006466
2000-01-15 16:30:00.000000000,930,Alicia,0.803023033250063,0.7739815540710722
2000-01-15 16:45:00.000000000,982,Alicia,0.7870807508475952,-0.6513868817273416
2000-01-15 17:30:00.000000000,1013,Alicia,-0.21720601568013076,-0.16162771747155302
2000-01-15 18:30:00.000000000,1023,Alicia,-0.007139820885658121,-0.5197938395049495
2000-01-15 19:15:00.000000000,1006,Alicia,-0.615148353424404,0.7873940339440786
2000-01-15 19:30:00.000000000,1001,Alicia,0.8299535746782802,0.2362066414880879
2000-01-15 19:45:00.000000000,1002,Alicia,-0.32986956594413086,0.6353594944221168
2000-01-15 22:30:00.000000000,1018,Alicia,0.981878978916843,0.8922078797481645
2000-01-16 01:15:00.000000000,963,Alicia,-0.45192347721977333,-0.02218259470145556
2000-01-16 02:30:00.000000000,1013,Alicia,0.528762851103294,-0.7939399782126138
2000-01-16 06:00:00.000000000,989,Alicia,-0.7174659118688524,0.6528683414043093
2000-01-16 07:30:00.000000000,974,Alicia,0.5009689657276701,0.5657266215900458
2000-01-16 07:45:00.000000000,984,Alicia,0.7392226247485394,0.4267152191249841
2000-01-16 09:00:00.000000000,1029,Alicia,-0.9525857895778544,0.533401558754496
2000-01-16 09:30:00.000000000,996,Alicia,0.3787150380477655,-0.9190170152936521
2000-01-16 10:15:00.000000000,1019,Alicia,0.9115549931964746,0.4319212207710188
2000-01-16 11:30:00.000000000,987,Alicia,0.1933088083625878,0.13510658940681664
2000-01-16 13:45:00.000000000,1036,Alicia,0.9947743406338645,-0.5947640818232727
2000-01-16 16:00:00.000000000,990,Alicia,-0.11197444814415025,-0.6010610315048999
2000-01-16 17:30:00.000000000,998,Alicia,0.8869093115911757,-0.7610745439470095
2000-01-16 18:00:00.000000000,990,Alicia,-0.8781823256160579,-0.40834903684660806
2000-01-16 18:15:00.000000000,995,Alicia,-0.7405885350797006,0.5192432061479295
2000-01-16 18:30:00.000000000,1024,Alicia,0.6166784145400679,0.876231535529965
2000-01-16 21:00:00.000000000,1025,Alicia,0.09207462700443836,-0.12463440203441145
2000-01-16 22:45:00.000000000,1007,Alicia,-0.045100620106994116,0.03134036692860187
2000-01-17 05:00:00.000000000,1000,Alicia,-0.6712727084220467,-0.3997463846681635
2000-01-17 05:15:00.000000000,1004,Alicia,-0.7051460907982607,-0.38209726520042664
2000-01-17 05:45:00.000000000,1007,Alicia,-0.09968957973206094,-0.3557620024983086
2000-01-17 06:15:00.000000000,1013,Alicia,-0.5586898365086201,0.29312174962866333
2000-01-17 07:15:00.000000000,973,Alicia,0.6924292825514164,0.0474867718804588
2000-01-17 09:00:00.000000000,1042,Alicia,-0.276539081171602,-0.027603104112257082
2000-01-17 10:30:00.000000000,949,Alicia,-0.3676243838153572,0.9458325582664868
2000-01-17 11:15:00.000000000,990,Alicia,0.19228464270510282,-0.6608571459852628
2000-01-17 11:30:00.000000000,1007,Alicia,0.12978212155035473,0.24017476426161943
2000-01-17 12:15:00.000000000,1015,Alicia,0.4829661926873767,0.5819365768573463
2000-01-17 13:30:00.000000000,1047,Alicia,-0.0006908047364115877,0.6728092451879217
2000-01-17 14:00:00.000000000,1040,Alicia,0.20008298727448381,0.8525904447142116
2000-01-17 14:30:00.000000000,1017,Alicia,-0.4575023095860671,-0.6635135829152592
2000-01-17 14:45:00.000000000,1003,Alicia,-0.03965777515313551,0.5068438922463336
2000-01-17 16:15:00.000000000,1068,Alicia,-0.1187641935303132,-0.3866499472237446
2000-01-17 16:45:00.000000000,1035,Alicia,-0.09576592255447136,0.8612499603665589
2000-01-17 18:00:00.000000000,1008,Alicia,0.690784935198689,0.5242107467660544
2000-01-17 19:00:00.000000000,957,Alicia,0.023466058951157276,-0.7386422108453938
2000-01-17 20:00:00.000000000,982,Alicia,-0.31080152095016267,0.13004777597731665
2000-01-17 22:30:00.000000000,952,Alicia,-0.07113153408967987,0.5117268873263858
2000-01-18 02:30:00.000000000,961,Alicia,-0.3871085813089279,0.5331097754669731
2000-01-18 03:00:00.000000000,982,Alicia,-0.39791934113281746,-0.6947264161409938
2000-01-18 03:15:00.000000000,972,Alicia,0.9888611610547342,0.8421853824756238
2000-01-18 04:30:00.000000000,994,Alicia,0.3720134213336841,0.15038280697042805
2000-01-18 04:45:00.000000000,1036,Alicia,-0.9126696402486778,-0.6833674527663773
2000-01-18 05:30:00.000000000,998,Alicia,-0.1369313699719834,0.3050055380141561
2000-01-18 06:00:00.000000000,988,Alicia,-0.7233555912235885,-0.4278333995406627
2000-01-18 10:15:00.000000000,963,Alicia,0.9294753498155255,-0.563054828723168
2000-01-18 10:30:00.000000000,1000,Alicia,0.6245920613937856,0.7966611917381534
2000-01-18 10:45:00.000000000,1024,Alicia,0.8489400339132831,-0.6426692628532937
2000-01-18 13:15:00.000000000,1002,Alicia,0.7250073064056686,0.48421108244937483
2000-01-18 13:45:00.000000000,1035,Alicia,0.8746047232474916,-0.5439626378462321
2000-01-18 14:00:00.000000000,995,Alicia,-0.011493603317065615,0.560558402818546
2000-01-18 16:30:00.000000000,980,Alicia,-0.8226099291420177,0.06139891824069332
2000-01-18 17:15:00.000000000,1040,Alicia,-0.42052204681583083,-0.16120063801173412
2000-01-18 19:15:00.000000000,1007,Alicia,0.0965904678336027,0.14144537845801475
2000-01-18 23:30:00.000000000,997,Alicia,-0.6728951153734595,-0.04051091909315785
2000-01-19 02:30:00.000000000,972,Alicia,-0.5666766625415833,0.3006338343081578
2000-01-19 02:45:00.000000000,994,Alicia,-0.19558796211858942,0.5572432222131078
2000-01-19 03:30:00.000000000,1039,Alicia,0.10188852635161272,-0.15164802681414447
2000-01-19 04:00:00.000000000,973,Alicia,0.4013382192208652,-0.38440440585687874
2000-01-19 07:15:00.000000000,1008,Alicia,0.27000972689749014,0.1626286455632
2000-01-19 07:45:00.000000000,1040,Alicia,-0.07590973462902517,0.10669943005283145
2000-01-19 09:45:00.000000000,958,Alicia,0.17171177537270066,-0.6973421873779377
2000-01-19 13:15:00.000000000,956,Alicia,-0.010809255520993766,0.3772389344802387
2000-01-19 15:00:00.000000000,1027,Alicia,0.7811182446449396,0.16011426281851837
2000-01-19 17:30:00.000000000,993,Alicia,-0.15588639785130787,0.22876299281280676
2000-01-19 18:00:00.000000000,990,Alicia,0.10094569448905788,0.04452481844004219
2000-01-19 20:00:00.000000000,992,Alicia,-0.4930473354057261,-0.5251725766814537
2000-01-19 21:00:00.000000000,973,Alicia,-0.7852802153993006,0.2559918737721647
2000-01-19 21:30:00.000000000,1000,Alicia,0.26177389077674706,-0.6959615421110823
2000-01-19 23:45:00.000000000,968,Alicia,-0.7128598869790719,0.07007388754012078
2000-01-20 00:30:00.000000000,941,Alicia,-0.19753330737121289,-0.5127901627364062
2000-01-20 02:00:00.000000000,1002,Alicia,-0.9720831872239168,0.9999896404317636
2000-01-20 07:00:00.000000000,1018,Alicia,-0.6500854579498496,-0.9938959975776414
2000-01-20 07:15:00.000000000,973,Alicia,-0.02215535276440428,-0.23368985311446533
2000-01-20 07:30:00.000000000,971,Alicia,-0.028034264885925753,-0.7773547634364262
2000-01-20 09:15:00.000000000,982,Alicia,-0.17704281240577324,0.13834823684781994
2000-01-20 10:45:00.000000000,987,Alicia,0.10448734340965693,0.8007767239181529
2000-01-20 12:45:00.000000000,1000,Alicia,-0.7508921434887486,-0.3969618017618268
2000-01-20 15:30:00.000000000,948,Alicia,-0.8701679711130419,0.11401224859177561
2000-01-20 15:45:00.000000000,1025,Alicia,-0.6014910443706583,-0.6780698972626185
2000-01-20 17:15:00.000000000,997,Alicia,0.0605884107832817,-0.2706998668160041
2000-01-20 17:30:00.000000000,1036,Alicia,0.30340947616966574,0.1424493323689504
2000-01-20 18:45:00.000000000,989,Alicia,0.7867250027851116,0.3115477471705752
2000-01-20 19:00:00.000000000,1017,Alicia,0.85310417316222,0.813613817374226
2000-01-20 20:00:00.000000000,989,Alicia,-0.31165809671905675,-0.9585970541734234
2000-01-21 00:45:00.000000000,972,Alicia,-0.9743954914397492,-0.5929331141706184
2000-01-21 02:00:00.000000000,1009,Alicia,-0.739679048087486,0.9219804958416193
2000-01-21 03:00:00.000000000,1003,Alicia,-0.8872328913785208,-0.2165614275145289
2000-01-21 03:15:00.000000000,1007,Alicia,-0.4283855780999104,-0.7618133303955257
2000-01-21 06:15:00.000000000,986,Alicia,0.16411515217141326,0.8894882962432091
2000-01-21 10:30:00.000000000,961,Alicia,0.5503993349835283,-0.013904201709268982
2000-01-21 10:45:00.000000000,957,Alicia,0.7264851015481149,-0.7495781545779898
2000-01-21 11:45:00.000000000,1008,Alicia,-0.3760193003053436,0.18200233893536577
2000-01-21 13:00:00.000000000,1031,Alicia,0.39354735889385783,-0.2349983164263325
2000-01-21 14:00:00.000000000,1001,Alicia,0.055965479727682066,-0.4708616441663085
2000-01-21 16:30:00.000000000,1057,Alicia,0.34208643598075583,0.558899861895539
2000-01-21 22:15:00.000000000,999,Alicia,-0.32644680645381463,0.270256019665988
2000-01-22 02:00:00.000000000,999,Alicia,-0.10343016527887983,0.3727096308511879
2000-01-22 02:45:00.000000000,1042,Alicia,0.13603943793814866,-0.026077110022276084
2000-01-22 04:45:00.000000000,1023,Alicia,-0.9656322736074454,-0.8838022158691217
2000-01-22 06:00:00.000000000,967,Alicia,0.7843776408010554,-0.39266567802847185
2000-01-22 09:30:00.000000000,1021,Alicia,-0.912830068784573,0.9110179924651813
2000-01-22 11:30:00.000000000,1050,Alicia,-0.23334550344614136,0.24165797830463132
2000-01-22 13:00:00.000000000,973,Alicia,0.49845592786581583,0.18075656732258194
2000-01-22 13:15:00.000000000,1033,Alicia,-0.11254764256095773,-0.6847359718150015
2000-01-22 14:15:00.000000000,1028,Alicia,-0.8844411469600626,-0.648172640553824
2000-01-22 22:45:00.000000000,1028,Alicia,-0.5478178395305335,0.064931138210514
2000-01-22 23:15:00.000000000,1081,Alicia,0.8144816204417773,-0.14221824944958006
2000-01-23 00:45:00.000000000,1013,Alicia,0.7842123419026743,-0.7128034013455335
2000-01-23 01:45:00.000000000,993,Alicia,-0.3616791011472047,-0.7709638923687072
2000-01-23 03:30:00.000000000,986,Alicia,0.5298128840528322,0.0523197248974725
2000-01-23 04:00:00.000000000,940,Alicia,-0.16109106356958347,0.4227856556434486
2000-01-23 06:15:00.000000000,1034,Alicia,0.2237199270232464,-0.7633831875122972
2000-01-23 07:15:00.000000000,983,Alicia,-0.672251548313898,-0.6260116554507271
2000-01-23 07:30:00.000000000,1015,Alicia,-0.03309706541685298,-0.05724565133775861
2000-01-23 11:15:00.000000000,998,Alicia,0.26763914518797294,0.8481957781205454
2000-01-23 13:00:00.000000000,996,Alicia,0.8650976894412306,0.93105583136741
2000-01-23 15:30:00.000000000,972,Alicia,0.8304147780021667,-0.26733702944074
2000-01-23 19:15:00.000000000,938,Alicia,0.5822286471512526,-0.564523248130705
2000-01-23 20:45:00.000000000,967,Alicia,0.15850473788391883,0.21952253496850305
2000-01-23 21:00:00.000000000,976,Alicia,0.0861985228455715,-0.9636528891181397
2000-01-23 21:15:00.000000000,1009,Alicia,0.5360773755656048,0.07735923922178145
2000-01-24 01:30:00.000000000,980,Alicia,-0.2878113707574772,0.7511043151170307
2000-01-24 01:45:00.000000000,1013,Alicia,0.5291224378837203,0.4233494351215026
2000-01-24 02:15:00.000000000,968,Alicia,-0.003408863757545344,0.30685921730768406
2000-01-24 05:15:00.000000000,1021,Alicia,0.9350080042174702,0.3420519279630696
2000-01-24 07:45:00.000000000,988,Alicia,-0.284684113460814,-0.787945270233521
2000-01-24 10:30:00.000000000,1045,Alicia,-0.4637200227044731,-0.4310755969489395
2000-01-24 12:00:00.000000000,1012,Alicia,-0.5504447662462202,0.7331022589068987
2000-01-24 12:30:00.000000000,1091,Alicia,-0.009887811837313798,0.23113268700112388
2000-01-24 15:45:00.000000000,993,Alicia,0.4019592269390788,0.09141965496523552
2000-01-24 17:15:00.000000000,986,Alicia,-0.8679292882978948,0.20013605207086393
2000-01-24 18:30:00.000000000,976,Alicia,-0.12238128817088767,-0.5364042747724975
2000-01-24 19:30:00.000000000,975,Alicia,0.34418178537025423,-0.8404425128424624
2000-01-24 21:00:00.000000000,987,Alicia,0.9991102063614534,-0.8054218759102401
2000-01-24 22:00:00.000000000,967,Alicia,0.8670543834020485,-0.8479109988985098
2000-01-24 23:45:00.000000000,1023,Alicia,-0.1391464323992604,0.10831392397316231
2000-01-25 01:15:00.000000000,1042,Alicia,0.7000675815187634,-0.8934162907671794
2000-01-25 02:15:00.000000000,1024,Alicia,0.9957969974662941,-0.5066367065443993
2000-01-25 03:15:00.000000000,1005,Alicia,0.33284874648721297,0.021148810037548094
2000-01-25 05:30:00.000000000,1003,Alicia,0.5317388286798945,0.2894839078073752
2000-01-25 06:45:00.000000000,1020,Alicia,-0.7702479857420639,0.7748430247301226
2000-01-25 07:45:00.000000000,1007,Alicia,0.2486019247134068,0.6460327590191326
2000-01-25 10:45:00.000000000,1047,Alicia,0.11631532938514466,-0.5082029452836176
2000-01-25 11:00:00.000000000,958,Alicia,0.29354258884726403,-0.6371136405630338
2000-01-25 14:15:00.000000000,979,Alicia,-0.5995704102002168,0.15922382894509624
2000-01-25 15:15:00.000000000,955,Alicia,0.7488143266025897,0.31916711586064217
2000-01-25 17:30:00.000000000,1030,Alicia,-0.6922931237371692,-0.3530603671885224
2000-01-25 18:45:00.000000000,1023,Alicia,0.548268173146943,0.3802305791260583
2000-01-25 20:15:00.000000000,994,Alicia,0.3246117016068626,-0.726214060647991
2000-01-25 21:15:00.000000000,990,Alicia,-0.25378313330555824,0.1341847811997321
2000-01-26 01:45:00.000000000,1000,Alicia,-0.5182000015467112,-0.4806716496888588
2000-01-26 03:30:00.000000000,1047,Alicia,0.5076784834498584,-0.4428137035479265
2000-01-26 04:30:00.000000000,1036,Alicia,0.2077886167018732,-0.9071927231199886
2000-01-26 05:00:00.000000000,985,Alicia,-0.5240695807217353,-0.012379712093718576
2000-01-26 09:30:00.000000000,1000,Alicia,-0.8442125205401314,0.7129268425597663
2000-01-26 10:15:00.000000000,1029,Alicia,-0.5018677257932003,-0.4688187392383847
2000-01-26 11:15:00.000000000,965,Alicia,0.6998780611006432,-0.9941747340457525
2000-01-26 12:45:00.000000000,1018,Alicia,0.5770353125950325,-0.2517732252765297
2000-01-26 15:00:00.000000000,974,Alicia,0.7210719827624388,-0.3938126113229552
2000-01-26 16:00:00.000000000,1019,Alicia,-0.9981482819299159,-0.8940795662611078
2000-01-26 16:15:00.000000000,1055,Alicia,0.8901325016277997,-0.42942318293376425
2000-01-26 16:45:00.000000000,1061,Alicia,0.8320963922496682,0.8437267109067026
2000-01-26 19:15:00.000000000,1030,Alicia,-0.7062894449641812,-0.44485788688449523
2000-01-26 20:00:00.000000000,1004,Alicia,0.019898678579763907,0.6801508964805023
2000-01-26 20:30:00.000000000,988,Alicia,0.6771635312665585,0.21438462597463115
2000-01-26 23:00:00.000000000,996,Alicia,0.557579476179493,-0.17432503174028247
2000-01-27 01:00:00.000000000,1033,Alicia,0.495187229818846,-0.5226350813565148
2000-01-27 01:15:00.000000000,1014,Alicia,0.5225425762761544,0.10588490358739722
2000-01-27 03:00:00.000000000,1026,Alicia,0.896598045144801,-0.11835584556553425
2000-01-27 04:30:00.000000000,1028,Alicia,0.10485805438254658,0.8338342347813616
2000-01-27 04:45:00.000000000,1031,Alicia,-0.05559265459343843,-0.09111518648100825
2000-01-27 05:00:00.000000000,1043,Alicia,-0.2833943001200525,-0.48147858628344387
2000-01-27 06:00:00.000000000,1033,Alicia,-0.3217525449427727,0.27071450504039296
2000-01-27 06:30:00.000000000,1000,Alicia,-0.011700193252414337,-0.3698939344154737
2000-01-27 11:00:00.000000000,1087,Alicia,-0.1386506737226838,-0.8993105232248262
2000-01-27 11:15:00.000000000,996,Alicia,0.8239626744825883,0.5569045393062995
2000-01-27 14:00:00.000000000,1025,Alicia,-0.11113694935424445,-0.18526728852709162
2000-01-27 16:45:00.000000000,1020,Alicia,0.04394815543626329,-0.7911613517724752
2000-01-27 19:15:00.000000000,1021,Alicia,-0.12911645360916513,0.11467265615633182
2000-01-27 19:45:00.000000000,1037,Alicia,0.8038587656135128,-0.2815344706766272
2000-01-27 20:15:00.000000000,1023,Alicia,-0.4658983294829342,-0.1600793208451754
2000-01-27 20:45:00.000000000,1010,Alicia,0.3744039401441721,0.3116067237983049
2000-01-27 22:00:00.000000000,1003,Alicia,-0.6054848922823874,-0.8859079717077449
2000-01-28 00:45:00.000000000,964,Alicia,-0.2583091903145176,-0.6582009925510259
2000-01-28 01:30:00.000000000,1007,Alicia,0.6698740097179838,-0.09146983715185164
2000-01-28 02:45:00.000000000,1032,Alicia,0.5892546623644017,-0.5218639770918585
2000-01-28 07:45:00.000000000,1009,Alicia,-0.8768083835134339,0.35107959187415094
2000-01-28 08:45:00.000000000,1032,Alicia,-0.2743009615406231,0.1302006084028211
2000-01-28 14:15:00.000000000,977,Alicia,-0.17724313195305808,0.2870952762260195
2000-01-28 15:15:00.000000000,996,Alicia,0.24113037140890836,-0.8190184301994208
2000-01-28 16:00:00.000000000,995,Alicia,0.13776495219836793,0.22100007696326718
2000-01-28 19:30:00.000000000,991,Alicia,-0.6223724547431277,0.6115691295748671
2000-01-28 21:00:00.000000000,1016,Alicia,0.24201114431108617,-0.22346862868919937
2000-01-29 00:00:00.000000000,1009,Alicia,0.3491750196160166,0.8255664747290985
2000-01-29 00:30:00.000000000,1013,Alicia,0.11037202119137013,-0.12307495167864535
2000-01-29 00:45:00.000000000,995,Alicia,0.046021758919418065,0.18631511872812823
2000-01-29 01:15:00.000000000,1014,Alicia,0.11311102308549192,-0.9708591666506219
2000-01-29 04:45:00.000000000,995,Alicia,0.03614957383476303,-0.13754914757264025
2000-01-29 07:45:00.000000000,948,Alicia,0.39527945241583784,-0.017033564258160938
2000-01-29 08:00:00.000000000,1012,Alicia,0.893650565178175,-0.8913307952911369
2000-01-29 10:15:00.000000000,1035,Alicia,-0.704667139464386,-0.8396417466421671
2000-01-29 10:30:00.000000000,1052,Alicia,0.601575065503035,-0.19420700024240567
2000-01-29 15:45:00.000000000,1025,Alicia,0.4217127872939699,0.24894160963356127
2000-01-29 19:30:00.000000000,1025,Alicia,-0.9799771620214079,-0.28284203823192433
2000-01-29 22:45:00.000000000,1010,Alicia,-0.39854888975913383,0.22983886719354896
2000-01-30 00:15:00.000000000,981,Alicia,0.5152116631745591,0.43350720711624513
2000-01-30 01:00:00.000000000,1045,Alicia,0.6072495771773787,-0.5268373298505384
2000-01-30 01:45:00.000000000,1035,Alicia,-0.41143794094011277,-0.05379633856028976
2000-01-30 02:45:00.000000000,1052,Alicia,0.5220839723629485,-0.11017760158645173
2000-01-30 05:30:00.000000000,1015,Alicia,0.778616366375668,0.2669580826008202
2000-01-30 12:00:00.000000000,933,Alicia,-0.5144492596243935,-0.8071700785896234
2000-01-30 14:15:00.000000000,979,Alicia,0.8856523163585959,0.740467115992216
2000-01-30 15:30:00.000000000,1041,Alicia,0.16820620977013956,0.9797287052341708
2000-01-30 16:00:00.000000000,972,Alicia,0.25556980057698175,-0.10834445418222205
2000-01-30 17:15:00.000000000,984,Alicia,0.18108242783667605,-0.7301137356018343
2000-01-30 18:00:00.000000000,1035,Alicia,0.5346279438247368,-0.4165725095704351
2000-01-30 20:15:00.000000000,1011,Alicia,0.9111028993741737,0.3548277441631911
2000-01-30 22:30:00.000000000,988,Alicia,0.32424741789048817,0.2230756278977668
2000-01-31 01:15:00.000000000,979,Alicia,-0.8281723269850849,-0.5259159697666247
2000-01-31 01:30:00.000000000,985,Alicia,0.5035459275349534,0.7322050391934605
2000-01-31 03:30:00.000000000,1006,Alicia,0.4985029522962827,0.030095178118178856
2000-01-31 04:00:00.000000000,966,Alicia,0.347856409810128,-0.6389468365922084
2000-01-31 04:45:00.000000000,1009,Alicia,0.4688058264407866,-0.4289308349522831
2000-01-31 06:15:00.000000000,1016,Alicia,0.7911315709467934,-0.9144323718565956
2000-01-31 09:00:00.000000000,982,Alicia,-0.28219257886958515,0.9141059823492415
2000-01-31 09:30:00.000000000,980,Alicia,-0.14026086622762812,-0.8999452654014131
2000-01-31 10:30:00.000000000,943,Alicia,-0.21479719085791693,-0.06831791218217464
2000-01-31 11:00:00.000000000,952,Alicia,-0.45612061393220693,0.17340569316318288
2000-01-31 12:00:00.000000000,985,Alicia,0.9859168373287437,0.21165253308255494
2000-01-31 13:15:00.000000000,1029,Alicia,0.5431750642421835,-0.30507872911745304
2000-01-31 14:15:00.000000000,996,Alicia,0.5830754150021751,0.3892702891429778
2000-01-31 14:30:00.000000000,1001,Alicia,-0.6541786759445343,0.45030015697549586
2000-01-31 16:00:00.000000000,970,Alicia,-0.8947839445357226,0.06818052927544382
2000-01-31 16:30:00.000000000,1001,Alicia,0.17968772487884221,-0.4698795084672531
2000-01-31 17:45:00.000000000,993,Alicia,-0.09941360478085515,-0.857873822464035
2000-01-31 18:15:00.000000000,998,Alicia,0.38581310495868815,0.7751043044498134
2000-01-31 18:45:00.000000000,1007,Alicia,-0.5997701301669693,-0.6885232958816703
2000-01-31 20:30:00.000000000,1014,Alicia,-0.8935291828737388,-0.039485254159824734
2000-01-31 21:30:00.000000000,984,Alicia,-0.6461971404032729,0.6442632982232113
2000-02-01 05:30:00.000000000,1035,Alicia,0.3426745850715496,0.6445153417360869
2000-02-01 06:15:00.000000000,1000,Alicia,0.670031915736776,0.4002423217427271
2000-02-01 06:30:00.000000000,1032,Alicia,-0.15754697221063751,0.028808193402105164
2000-02-01 06:45:00.000000000,1023,Alicia,-0.2532251307631683,-0.08424311497689874
2000-02-01 09:00:00.000000000,1056,Alicia,-0.4227592796981794,-0.217135717586052
2000-02-01 10:45:00.000000000,992,Alicia,0.2306596017235718,0.6375300038432448
2000-02-01 12:00:00.000000000,1031,Alicia,-0.8093154823445077,0.8287708037227361
2000-02-01 13:30:00.000000000,969,Alicia,-0.90909269713862,0.28425675440797216
2000-02-01 16:30:00.000000000,998,Alicia,-0.7243114229107821,0.2509846677915366
2000-02-01 19:15:00.000000000,996,Alicia,0.750334106297009,-0.556718997874913
2000-02-01 19:30:00.000000000,1040,Alicia,-0.07407611346558074,0.8934676683205658
2000-02-01 20:30:00.000000000,1040,Alicia,-0.08544221813525366,-0.18235356272854863
2000-02-02 00:15:00.000000000,964,Alicia,-0.49610652591215176,0.23670777803744603
2000-02-02 02:15:00.000000000,1019,Alicia,0.06708922681151197,-0.05961693047204086
2000-02-02 03:45:00.000000000,955,Alicia,-0.3019877312301502,0.3117740772545954
2000-02-02 04:30:00.000000000,931,Alicia,0.2850152750008821,-0.47713798393606255
2000-02-02 06:45:00.000000000,973,Alicia,-0.8271984045476872,-0.49115120379924093
2000-02-02 07:15:00.000000000,997,Alicia,0.2059537425240483,0.1508937938438102
2000-02-02 08:45:00.000000000,1024,Alicia,-0.9255619551608953,-0.470977528226344
2000-02-02 11:00:00.000000000,984,Alicia,0.644698090070768,0.9129619312069694
2000-02-02 11:45:00.000000000,1012,Alicia,-0.08529571988941376,0.8970219742945649
2000-02-02 13:00:00.000000000,989,Alicia,-0.8139572663444874,0.2674634844514383
2000-02-02 13:30:00.000000000,961,Alicia,-0.1379620755363986,0.7605178300349684
2000-02-02 17:30:00.000000000,925,Alicia,-0.5175645370351947,0.7358788824553479
2000-02-02 18:45:00.000000000,1027,Alicia,-0.2653460874948015,-0.4948849479398363
2000-02-02 20:00:00.000000000,1045,Alicia,-0.6951579227534552,-0.2718302866554785
2000-02-02 22:30:00.000000000,1019,Alicia,-0.06154619669114325,-0.8547990508490639
2000-02-02 23:15:00.000000000,1026,Alicia,0.2826499397172222,-0.494655223466018
2000-02-02 23:30:00.000000000,1014,Alicia,-0.998529217887759,0.009417087517291867
2000-02-03 00:00:00.000000000,971,Alicia,0.8924548287817058,0.45123464245184186
2000-02-03 00:45:00.000000000,965,Alicia,-0.5467305392356336,0.38832252475687046
2000-02-03 01:15:00.000000000,1003,Alicia,-0.8615218949196433,-0.22570981915017496
2000-02-03 04:15:00.000000000,946,Alicia,0.23287041245627216,0.5046211317128624
2000-02-03 06:45:00.000000000,991,Alicia,0.8669307324587838,0.71351207441681
2000-02-03 07:45:00.000000000,1004,Alicia,0.7398708520258548,0.7625204205585587
2000-02-03 09:30:00.000000000,1029,Alicia,-0.4037219536146952,0.8412912960873025
2000-02-03 12:15:00.000000000,969,Alicia,0.35036877962290935,-0.1407732786508391
2000-02-03 13:30:00.000000000,995,Alicia,0.6567205191463452,0.24851796046461616
2000-02-03 13:45:00.000000000,1029,Alicia,0.7387378662289221,-0.42420112384643915
2000-02-03 14:00:00.000000000,975,Alicia,0.23365605923116095,0.05451299365742246
2000-02-03 15:45:00.000000000,966,Alicia,-0.5467666959406852,0.9553048630412235
2000-02-03 16:30:00.000000000,988,Alicia,0.7129356764168804,0.9059856511925977
2000-02-03 23:30:00.000000000,970,Alicia,-0.7832660049256703,0.7488671157544913
2000-02-04 01:15:00.000000000,1009,Alicia,-0.21204338579797377,-0.8489397623282948
2000-02-04 01:30:00.000000000,1008,Alicia,-0.8980077007026259,-0.1601112996022478
2000-02-04 02:45:00.000000000,1000,Alicia,0.7709287319601938,-0.28424948381112447
2000-02-04 03:00:00.000000000,997,Alicia,-0.7256839002761173,-0.4632345353572904
2000-02-04 04:30:00.000000000,990,Alicia,0.9498905177096533,0.5192678081040494
2000-02-04 07:30:00.000000000,1015,Alicia,0.7011834443242835,-0.07217162584909809
2000-02-04 08:15:00.000000000,1033,Alicia,0.9659050213086238,-0.64862952309812
2000-02-04 14:15:00.000000000,1011,Alicia,-0.8073013126686333,-0.6235638257789038
2000-02-04 15:00:00.000000000,1026,Alicia,-0.46815602858368877,0.28145967434743513
2000-02-04 15:15:00.000000000,1000,Alicia,0.2682037899628906,0.6701931528715039
2000-02-04 16:00:00.000000000,1045,Alicia,0.565608614471862,-0.25581429073022877
2000-02-04 18:30:00.000000000,921,Alicia,0.15378460727879295,-0.7480490020580286
2000-02-04 23:45:00.000000000,1009,Alicia,-0.20207252299342704,0.21678722511207082
2000-02-05 00:15:00.000000000,974,Alicia,-0.31006035364276663,0.3314657667631695
2000-02-05 00:45:00.000000000,963,Alicia,-0.81433135322178,-0.9851630783015659
2000-02-05 01:30:00.000000000,1003,Alicia,-0.29306236365580896,0.8342854150144938
2000-02-05 02:30:00.000000000,996,Alicia,0.8643078419503385,-0.4470976453738933
2000-02-05 04:00:00.000000000,1035,Alicia,0.08856571941639713,-0.5903032135370445
2000-02-05 05:30:00.000000000,970,Alicia,0.6250136059359124,-0.9814565126431658
2000-02-05 06:45:00.000000000,1014,Alicia,0.8642787559027658,-0.4819600172684606
2000-02-05 07:30:00.000000000,1025,Alicia,0.4298462422117051,0.05372289242278239
2000-02-05 08:15:00.000000000,1029,Alicia,-0.4408729983830777,-0.6413714514378126
2000-02-05 09:30:00.000000000,991,Alicia,-0.6611948463748363,-0.026587788828981163
2000-02-05 10:00:00.000000000,997,Alicia,-0.4829933080585591,-0.7710096071067594
2000-02-05 10:15:00.000000000,1034,Alicia,-0.2713326094643447,-0.021788789554516574
2000-02-05 10:30:00.000000000,967,Alicia,0.7280572975126405,0.6392223940835271
2000-02-05 12:00:00.000000000,1004,Alicia,-0.4986003992910202,-0.5715737539372054
2000-02-05 14:45:00.000000000,1045,Alicia,-0.8491153684709727,-0.9478617223442929
2000-02-05 15:00:00.000000000,987,Alicia,0.333982434008234,-0.9212044002326001
2000-02-05 15:30:00.000000000,1057,Alicia,0.5252620116029874,-0.38619568240729296
2000-02-05 16:45:00.000000000,946,Alicia,0.4926866658386311,-0.7493187673795065
2000-02-05 17:30:00.000000000,1016,Alicia,0.98396890317513,0.6916165248108361
2000-02-05 19:15:00.000000000,940,Alicia,-0.5971818009699406,0.6311176824314915
2000-02-05 21:15:00.000000000,1018,Alicia,0.4055627690774668,-0.2757921737281628
2000-02-05 21:45:00.000000000,1048,Alicia,-0.9141263798391901,0.7433559614206757
2000-02-05 22:15:00.000000000,974,Alicia,-0.6072209593320201,0.5834070242723874
2000-02-05 22:45:00.000000000,1038,Alicia,-0.5266504075342817,-0.44424776427571344
2000-02-05 23:45:00.000000000,969,Alicia,0.8550870779938959,-0.9282760318069336
2000-02-06 00:45:00.000000000,980,Alicia,-0.341965276054113,0.03584214254605378
2000-02-06 01:15:00.000000000,1054,Alicia,0.6258530873029107,-0.22282553162781915
2000-02-06 01:45:00.000000000,1040,Alicia,-0.5341490537015163,-0.10049064062043511
2000-02-06 03:00:00.000000000,993,Alicia,0.14917157388596536,-0.894625454353926
2000-02-06 09:30:00.000000000,1004,Alicia,0.19619546022640444,0.4760305903686395
2000-02-06 11:00:00.000000000,979,Alicia,-0.8754848787683853,-0.13633446746969025
2000-02-06 13:45:00.000000000,966,Alicia,-0.5018321225349553,-0.321377060537984
2000-02-06 14:30:00.000000000,997,Alicia,0.41303455211419915,0.8055068660882485
2000-02-06 16:15:00.000000000,1023,Alicia,0.7528280248768073,-0.353000130251774
2000-02-06 19:45:00.000000000,985,Alicia,-0.46320427536375486,0.2187688692257892
2000-02-06 23:00:00.000000000,937,Alicia,-0.46717715862609066,0.06320058677362228
2000-02-07 00:45:00.000000000,981,Alicia,-0.04799279887659158,-0.11891300182342013
2000-02-07 01:45:00.000000000,1007,Alicia,0.9965569967283401,0.2793148652684203
2000-02-07 02:45:00.000000000,1049,Alicia,0.0603134282165676,-0.6551323283769461
2000-02-07 04:15:00.000000000,1074,Alicia,0.6995670598136416,-0.5587847714699943
2000-02-07 06:45:00.000000000,997,Alicia,-0.5493613878261854,-0.4587709459548306
2000-02-07 08:30:00.000000000,1030,Alicia,0.44943327227435614,0.4605639871069389
2000-02-07 09:30:00.000000000,1004,Alicia,-0.4665819823056643,-0.06636799337872756
2000-02-07 09:45:00.000000000,938,Alicia,-0.5712830339585613,0.020762249090133134
2000-02-07 16:00:00.000000000,1033,Alicia,-0.8821710623038843,-0.7955844705224813
2000-02-07 17:00:00.000000000,1055,Alicia,-0.4067280168109517,0.1876272135996293
2000-02-07 19:15:00.000000000,1019,Alicia,0.8339767950171944,-0.43717930718946496
2000-02-07 22:00:00.000000000,1014,Alicia,-0.8612221885614808,-0.8337647363296976
2000-02-07 23:30:00.000000000,1044,Alicia,0.01114525473861927,0.3609276314209413
2000-02-08 00:30:00.000000000,998,Alicia,0.2760990400599741,0.15727956632601714
2000-02-08 00:45:00.000000000,994,Alicia,0.4176684116788467,0.6194068178475161
2000-02-08 01:15:00.000000000,982,Alicia,0.9845239085307795,-0.09277986036726094
2000-02-08 02:45:00.000000000,967,Alicia,0.283492998387052,-0.7415988430951856
2000-02-08 04:30:00.000000000,1002,Alicia,-0.4180175452393693,0.6961035005151093
2000-02-08 05:45:00.000000000,1018,Alicia,0.49371660711702936,-0.38615550171904833
2000-02-08 07:45:00.000000000,977,Alicia,-0.08994541835190972,0.5836345179117142
2000-02-08 12:45:00.000000000,1003,Alicia,0.3420314934166351,-0.052223075480135384
2000-02-08 15:15:00.000000000,1002,Alicia,0.03397478010493882,0.7713963992778321
2000-02-08 16:30:00.000000000,1043,Alicia,-0.2492932306418154,-0.3062733558363884
2000-02-08 21:45:00.000000000,976,Alicia,-0.6583205448300766,-0.356724383588505
2000-02-08 23:45:00.000000000,1015,Alicia,-0.9349931755341314,-0.14950460905557694
2000-02-09 00:15:00.000000000,934,Alicia,0.2225384997311799,-0.8545597144994164
2000-02-09 00:45:00.000000000,993,Alicia,-0.25296717792277734,-0.5465893623594074
2000-02-09 01:30:00.000000000,1025,Alicia,0.4711290630920266,-0.9995665632938135
2000-02-09 02:00:00.000000000,1012,Alicia,-0.4971529323464725,0.8165764362879842
2000-02-09 03:30:00.000000000,1053,Alicia,-0.9353471068804418,0.1837738895223624
2000-02-09 04:30:00.000000000,980,Alicia,0.579025327825684,-0.38130631571045326
2000-02-09 04:45:00.000000000,979,Alicia,0.0015304264287117064,0.37529074571090426
2000-02-09 05:00:00.000000000,945,Alicia,0.6241561084013207,-0.4264946904949365
2000-02-09 06:30:00.000000000,981,Alicia,-0.035450354693219666,0.141285703553645
2000-02-09 07:45:00.000000000,976,Alicia,0.9462423383352565,0.8031404784311593
2000-02-09 08:00:00.000000000,1020,Alicia,-0.15419054150435296,-0.5873378888984353
2000-02-09 09:00:00.000000000,1007,Alicia,-0.4112966691905735,0.5217388622691974
2000-02-09 09:45:00.000000000,1020,Alicia,0.9465488613841566,-0.5743537445126026
2000-02-09 15:45:00.000000000,1043,Alicia,-0.9094313264643561,-0.8910709010026863
2000-02-09 16:00:00.000000000,1017,Alicia,-0.4294555757137337,0.47764366844895556
2000-02-09 17:00:00.000000000,973,Alicia,0.38500723125266156,-0.7328315097852727
2000-02-09 18:00:00.000000000,1033,Alicia,0.5675428458000509,-0.5098192519578992
2000-02-09 19:00:00.000000000,969,Alicia,0.7795157236231456,0.3578519716078157
2000-02-09 21:15:00.000000000,1006,Alicia,0.9755106821057185,0.3183854478847987
2000-02-09 21:30:00.000000000,954,Alicia,-0.9193401859462176,-0.7386261678526906
2000-02-10 00:30:00.000000000,994,Alicia,0.53648214131062,0.5455384129840002
2000-02-10 02:30:00.000000000,937,Alicia,0.9951764682904871,0.7197011212948752
2000-02-10 03:45:00.000000000,959,Alicia,0.08264307841526031,-0.2580262477387685
2000-02-10 04:00:00.000000000,998,Alicia,-0.02828336905276818,-0.020209054259806125
2000-02-10 08:15:00.000000000,1020,Alicia,-0.09456880596366757,-0.5970831570777493
2000-02-10 10:15:00.000000000,980,Alicia,0.9424238419362083,-0.06399673490764402
2000-02-10 10:45:00.000000000,996,Alicia,0.5379336069948817,0.9009811846073663
2000-02-10 13:45:00.000000000,1020,Alicia,0.5819400691215069,0.7224652283276545
2000-02-10 14:45:00.000000000,990,Alicia,-0.493073053175644,0.6243402202271287
2000-02-10 16:00:00.000000000,976,Alicia,0.9154219601543914,-0.8336242347486338
2000-02-10 16:45:00.000000000,1004,Alicia,-0.725441481430815,-0.7462019866288878
2000-02-10 18:15:00.000000000,1023,Alicia,0.7778735710323534,0.4897847402807538
2000-02-10 19:00:00.000000000,997,Alicia,-0.9988295954078843,0.17040171281207095
2000-02-10 19:45:00.000000000,941,Alicia,0.6359373486563908,0.011246831402240254
2000-02-10 20:15:00.000000000,956,Alicia,0.45854743503991724,0.4987647123354304
2000-02-10 21:15:00.000000000,991,Alicia,-0.33837587460446406,0.7686700605051333
2000-02-10 22:30:00.000000000,1003,Alicia,-0.1946126750235242,0.49600771149217326
2000-02-10 23:15:00.000000000,994,Alicia,0.5741286114921254,-0.2423848838586231
2000-02-10 23:30:00.000000000,994,Alicia,-0.1279674045222965,0.16693357521231644
2000-02-11 01:00:00.000000000,958,Alicia,-0.6528715174712136,-0.8401648675687807
2000-02-11 03:15:00.000000000,988,Alicia,0.3764169290241903,0.8428435112697659
2000-02-11 03:45:00.000000000,1029,Alicia,-0.7873786093263178,0.3233254617180421
2000-02-11 05:00:00.000000000,1036,Alicia,-0.2670569044109177,0.23865969976701162
2000-02-11 06:15:00.000000000,1001,Alicia,0.33030954627127374,0.5072989783185637
2000-02-11 06:45:00.000000000,996,Alicia,-0.908123543525551,-0.7482337886526564
2000-02-11 07:30:00.000000000,984,Alicia,-0.8251823468352149,-0.5744234582981174
2000-02-11 08:15:00.000000000,1006,Alicia,-0.7166765157923607,-0.7089683620142122
2000-02-11 08:30:00.000000000,966,Alicia,0.560936872626671,0.3371987168396522
2000-02-11 09:15:00.000000000,973,Alicia,-0.6110049401949669,0.9001063656412371
2000-02-11 12:45:00.000000000,1026,Alicia,-0.8633294618686502,-0.8532096618316762
2000-02-11 14:00:00.000000000,1022,Alicia,0.6123527445573904,0.7978265426416995
2000-02-11 15:00:00.000000000,999,Alicia,0.0891019380118796,-0.38947460796674105
2000-02-11 15:15:00.000000000,1027,Alicia,0.04299581232648686,-0.7559687098789574
2000-02-11 16:45:00.000000000,975,Alicia,0.8351261978304094,0.06755618879257486
2000-02-11 19:15:00.000000000,985,Alicia,0.4536600007814586,-0.6099672362997621
2000-02-11 22:00:00.000000000,1027,Alicia,-0.37967838347819827,-0.37802274167072136
2000-02-12 00:30:00.000000000,1004,Alicia,0.6404751281849204,-0.8136048376734102
2000-02-12 01:30:00.000000000,1006,Alicia,0.3079072200295483,-0.7547641240965302
2000-02-12 02:00:00.000000000,935,Alicia,-0.17596699929546644,0.4861584552738403
2000-02-12 02:15:00.000000000,1018,Alicia,0.4434085924520852,0.03534730679377995
2000-02-12 03:00:00.000000000,1002,Alicia,0.7251370228030143,-0.03582245633881542
2000-02-12 04:15:00.000000000,979,Alicia,0.8407793068495311,-0.8353321784969376
2000-02-12 06:45:00.000000000,995,Alicia,0.1766501621687817,0.19122293164345194
2000-02-12 08:30:00.000000000,976,Alicia,0.10106430722613768,0.8087920167848477
2000-02-12 09:45:00.000000000,1011,Alicia,0.6305001330099951,-0.6404989222183779
2000-02-12 10:00:00.000000000,1040,Alicia,0.5826835195573847,-0.10119377944777841
2000-02-12 11:00:00.000000000,931,Alicia,0.3206568403942893,-0.7339941622184583
2000-02-12 13:15:00.000000000,962,Alicia,-0.2905307037743523,0.331583907631837
2000-02-12 15:15:00.000000000,980,Alicia,0.2865973077437065,0.18354063785388153
2000-02-12 17:45:00.000000000,984,Alicia,-0.45547212549579896,-0.5425639865156626
2000-02-12 18:30:00.000000000,999,Alicia,0.7072522671950294,-0.9548447250623397
2000-02-12 18:45:00.000000000,1028,Alicia,-0.7514384238955238,0.704944078023058
2000-02-12 19:00:00.000000000,1003,Alicia,0.8098386560174105,-0.16040783964942062
2000-02-12 19:45:00.000000000,1005,Alicia,0.4427319515046997,-0.9652723201711111
2000-02-12 21:15:00.000000000,995,Alicia,-0.15391648603009278,0.23241583326863946
2000-02-12 21:30:00.000000000,985,Alicia,0.7311949457978673,0.34790154747142377
2000-02-12 22:45:00.000000000,1038,Alicia,0.05071728504313344,-0.9778479512839102
2000-02-12 23:00:00.000000000,966,Alicia,-0.15424332765347626,0.6024155166212561
2000-02-12 23:15:00.000000000,1041,Alicia,-0.09777789551809457,0.7973834109896152
2000-02-13 03:00:00.000000000,1004,Alicia,-0.8683216270233658,0.09744626387007083
2000-02-13 03:30:00.000000000,1012,Alicia,-0.6903038804754318,-0.17224378815382924
2000-02-13 08:00:00.000000000,1013,Alicia,0.5601310585079047,0.7038119045320852
2000-02-13 08:30:00.000000000,944,Alicia,0.9758019148575905,-0.028359717906744297
2000-02-13 12:45:00.000000000,998,Alicia,0.27807654657969194,0.4184295130234623
2000-02-13 14:00:00.000000000,1022,Alicia,-0.33807679273352464,-0.7003004839054521
2000-02-13 15:45:00.000000000,999,Alicia,-0.5892075950665832,0.9263885985681866
2000-02-13 16:00:00.000000000,958,Alicia,0.5085573612879388,-0.3311679611511129
2000-02-13 20:15:00.000000000,999,Alicia,-0.27796160710514095,-0.6005366691409548
2000-02-13 20:30:00.000000000,986,Alicia,0.47042911967011114,0.1309662877126172
2000-02-13 20:45:00.000000000,964,Alicia,-0.8041405664471071,-0.7379421899283407
2000-02-13 21:00:00.000000000,1036,Alicia,0.5734180379906555,0.6716180240105565
2000-02-13 21:15:00.000000000,983,Alicia,-0.5413361683382738,-0.5334131089020548
2000-02-13 22:15:00.000000000,1073,Alicia,0.12276647629400195,0.801377150531873
2000-02-13 22:45:00.000000000,1007,Alicia,-0.9834123268922694,0.6166536713318584
2000-02-13 23:45:00.000000000,969,Alicia,-0.16538356199467064,-0.39396628288337965
2000-02-14 00:15:00.000000000,1042,Alicia,-0.8235206539926203,0.06839633170522652
2000-02-14 00:30:00.000000000,949,Alicia,-0.42932909734598046,0.8424193214415769
2000-02-14 04:15:00.000000000,1024,Alicia,-0.3429111345040292,-0.25551189115176887
2000-02-14 05:45:00.000000000,979,Alicia,0.34544895673410014,0.0686300368112176
2000-02-14 07:15:00.000000000,1003,Alicia,0.3951036784440132,-0.5788649192807471
2000-02-14 08:30:00.000000000,959,Alicia,-0.3496338922888549,0.3162798077555209
2000-02-14 11:15:00.000000000,989,Alicia,0.7183588237810385,-0.39812611928078656
2000-02-14 12:15:00.000000000,966,Alicia,-0.9919981891403717,0.4065647373064867
2000-02-14 12:30:00.000000000,1009,Alicia,-0.7352232230857134,-0.7488253891543932
2000-02-14 12:45:00.000000000,1020,Alicia,0.9233582608305975,0.4619436690924319
2000-02-14 14:00:00.000000000,1089,Alicia,-0.09147491825677179,-0.059675436295466566
2000-02-14 14:15:00.000000000,949,Alicia,0.8151290620632252,-0.2474872435040929
2000-02-14 14:30:00.000000000,1009,Alicia,0.5547196872896432,-0.8627650512160154
2000-02-14 18:15:00.000000000,1030,Alicia,0.6969637101352859,0.9658228255747816
2000-02-14 19:45:00.000000000,1047,Alicia,0.718979042288391,-0.5051453303097262
2000-02-14 20:00:00.000000000,998,Alicia,0.6639023561733783,0.18448156664143145
2000-02-14 20:15:00.000000000,993,Alicia,-0.7476435065106763,-0.7685817845981842
2000-02-14 20:45:00.000000000,1013,Alicia,0.1919893191861919,0.15413915569338688
2000-02-14 21:15:00.000000000,1032,Alicia,-0.6234331511298068,0.4479446444562758
2000-02-14 22:00:00.000000000,1097,Alicia,-0.7518696130661267,-0.4706028486853122
2000-02-14 22:45:00.000000000,977,Alicia,0.6126724938902064,0.0809617506522895
2000-02-15 01:15:00.000000000,1004,Alicia,-0.8889081474401306,-0.46672533002739525
2000-02-15 01:30:00.000000000,994,Alicia,0.6452013575161764,0.8987867348105503
2000-02-15 03:15:00.000000000,995,Alicia,0.09405720835831555,-0.23770931958960473
2000-02-15 03:30:00.000000000,1046,Alicia,0.5677408584566281,-0.9448340666640458
2000-02-15 04:45:00.000000000,1042,Alicia,0.4204205368755658,0.29723018833443127
2000-02-15 06:30:00.000000000,1034,Alicia,-0.1986230126978734,0.710290250742502
2000-02-15 06:45:00.000000000,943,Alicia,-0.32755122066322073,-0.36609675976414935
2000-02-15 07:45:00.000000000,1021,Alicia,-0.4830595532198616,-0.5550089046221178
2000-02-15 08:15:00.000000000,1024,Alicia,-0.19362987445625768,0.10876315892672594
2000-02-15 09:30:00.000000000,1017,Alicia,0.9661859338085907,0.23923372536302012
2000-02-15 14:30:00.000000000,1016,Alicia,-0.6184332095996459,0.04668450464071561
2000-02-15 16:00:00.000000000,1011,Alicia,0.5834976394298235,0.49458573320377663
2000-02-15 16:45:00.000000000,981,Alicia,0.7267027267727189,0.5101924450985638
2000-02-15 18:00:00.000000000,1044,Alicia,0.04505542849710631,0.07337358014771955
2000-02-15 20:30:00.000000000,1036,Alicia,0.28141129530339537,0.2955758086924223
2000-02-15 22:00:00.000000000,1008,Alicia,-0.17928080376671285,0.901291304988497
2000-02-15 22:30:00.000000000,1020,Alicia,0.0803364381822882,0.5904386009550551
2000-02-15 22:45:00.000000000,961,Alicia,0.7123063204919178,0.11501857146796812
2000-02-15 23:15:00.000000000,976,Alicia,0.49969731609403123,0.9779154638136691
2000-02-15 23:45:00.000000000,982,Alicia,0.8026282112065799,-0.33510253212208774
2000-02-16 02:30:00.000000000,977,Alicia,-0.28919425899971474,0.4613881207776527
2000-02-16 04:15:00.000000000,998,Alicia,0.9705085674292071,0.7834366363571164
2000-02-16 07:15:00.000000000,974,Alicia,-0.02255870920234937,0.463358786408715
2000-02-16 08:15:00.000000000,1003,Alicia,-0.8504852010199837,0.113319937481553
2000-02-16 10:00:00.000000000,983,Alicia,0.8305105266042636,0.24494293328282524
2000-02-16 14:00:00.000000000,1020,Alicia,0.8482591859339332,-0.6787584142210292
2000-02-16 15:45:00.000000000,969,Alicia,0.9078780781661615,0.13167038500124373
2000-02-16 18:00:00.000000000,1010,Alicia,0.022317890501718507,0.481192149206362
2000-02-16 19:15:00.000000000,1010,Alicia,0.2737169185660451,-0.3577933757507854
2000-02-16 19:30:00.000000000,1010,Alicia,-0.2007607104624396,-0.01684966341384242
2000-02-16 20:30:00.000000000,1017,Alicia,0.552639372663996,-0.42585927163126946
2000-02-16 23:00:00.000000000,999,Alicia,-0.5277585430271279,0.6488529828109963
2000-02-17 02:30:00.000000000,950,Alicia,0.09698871308297963,-0.9505132005431889
2000-02-17 03:45:00.000000000,973,Alicia,-0.7544385870788228,0.926345107567766
2000-02-17 05:30:00.000000000,931,Alicia,-0.7352375779321361,-0.8101375923445451
2000-02-17 06:00:00.000000000,987,Alicia,0.5660674546838849,0.048713732727328374
2000-02-17 08:15:00.000000000,960,Alicia,0.9467289552684464,0.34822175960395074
2000-02-17 10:00:00.000000000,1034,Alicia,-0.13123180126228307,0.647710964849769
2000-02-17 11:30:00.000000000,981,Alicia,-0.28632153625876366,0.09392061067525193
2000-02-17 13:45:00.000000000,990,Alicia,0.30688561035080086,-0.5968579612741984
2000-02-17 14:30:00.000000000,1015,Alicia,0.28866687086510034,0.3416399133438255
2000-02-17 15:00:00.000000000,1047,Alicia,0.36074184603841375,0.07598616725289409
2000-02-17 15:15:00.000000000,1003,Alicia,-0.36165431052474206,-0.12731425890174486
2000-02-17 17:00:00.000000000,1040,Alicia,0.16953452340569108,-0.15653447945037802
2000-02-17 17:15:00.000000000,990,Alicia,-0.2508615012054627,-0.03981957163718808
2000-02-17 18:30:00.000000000,1024,Alicia,-0.35726781291408316,0.13059030740688105
2000-02-17 19:00:00.000000000,1000,Alicia,0.4915312351798753,0.40508329816330746
2000-02-17 21:00:00.000000000,986,Alicia,0.886534913327023,0.603701234594789
2000-02-17 21:15:00.000000000,982,Alicia,-0.4620149064018706,-0.35904104882566523
2000-02-17 22:45:00.000000000,1038,Alicia,-0.6925250990184753,-0.3800172102010819
2000-02-17 23:00:00.000000000,961,Alicia,0.35171721545728785,0.2694978268220418
2000-02-18 01:15:00.000000000,970,Alicia,0.1671688033627554,-0.7511456204123625
2000-02-18 02:30:00.000000000,964,Alicia,0.41674153891051935,-0.4806091648452786
2000-02-18 04:00:00.000000000,989,Alicia,-0.7324696846445471,0.254578244798199
2000-02-18 05:00:00.000000000,1020,Alicia,-0.9570782329638086,0.249807926677442
2000-02-18 06:15:00.000000000,972,Alicia,-0.9475700730116914,0.9862243896792655
2000-02-18 06:30:00.000000000,1002,Alicia,0.7727733787669617,0.7851849912090403
2000-02-18 07:00:00.000000000,1011,Alicia,0.06909428074111257,0.9420342135490603
2000-02-18 07:30:00.000000000,963,Alicia,-0.7846611150802041,0.9463326638292491
2000-02-18 08:00:00.000000000,1050,Alicia,0.07704163824042509,-0.48878544852077055
2000-02-18 13:45:00.000000000,962,Alicia,-0.4915725019525292,-0.17184916440623055
2000-02-18 14:00:00.000000000,1036,Alicia,-0.5151530411487939,0.1780320808028022
2000-02-18 15:30:00.000000000,967,Alicia,0.757993139376022,0.18052639121073688
2000-02-18 16:00:00.000000000,1031,Alicia,-0.3128297651926204,0.493216094214199
2000-02-18 17:45:00.000000000,1015,Alicia,0.5508387591136465,-0.8232929376434424
2000-02-18 18:15:00.000000000,997,Alicia,0.7525831975665653,0.32692135629202435
2000-02-18 18:30:00.000000000,998,Alicia,0.10401960333849658,-0.8829333525310266
2000-02-18 21:00:00.000000000,963,Alicia,0.8414530958731987,0.16267404855863443
2000-02-18 23:00:00.000000000,971,Alicia,-0.43094747321616866,-0.3008400702263574
2000-02-19 00:45:00.000000000,931,Alicia,-0.03921381960404213,-0.31862419040661005
2000-02-19 01:00:00.000000000,972,Alicia,-0.6397200630045128,0.04441550811978301
2000-02-19 01:30:00.000000000,1018,Alicia,-0.7380056439990477,0.5032321425465478
2000-02-19 01:45:00.000000000,1027,Alicia,0.8769210360030031,0.9263374868586247
2000-02-19 02:00:00.000000000,980,Alicia,0.4239194112192124,-0.2857172408084607
2000-02-19 02:45:00.000000000,967,Alicia,-0.7498911867999329,-0.792087035680803
2000-02-19 03:15:00.000000000,968,Alicia,-0.5402734244673362,-0.9516669520009324
2000-02-19 03:30:00.000000000,963,Alicia,0.09552692309959032,0.33904365964345984
2000-02-19 04:15:00.000000000,1009,Alicia,-0.054468533584866696,-0.11665689034549498
2000-02-19 04:30:00.000000000,1036,Alicia,-0.4049172868930273,0.13474603071210844
2000-02-19 05:15:00.000000000,974,Alicia,0.9864150077094416,0.23747938731443496
2000-02-19 05:30:00.000000000,1029,Alicia,0.3351126975132066,-0.08687661296554716
2000-02-19 09:00:00.000000000,1011,Alicia,0.3903121049001732,-0.3722533828950987
2000-02-19 09:15:00.000000000,977,Alicia,0.02152868894151916,0.18637182876936853
2000-02-19 11:00:00.000000000,988,Alicia,0.9320882743541095,-0.9585705097180068
2000-02-19 12:15:00.000000000,1051,Alicia,0.8122701492009801,-0.2647722954316305
2000-02-19 12:45:00.000000000,1022,Alicia,-0.7819174731309804,-0.65862811418512
2000-02-19 13:00:00.000000000,986,Alicia,0.6958116623861434,0.3736295985435829
2000-02-19 14:00:00.000000000,978,Alicia,0.10135777802827572,-0.9779130390457291
2000-02-19 15:15:00.000000000,975,Alicia,-0.5771948966906142,0.8182210263351426
2000-02-19 15:45:00.000000000,982,Alicia,-0.43919631894803635,-0.7715638089839287
2000-02-19 23:30:00.000000000,1022,Alicia,0.9549692732048236,0.8917563140249878
2000-02-20 01:30:00.000000000,1004,Alicia,0.5826993952593167,0.4052342120472623
2000-02-20 02:00:00.000000000,996,Alicia,0.4505932820123948,-0.5835101113931345
2000-02-20 02:30:00.000000000,967,Alicia,0.14357868567581544,0.35056934579107146
2000-02-20 04:15:00.000000000,1036,Alicia,0.042479540566299434,0.4363888801454656
2000-02-20 05:30:00.000000000,1027,Alicia,0.4981692765133727,-0.9296167429847462
2000-02-20 06:30:00.000000000,948,Alicia,0.22442537162279952,-0.23799850300700331
2000-02-20 07:15:00.000000000,1031,Alicia,0.7243338115904217,0.4125897872717301
2000-02-20 07:30:00.000000000,1022,Alicia,0.47486645142545236,0.7310189891398557
2000-02-20 07:45:00.000000000,954,Alicia,0.9732957545285839,-0.7895098241728384
2000-02-20 09:15:00.000000000,963,Alicia,0.7150145560958021,-0.9326223112627567
2000-02-20 09:45:00.000000000,993,Alicia,-0.8480068511374801,0.1313697850638882
2000-02-20 10:30:00.000000000,1015,Alicia,0.7395290949284192,-0.2386236943026656
2000-02-20 11:45:00.000000000,969,Alicia,-0.5405126802961271,-0.8942119276414695
2000-02-20 12:45:00.000000000,984,Alicia,0.8138021620370861,-0.02011792487342956
2000-02-20 13:00:00.000000000,1028,Alicia,-0.2500418193932068,-0.2583745517025835
2000-02-20 13:30:00.000000000,1003,Alicia,-0.6351049888327718,-0.7091803968014905
2000-02-20 15:45:00.000000000,1026,Alicia,0.19810896371499775,0.712983871068954
2000-02-20 19:30:00.000000000,956,Alicia,-0.954240234620622,-0.008963215385501266
2000-02-20 20:00:00.000000000,1050,Alicia,-0.8630776833610188,0.9002953235548636
2000-02-20 21:00:00.000000000,1019,Alicia,0.9025035175210452,-0.9506710981313578
2000-02-20 22:45:00.000000000,964,Alicia,-0.8035683130737863,-0.05871949202054938
2000-02-20 23:15:00.000000000,1000,Alicia,-0.9040005231947057,-0.6029094141272344
2000-02-21 01:00:00.000000000,1001,Alicia,-0.8049403061155009,-0.22386334079155645
2000-02-21 04:30:00.000000000,1029,Alicia,0.2574683615992639,-0.4515876327487567
2000-02-21 05:30:00.000000000,965,Alicia,0.768349961548175,0.06412036880842775
2000-02-21 06:15:00.000000000,985,Alicia,0.8522662618289651,0.3867804141513189
2000-02-21 06:45:00.000000000,1042,Alicia,0.1285501673567313,-0.61842919520677
2000-02-21 07:00:00.000000000,980,Alicia,-0.6961553099889113,0.8103818462534347
2000-02-21 10:00:00.000000000,1028,Alicia,-0.2578006205462493,-0.7063219908681149
2000-02-21 12:00:00.000000000,1031,Alicia,0.7915068497638094,0.6779682879892404
2000-02-21 13:00:00.000000000,1054,Alicia,-0.49422610000176737,0.974961625353316
2000-02-21 14:00:00.000000000,1030,Alicia,0.2065791155252783,-0.7806006535783738
2000-02-21 18:30:00.000000000,1022,Alicia,0.18044656525956881,0.3471521138609597
2000-02-21 19:00:00.000000000,992,Alicia,0.7418999837625981,-0.6091403704120211
2000-02-21 20:00:00.000000000,986,Alicia,0.22229317756746592,-0.5041945448995968
2000-02-21 20:30:00.000000000,1031,Alicia,-0.6470746315891645,0.8636347149245795
2000-02-21 20:45:00.000000000,997,Alicia,-0.09195880167742954,0.33132669434628803
2000-02-21 21:15:00.000000000,1006,Alicia,-0.5812828772132537,0.7291482773853795
2000-02-22 00:15:00.000000000,1011,Alicia,-0.880354757115396,0.35061525311188046
2000-02-22 00:45:00.000000000,1058,Alicia,0.6361172329851963,-0.3111883849862811
2000-02-22 01:45:00.000000000,999,Alicia,-0.07997547086358248,-0.5877118168193203
2000-02-22 05:00:00.000000000,1073,Alicia,0.09783242457314545,0.48555708529254393
2000-02-22 06:00:00.000000000,999,Alicia,-0.7072338803584928,0.16751539803860327
2000-02-22 06:15:00.000000000,983,Alicia,-0.47119022834170377,0.3343962781804537
2000-02-22 07:45:00.000000000,953,Alicia,0.765857972299909,0.33012816788925115
2000-02-22 09:15:00.000000000,1050,Alicia,0.40136773090716926,-0.6302349677357895
2000-02-22 12:30:00.000000000,1000,Alicia,0.8519016403324653,-0.9661271313517099
2000-02-22 13:30:00.000000000,1005,Alicia,-0.04731287811945717,0.9390220445025705
2000-02-22 14:00:00.000000000,1038,Alicia,-0.9255806625492342,0.03141647985884943
2000-02-22 16:00:00.000000000,1007,Alicia,0.2220795798273909,0.15022650463394704
2000-02-22 16:15:00.000000000,1003,Alicia,-0.893052427786879,-0.35552906124633266
2000-02-22 16:30:00.000000000,993,Alicia,0.5961464740261673,0.4358615266633161
2000-02-22 17:00:00.000000000,1056,Alicia,0.5753763295453025,-0.9374123228314615
2000-02-22 17:15:00.000000000,1032,Alicia,-0.016700340801686808,-0.24786807695617785
2000-02-22 18:00:00.000000000,972,Alicia,0.516761035637586,-0.7858875279094906
2000-02-22 18:30:00.000000000,968,Alicia,-0.33661844223213633,0.4811919165663421
2000-02-22 19:30:00.000000000,1044,Alicia,-0.10525233410987123,0.7176610740404099
2000-02-22 21:15:00.000000000,965,Alicia,-0.1521931359255977,-0.9241229755677103
2000-02-22 23:15:00.000000000,1029,Alicia,0.1875560225333739,0.2980053803326139
2000-02-23 00:45:00.000000000,953,Alicia,0.3557223734809254,0.4284268071607209
2000-02-23 01:15:00.000000000,987,Alicia,-0.35782578007340127,0.11090295792989102
2000-02-23 02:00:00.000000000,956,Alicia,-0.083828893783648,0.20355431779819466
2000-02-23 06:45:00.000000000,1053,Alicia,0.7678568911410324,0.4479297019989128
2000-02-23 07:00:00.000000000,975,Alicia,-0.9504740552375484,0.8544815647074044
2000-02-23 07:45:00.000000000,1053,Alicia,0.6277314131928042,-0.76872584153279
2000-02-23 10:15:00.000000000,988,Alicia,0.27861798110567704,0.38577187860271334
2000-02-23 12:45:00.000000000,1017,Alicia,0.6771558352838167,0.8335353412463375
2000-02-23 14:15:00.000000000,994,Alicia,0.9483428630247837,-0.7511415009951457
2000-02-23 17:45:00.000000000,1040,Alicia,0.7659181675496325,-0.25442680110253213
2000-02-23 22:30:00.000000000,950,Alicia,0.3725348252323899,0.584640595018646
2000-02-24 00:00:00.000000000,1024,Alicia,-0.07303216410118152,0.2900244483635188
2000-02-24 00:45:00.000000000,940,Alicia,0.770902880609559,-0.4352009511784689
2000-02-24 01:30:00.000000000,957,Alicia,0.8457877613665359,0.22290908348117378
2000-02-24 04:30:00.000000000,935,Alicia,0.7545249630315056,-0.9235960919390338
2000-02-24 08:00:00.000000000,1005,Alicia,-0.24499504551759888,0.19618579321784635
2000-02-24 08:45:00.000000000,990,Alicia,0.7881644253040709,-0.3637008363665888
2000-02-24 09:15:00.000000000,1033,Alicia,-0.9135810632153996,0.39808642783430126
2000-02-24 10:45:00.000000000,955,Alicia,0.6665458456475009,-0.19581256869446695
2000-02-24 13:45:00.000000000,1030,Alicia,-0.17872938694151785,-0.41969317657706107
2000-02-24 14:30:00.000000000,960,Alicia,-0.41533704226671375,0.22371958041832118
2000-02-24 14:45:00.000000000,1020,Alicia,-0.3047502634514716,-0.36309941183843364
2000-02-24 18:45:00.000000000,975,Alicia,0.6577051530053575,0.6334330744049186
2000-02-24 20:45:00.000000000,1010,Alicia,0.8758946237071563,-0.14086248562480463
2000-02-24 21:30:00.000000000,1019,Alicia,0.3672419369370241,0.4930577582821396
2000-02-24 21:45:00.000000000,1048,Alicia,0.0126511976820185,0.5115208553732704
2000-02-25 01:45:00.000000000,972,Alicia,-0.11205090668445061,0.3587063479809385
2000-02-25 02:00:00.000000000,973,Alicia,0.6776190879414874,0.8831539358415752
2000-02-25 05:00:00.000000000,1011,Alicia,-0.5177226099009411,0.6492100165041756
2000-02-25 05:45:00.000000000,1005,Alicia,-0.15643801987138373,0.591088868171465
2000-02-25 06:30:00.000000000,1005,Alicia,-0.06131854998762298,0.16728915226374896
2000-02-25 07:30:00.000000000,1041,Alicia,0.8825127416624519,0.4198201707745217
2000-02-25 08:15:00.000000000,1034,Alicia,-0.45931117585543,-0.641717196107507
2000-02-25 15:30:00.000000000,1007,Alicia,-0.36206331202225117,-0.5338962207074167
2000-02-25 17:00:00.000000000,949,Alicia,-0.9599258024821273,0.12362981730275124
2000-02-25 17:45:00.000000000,932,Alicia,0.6060403850124338,0.7920199322347541
2000-02-25 20:00:00.000000000,989,Alicia,0.3133875871759022,0.4454784783563137
2000-02-25 22:45:00.000000000,953,Alicia,0.15446768992011717,0.9961156556838353
2000-02-25 23:00:00.000000000,987,Alicia,0.2037647749803284,0.7724940576554618
2000-02-26 03:30:00.000000000,991,Alicia,0.7242167999167051,0.22201796654279016
2000-02-26 06:45:00.000000000,1019,Alicia,-0.08754441760345366,0.7214270217402914
2000-02-26 07:15:00.000000000,967,Alicia,-0.25540388281423776,0.8561987180811514
2000-02-26 07:30:00.000000000,1025,Alicia,0.1910512835750462,0.8327612203340626
2000-02-26 07:45:00.000000000,958,Alicia,-0.6026674805594965,-0.047407320687602894
2000-02-26 08:00:00.000000000,999,Alicia,-0.4551980205847499,0.7467405188711935
2000-02-26 11:15:00.000000000,967,Alicia,-0.8643384346429177,0.9292990568910147
2000-02-26 17:30:00.000000000,1043,Alicia,-0.41028978939328864,-0.07877108212983885
2000-02-26 18:45:00.000000000,1053,Alicia,-0.5199075397841524,-0.8046563131496047
2000-02-26 20:00:00.000000000,952,Alicia,-0.4056638854879231,-0.4716066183358276
2000-02-26 21:00:00.000000000,1032,Alicia,-0.8460979621655242,0.6886356324153866
2000-02-26 21:45:00.000000000,984,Alicia,-0.8485305715539733,0.37570098160496346
2000-02-27 01:00:00.000000000,1026,Alicia,-0.2132428523737233,-0.9847540358155358
2000-02-27 02:30:00.000000000,1015,Alicia,0.27964358212722673,0.034048376673915026
2000-02-27 02:45:00.000000000,1075,Alicia,-0.7463509726638966,0.7305058882739182
2000-02-27 04:00:00.000000000,976,Alicia,-0.2525691275395696,0.31598140847137546
2000-02-27 04:45:00.000000000,990,Alicia,0.6857828813660438,-0.9516428748022674
2000-02-27 05:15:00.000000000,1024,Alicia,-0.6610909400142422,-0.7088586981566052
2000-02-27 06:15:00.000000000,948,Alicia,0.5459521647859702,-0.500013958868724
2000-02-27 07:15:00.000000000,987,Alicia,-0.3457556258634451,-0.35294137715969987
2000-02-27 08:00:00.000000000,1071,Alicia,0.0019792803822709093,-0.02775606499323291
2000-02-27 09:00:00.000000000,1000,Alicia,-0.4892403125000333,0.4399493184750569
2000-02-27 09:15:00.000000000,1011,Alicia,-0.14450778874330306,-0.46046837082097714
2000-02-27 09:30:00.000000000,987,Alicia,0.6605741455344285,-0.4307117550562536
2000-02-27 13:00:00.000000000,1002,Alicia,0.033737779856745975,0.8374547313042009
2000-02-27 13:45:00.000000000,1001,Alicia,0.11372061373117504,-0.38199428282366577
2000-02-27 14:45:00.000000000,964,Alicia,-0.43201667822307965,-0.44347293974605684
2000-02-27 16:15:00.000000000,989,Alicia,-0.6921920868892595,-0.0331718793810587
2000-02-27 17:30:00.000000000,979,Alicia,-0.0987294981928093,-0.8599997765096703
2000-02-27 19:45:00.000000000,1047,Alicia,-0.5165817618746522,-0.6916677716010768
2000-02-27 22:30:00.000000000,949,Alicia,0.5145594816447441,-0.9766424411440195
2000-02-28 00:30:00.000000000,1011,Alicia,-0.049514550618176445,0.6450942099163144
2000-02-28 01:00:00.000000000,1026,Alicia,-0.08234783678906288,0.32142389048871567
2000-02-28 02:00:00.000000000,934,Alicia,0.609242861757977,0.9741403339737642
2000-02-28 02:30:00.000000000,1019,Alicia,-0.6978414644271731,-0.463686868259783
2000-02-28 03:30:00.000000000,995,Alicia,-0.67247653125903,0.6316750519614114
2000-02-28 03:45:00.000000000,978,Alicia,-0.6542646287121356,0.748621974134335
2000-02-28 04:30:00.000000000,1024,Alicia,-0.18995237732260306,0.7917117879365134
2000-02-28 05:30:00.000000000,960,Alicia,-0.004592426758703416,-0.023863725519057022
2000-02-28 06:15:00.000000000,977,Alicia,-0.3717834867217584,-0.1313485429198542
2000-02-28 09:30:00.000000000,1016,Alicia,-0.7278966564752547,-0.8856596625266164
2000-02-28 12:15:00.000000000,984,Alicia,-0.5573781335968575,0.14835543800484485
2000-02-28 13:45:00.000000000,1034,Alicia,-0.3538580281590653,0.5101294827060978
2000-02-28 14:00:00.000000000,1019,Alicia,-0.5074511762956946,-0.8760975523791983
2000-02-28 15:15:00.000000000,987,Alicia,0.48574350789600107,0.7135824338967955
2000-02-28 19:00:00.000000000,959,Alicia,0.9795526771707528,-0.8573160714678445
2000-02-28 20:15:00.000000000,1033,Alicia,-0.7579063488669797,-0.06177298831372169
2000-02-28 20:45:00.000000000,1035,Alicia,-0.3896877198585358,0.6467018816527905
2000-02-28 21:00:00.000000000,933,Alicia,-0.8401133125265499,-0.9497501243894524
2000-02-28 21:30:00.000000000,1047,Alicia,-0.2744160305033152,0.21646871053159922
2000-02-28 22:15:00.000000000,974,Alicia,-0.6390561816628937,-0.9023583181864103
2000-02-28 22:30:00.000000000,1034,Alicia,0.18953733684709295,-0.5297159951309078
2000-02-28 23:15:00.000000000,970,Alicia,0.3073191053459077,-0.5562417290083108
2000-02-28 23:45:00.000000000,982,Alicia,-0.7504076313348198,0.45304266748726585
2000-02-29 00:00:00.000000000,1030,Alicia,-0.6029826209055633,-0.2904428561921375
2000-02-29 00:15:00.000000000,963,Alicia,-0.60163784822614,-0.39759464049703896
2000-02-29 01:30:00.000000000,1040,Alicia,-0.3895016839407608,0.6612743464574096
2000-02-29 02:30:00.000000000,1030,Alicia,-0.45028168401175117,0.8176619908682445
2000-02-29 06:30:00.000000000,1029,Alicia,-0.4984912455214563,0.5516259478018162
2000-02-29 07:15:00.000000000,972,Alicia,-0.6767277472668896,-0.15319539946320626
2000-02-29 09:45:00.000000000,1015,Alicia,0.15409203420187279,0.9190607347663222
2000-02-29 10:30:00.000000000,1043,Alicia,-0.6971520543953571,0.9600892973205324
2000-02-29 13:45:00.000000000,1021,Alicia,-0.11459482731767334,0.5362914883771472
2000-02-29 14:45:00.000000000,1020,Alicia,-0.9637816749546282,0.4674055471133134
2000-02-29 15:00:00.000000000,999,Alicia,-0.26685114882039596,-0.40061502570339913
2000-02-29 17:45:00.000000000,1016,Alicia,-0.3230062762119854,0.6160283211402406
2000-02-29 20:15:00.000000000,998,Alicia,-0.4745893329604265,0.030100750238910345
2000-02-29 21:15:00.000000000,987,Alicia,-0.21628627231997943,-0.8334226554723436
2000-02-29 22:45:00.000000000,957,Alicia,0.3737164347465227,-0.9181363663629667
2000-02-29 23:00:00.000000000,976,Alicia,0.732636216750018,0.22346079858557633
2000-03-01 00:30:00.000000000,979,Alicia,-0.6827862023519142,-0.5470772022113253
2000-03-01 03:30:00.000000000,986,Alicia,0.07554774763247041,0.6813635046532078
2000-03-01 04:15:00.000000000,1032,Alicia,-0.6218407051533945,0.7333754628237372
2000-03-01 04:30:00.000000000,1048,Alicia,0.45060160445020636,-0.6306517362264201
2000-03-01 07:00:00.000000000,1048,Alicia,-0.7548093982195148,0.39209545504286836
2000-03-01 07:30:00.000000000,1008,Alicia,-0.536948697833532,0.4984845824345674
2000-03-01 08:30:00.000000000,972,Alicia,0.12544616375342788,0.056343611137623206
2000-03-01 10:00:00.000000000,994,Alicia,0.912719806647418,-0.8564302188791357
2000-03-01 11:30:00.000000000,1003,Alicia,-0.7715212661886643,-0.08855316872746433
2000-03-01 13:00:00.000000000,969,Alicia,0.9225799626152948,0.5049779937981818
2000-03-01 15:30:00.000000000,987,Alicia,-0.04784811059713001,-0.19891570280455384
2000-03-01 19:00:00.000000000,978,Alicia,-0.7138635098736266,-0.25888607418787024
2000-03-01 23:45:00.000000000,963,Alicia,0.16715576073930105,0.4976538464731797
2000-03-02 01:30:00.000000000,1002,Alicia,0.48098824115101646,0.3361531005970302
2000-03-02 02:00:00.000000000,950,Alicia,0.7602141068996615,-0.3175703711441462
2000-03-02 06:00:00.000000000,1022,Alicia,0.69567873995773,-0.6227857449975098
2000-03-02 09:15:00.000000000,958,Alicia,0.8974418770064054,-0.6007206533407639
2000-03-02 09:30:00.000000000,1000,Alicia,-0.5803835821204404,-0.9458259920066463
2000-03-02 10:15:00.000000000,1052,Alicia,-0.6643353063774113,0.5847693676609949
2000-03-02 11:15:00.000000000,963,Alicia,0.2995101503169335,-0.9508021202510404
2000-03-02 11:30:00.000000000,988,Alicia,0.962444367120131,-0.06658119433897691
2000-03-02 12:45:00.000000000,934,Alicia,-0.7121160662824806,0.03746175175044009
2000-03-02 13:30:00.000000000,1055,Alicia,-0.4652625424339907,0.139487993600375
2000-03-02 14:15:00.000000000,978,Alicia,-0.35678487264812686,-0.1956936069180759
2000-03-02 14:30:00.000000000,1018,Alicia,0.9043279119486523,-0.9526950231633051
2000-03-02 16:00:00.000000000,966,Alicia,0.4135567432780718,-0.026755776270000364
2000-03-02 19:15:00.000000000,1035,Alicia,0.6666187204636962,0.35833275430814693
2000-03-02 22:30:00.000000000,954,Alicia,-0.6187733869326868,0.3710714219618476
2000-03-03 02:45:00.000000000,1012,Alicia,0.04015938362047944,-0.7891964811945282
2000-03-03 03:15:00.000000000,974,Alicia,-0.41343865611474584,-0.8169347938118054
2000-03-03 04:30:00.000000000,990,Alicia,0.9777903259779861,0.40405538511711536
2000-03-03 04:45:00.000000000,958,Alicia,-0.7699004535738039,0.9748587083701403
2000-03-03 09:00:00.000000000,1009,Alicia,-0.6332223638833758,0.5796646296917514
2000-03-03 09:15:00.000000000,964,Alicia,0.028767076323964247,-0.9137883789845149
2000-03-03 11:00:00.000000000,998,Alicia,-0.31258305476457027,-0.3121739171566118
2000-03-03 12:30:00.000000000,995,Alicia,0.5935586570398814,0.529554248626704
2000-03-03 13:15:00.000000000,1039,Alicia,-0.4250318685022463,0.748889187008172
2000-03-03 14:15:00.000000000,987,Alicia,-0.265341303901115,0.8855549389675361
2000-03-03 14:30:00.000000000,1025,Alicia,-0.5380460732286667,0.5877458803398343
2000-03-03 14:45:00.000000000,1002,Alicia,0.9559446590657976,0.7693427310097618
2000-03-03 15:30:00.000000000,1009,Alicia,0.01551152226020669,-0.5067014363777858
2000-03-03 23:30:00.000000000,947,Alicia,0.8109325525139732,0.5947592615431392
2000-03-04 04:45:00.000000000,1002,Alicia,-0.4507095523916307,-0.2674893400756204
2000-03-04 06:15:00.000000000,1003,Alicia,-0.765564150107501,-0.5615226306953014
2000-03-04 10:00:00.000000000,994,Alicia,0.5482278677255061,0.16789759248241332
2000-03-04 14:30:00.000000000,975,Alicia,0.06410010364810836,-0.1410336885317378
2000-03-04 15:00:00.000000000,949,Alicia,-0.40136059634002796,-0.8230026901591694
2000-03-04 15:15:00.000000000,1029,Alicia,0.6707314544302632,0.23284975491246174
2000-03-04 19:15:00.000000000,952,Alicia,0.6734280776409562,-0.6142218360623617
2000-03-04 19:45:00.000000000,994,Alicia,0.9857635338590278,0.2774640794391099
2000-03-04 20:00:00.000000000,1013,Alicia,-0.5411542219816494,-0.24484158636056574
2000-03-04 20:15:00.000000000,957,Alicia,0.8774965360420419,0.9428347049673367
2000-03-04 21:30:00.000000000,1013,Alicia,-0.8806043255731315,0.504979903092768
2000-03-05 01:15:00.000000000,1034,Alicia,0.721172894547391,-0.823047097813727
2000-03-05 02:30:00.000000000,1019,Alicia,0.00989103251088741,0.2618916934380964
2000-03-05 03:30:00.000000000,1035,Alicia,0.5897186564567296,-0.5781734496457658
2000-03-05 05:15:00.000000000,1054,Alicia,0.7255704355400014,-0.06974812199980174
2000-03-05 06:15:00.000000000,1058,Alicia,-0.009599433926879009,0.6684649540680188
2000-03-05 07:45:00.000000000,1009,Alicia,-0.16018481625405157,0.06505792269163613
2000-03-05 08:15:00.000000000,1051,Alicia,0.40449778176345585,-0.6281062357505722
2000-03-05 09:00:00.000000000,993,Alicia,0.5227411126029808,-0.21280737865003174
2000-03-05 09:45:00.000000000,985,Alicia,0.6057819013315509,0.917014644926073
2000-03-05 10:45:00.000000000,1027,Alicia,0.8333202450246404,-0.9579562819239422
2000-03-05 11:30:00.000000000,1027,Alicia,0.6445380233585223,0.2480147109082229
2000-03-05 12:45:00.000000000,1009,Alicia,0.5972337916432233,-0.7209481362371273
2000-03-05 13:30:00.000000000,1020,Alicia,-0.4474161153385907,-0.28163503824527014
2000-03-05 14:15:00.000000000,1045,Alicia,-0.24568273834101517,-0.24603558164612016
2000-03-05 14:30:00.000000000,982,Alicia,0.24040570438488573,-0.25120437447770616
2000-03-05 15:00:00.000000000,989,Alicia,-0.1556269795514953,-0.6809207547224019
2000-03-05 15:45:00.000000000,945,Alicia,0.8974187023181739,0.011297026248100916
2000-03-05 16:30:00.000000000,986,Alicia,-0.43046857452537,-0.37876014977901207
2000-03-05 18:45:00.000000000,1020,Alicia,0.959224110160438,-0.6805346561891092
2000-03-05 19:45:00.000000000,940,Alicia,0.6844482360879345,0.8899846074222106
2000-03-05 20:00:00.000000000,1023,Alicia,-0.39730885921972314,0.7194574351875254
2000-03-05 20:30:00.000000000,1007,Alicia,0.4724073648159408,-0.21091533088118042
2000-03-05 21:00:00.000000000,983,Alicia,-0.3076024178393768,0.16281903973174172
2000-03-05 22:30:00.000000000,1007,Alicia,0.23489729913521695,-0.924002772039608
2000-03-06 00:30:00.000000000,1031,Alicia,-0.9607968084137644,-0.9352172850912195
2000-03-06 01:30:00.000000000,954,Alicia,-0.4504914522954311,0.7963466481155803
2000-03-06 02:00:00.000000000,1005,Alicia,-0.5519115329522979,0.3839611026225256
2000-03-06 04:15:00.000000000,1011,Alicia,0.16371669409476652,-0.9431070781497564
2000-03-06 04:30:00.000000000,1006,Alicia,0.5444940621642171,0.16329335978265935
2000-03-06 05:15:00.000000000,1042,Alicia,0.005397194924784632,-0.0915284921108841
2000-03-06 07:00:00.000000000,982,Alicia,-0.04860451259547727,0.6301364114464652
2000-03-06 08:30:00.000000000,1023,Alicia,-0.19926524259092093,-0.19408924225267277
2000-03-06 13:00:00.000000000,973,Alicia,0.9269103287605343,-0.20279962819711805
2000-03-06 14:15:00.000000000,949,Alicia,-0.849120443134495,0.6238533587114004
2000-03-06 14:45:00.000000000,991,Alicia,0.6993833764784791,0.33929229987209175
2000-03-06 16:00:00.000000000,1024,Alicia,-0.1544374602420293,-0.37772091461804
2000-03-06 16:15:00.000000000,994,Alicia,0.36025574263751414,-0.881656238240973
2000-03-06 17:45:00.000000000,1048,Alicia,0.11955257288749843,0.7873578068274045
2000-03-06 19:00:00.000000000,1038,Alicia,-0.02310915351212861,0.04176358063334984
2000-03-06 20:00:00.000000000,1006,Alicia,0.5279311648534744,0.7933253291381892
2000-03-06 20:45:00.000000000,1009,Alicia,0.7915965524286253,-0.7211143072456399
2000-03-06 21:15:00.000000000,994,Alicia,0.2733075536065308,0.916700159612176
2000-03-06 21:45:00.000000000,977,Alicia,-0.7274964696659636,0.5514747944341016
2000-03-06 22:00:00.000000000,1035,Alicia,-0.7294804293243504,0.9061000553512484
2000-03-06 22:45:00.000000000,1002,Alicia,-0.9487904498167501,-0.7790737270222967
2000-03-06 23:00:00.000000000,1007,Alicia,0.8431900237185965,0.061509033132425506
2000-03-07 02:15:00.000000000,1041,Alicia,0.3072931564366794,-0.6486765861013597
2000-03-07 07:45:00.000000000,933,Alicia,0.6939131070540376,-0.8906388319578018
2000-03-07 08:45:00.000000000,1009,Alicia,0.08998982801552446,-0.9120659630159582
2000-03-07 10:15:00.000000000,977,Alicia,-0.18853232483301152,0.15549007017852157
2000-03-07 13:00:00.000000000,969,Alicia,0.023623736727187206,-0.7803380544948053
2000-03-07 13:30:00.000000000,969,Alicia,-0.4506609192474238,0.6939335057994926
2000-03-07 14:30:00.000000000,1044,Alicia,0.3005676094935512,0.7528785996845146
2000-03-07 15:30:00.000000000,948,Alicia,-0.08992665303553604,-0.1478903919366823
2000-03-07 15:45:00.000000000,935,Alicia,-0.5673778409896182,-0.6035965827904741
2000-03-07 16:30:00.000000000,1001,Alicia,0.15985823358337492,0.05855934561143572
2000-03-07 17:00:00.000000000,966,Alicia,0.3551367847187532,0.4635574267684526
2000-03-07 18:15:00.000000000,1016,Alicia,0.3174469000950766,-0.07646391421476872
2000-03-07 19:45:00.000000000,1026,Alicia,0.10498242747187447,-0.12490228386544988
2000-03-07 21:30:00.000000000,993,Alicia,-0.8092703321491825,0.5614408889698452
2000-03-07 21:45:00.000000000,1004,Alicia,-0.053065642789836165,-0.5984341663187915
2000-03-08 03:30:00.000000000,996,Alicia,-0.11788410107617509,-0.7464317116903902
2000-03-08 05:15:00.000000000,941,Alicia,-0.6646572764235466,-0.810129421243118
2000-03-08 06:00:00.000000000,969,Alicia,-0.07427528777802017,0.2996290578699796
2000-03-08 06:30:00.000000000,975,Alicia,-0.6906596416953827,-0.4975510311997342
2000-03-08 13:15:00.000000000,972,Alicia,-0.41334192038293405,-0.49218788382340706
2000-03-08 18:30:00.000000000,1006,Alicia,0.8979752620730328,0.6005082725934774
2000-03-08 20:00:00.000000000,1029,Alicia,0.024434527732853262,-0.43885121334618904
2000-03-08 22:15:00.000000000,981,Alicia,0.05292561101843041,0.07109661723830452
2000-03-08 23:30:00.000000000,1020,Alicia,-0.11708071486898919,-0.9689381671906749
2000-03-08 23:45:00.000000000,1011,Alicia,-0.7449652042403045,-0.55211934402513
2000-03-09 01:15:00.000000000,957,Alicia,-0.3125820918110156,0.7344015733223976
2000-03-09 03:15:00.000000000,976,Alicia,-0.9393291868322571,0.1835650041676975
2000-03-09 04:30:00.000000000,1063,Alicia,0.2659797001123261,-0.7429715019689105
2000-03-09 05:15:00.000000000,958,Alicia,0.7171093256989431,-0.658157638298069
2000-03-09 11:00:00.000000000,948,Alicia,0.7750295136627032,0.7412969804954881
2000-03-09 12:00:00.000000000,929,Alicia,0.21577934277039845,-0.9333678528607232
2000-03-09 12:45:00.000000000,1074,Alicia,0.503986892086786,0.6746367967381477
2000-03-09 13:00:00.000000000,965,Alicia,0.06836600038700924,0.09720105113213062
2000-03-09 15:45:00.000000000,990,Alicia,-0.42181765800904536,0.2089988231245412
2000-03-09 16:00:00.000000000,999,Alicia,-0.6964548088202509,0.47072347570172735
2000-03-09 18:00:00.000000000,950,Alicia,-0.24840537649618266,-0.22101079316887295
2000-03-09 18:30:00.000000000,1025,Alicia,-0.41068253700310153,0.3150587313834792
2000-03-09 20:45:00.000000000,944,Alicia,-0.4370879275558237,-0.144782309068054
2000-03-09 23:15:00.000000000,962,Alicia,-0.39024624407976005,0.40682251665751745
2000-03-10 00:45:00.000000000,944,Alicia,0.023429751060325188,-0.2546343951188299
2000-03-10 02:00:00.000000000,1010,Alicia,-0.120721288050744,0.3345485814818199
2000-03-10 03:00:00.000000000,988,Alicia,-0.5971316390301307,-0.5090801496634529
2000-03-10 05:30:00.000000000,1038,Alicia,-0.32462126809938563,-0.3633759752684953
2000-03-10 05:45:00.000000000,1027,Alicia,0.7665919980781499,0.0471351025620006
2000-03-10 06:00:00.000000000,969,Alicia,0.2959349226970023,-0.7865698934091927
2000-03-10 06:45:00.000000000,1049,Alicia,-0.7898972565521121,-0.6161172486242559
2000-03-10 07:15:00.000000000,972,Alicia,0.547301485553199,-0.9153944690989244
2000-03-10 13:30:00.000000000,1085,Alicia,0.7385224466979903,-0.13510993587140296
2000-03-10 14:30:00.000000000,1009,Alicia,-0.9526463290020148,0.5116736790186331
2000-03-10 17:15:00.000000000,1015,Alicia,0.44888217744744674,-0.17884183417780397
2000-03-10 18:15:00.000000000,1015,Alicia,-0.5681855907032012,-0.9679621354258858
2000-03-10 19:00:00.000000000,952,Alicia,0.7888012927760273,-0.9840756164269877
2000-03-10 21:15:00.000000000,1011,Alicia,0.17260162720435046,-0.09265746545036091
2000-03-10 23:15:00.000000000,945,Alicia,0.4252570062760159,0.11587587498675167
2000-03-11 02:00:00.000000000,1012,Alicia,-0.35515180713390393,-0.45508763721562984
2000-03-11 04:45:00.000000000,1055,Alicia,0.0803323935450404,0.8414790666903817
2000-03-11 11:30:00.000000000,1049,Alicia,-0.8860212686551903,-0.2751385730231648
2000-03-11 11:45:00.000000000,1006,Alicia,-0.6267634114255403,-0.2075464857646212
2000-03-11 16:15:00.000000000,991,Alicia,0.9550863569164831,0.1619842077876863
2000-03-11 17:00:00.000000000,1017,Alicia,-0.4030284833730966,0.9186166068584105
2000-03-11 21:15:00.000000000,1018,Alicia,0.6081584176516146,0.4856247865986101
2000-03-11 22:45:00.000000000,1017,Alicia,0.023279764392809543,-0.4300989474293997
2000-03-11 23:00:00.000000000,1038,Alicia,-0.7027423068763115,0.7316587628388378
2000-03-12 00:15:00.000000000,998,Alicia,-0.1468248576976745,-0.16032953437686515
2000-03-12 02:45:00.000000000,1007,Alicia,0.07212059870648702,-0.07990979948394772
2000-03-12 05:00:00.000000000,974,Alicia,0.05007686465107142,0.9808360997687078
2000-03-12 06:00:00.000000000,995,Alicia,0.1889728659411558,-0.2251720007337965
2000-03-12 06:30:00.000000000,1037,Alicia,-0.9855984831242515,0.20449493666592344
2000-03-12 08:15:00.000000000,1016,Alicia,-0.9951735278611429,-0.9386287582106629
2000-03-12 08:30:00.000000000,982,Alicia,-0.0726833189719076,-0.06251182881279616
2000-03-12 09:30:00.000000000,1031,Alicia,-0.3838037910543808,0.10157895242348247
2000-03-12 09:45:00.000000000,995,Alicia,-0.2871390694804987,0.1133010417820084
2000-03-12 10:45:00.000000000,1003,Alicia,-0.9505950160631782,0.9078343670262548
2000-03-12 11:45:00.000000000,974,Alicia,-0.3499825117611366,0.49629687002096023
2000-03-12 13:00:00.000000000,994,Alicia,0.5063850260657963,0.2651197461600019
2000-03-12 15:30:00.000000000,992,Alicia,0.2129553030871505,-0.11973859606928738
2000-03-12 16:15:00.000000000,965,Alicia,-0.7809623727958221,0.31073319643580577
2000-03-12 17:45:00.000000000,1007,Alicia,-0.9574516711507641,0.33387152488661864
2000-03-12 18:30:00.000000000,974,Alicia,0.7264316924252117,0.5935247205056868
2000-03-12 20:30:00.000000000,1014,Alicia,0.7759751316887937,-0.36046747500532494
2000-03-12 22:15:00.000000000,1019,Alicia,0.392975055083312,-0.5303316136198344
2000-03-12 23:45:00.000000000,952,Alicia,-0.665371202533654,0.02824429551365837
2000-03-13 00:45:00.000000000,992,Alicia,0.929871694533825,0.4102758843609524
2000-03-13 01:15:00.000000000,1044,Alicia,-0.32355534062961766,-0.05598547509002616
2000-03-13 01:45:00.000000000,1031,Alicia,-0.02339961093686327,0.5082072250944163
2000-03-13 07:30:00.000000000,1052,Alicia,0.5084805589669275,0.7143934079513918
2000-03-13 09:00:00.000000000,1016,Alicia,-0.5880813362409545,-0.19860107427878382
2000-03-13 09:30:00.000000000,1003,Alicia,0.968150511466711,-0.29110077569563053
2000-03-13 10:30:00.000000000,1052,Alicia,-0.6266949181869192,-0.4538923271573676
2000-03-13 11:00:00.000000000,1029,Alicia,-0.8268647266143374,0.4140753322732793
2000-03-13 11:15:00.000000000,1004,Alicia,0.1376153300155154,0.045074306669691255
2000-03-13 12:30:00.000000000,1035,Alicia,0.9008391641446301,-0.19108183426011882
2000-03-13 13:15:00.000000000,978,Alicia,0.09383217762188156,0.6442900719140552
2000-03-13 15:15:00.000000000,985,Alicia,-0.16770831194747982,-0.155802198216362
2000-03-13 15:30:00.000000000,960,Alicia,0.6110253964126608,0.910724887257002
2000-03-13 16:45:00.000000000,981,Alicia,0.29692182895562436,-0.5682081274026591
2000-03-13 17:45:00.000000000,986,Alicia,-0.9619123417498352,0.9195656286547118
2000-03-13 20:00:00.000000000,1010,Alicia,-0.8001802280655053,0.07487998524115502
2000-03-13 21:45:00.000000000,1011,Alicia,0.4906167231923406,0.9673012085792294
2000-03-13 23:45:00.000000000,994,Alicia,0.648919190316684,0.890753799070767
2000-03-14 01:15:00.000000000,989,Alicia,-0.7729329046139166,0.07994647993464987
2000-03-14 06:30:00.000000000,1007,Alicia,-0.82699472918765,-0.3751178833698363
2000-03-14 07:45:00.000000000,988,Alicia,-0.9699073770482849,-0.09880821438082044
2000-03-14 10:45:00.000000000,1019,Alicia,-0.5455175456244021,-0.8046491614152442
2000-03-14 11:30:00.000000000,1088,Alicia,0.5427428818847952,-0.30852743754676126
2000-03-14 13:30:00.000000000,1116,Alicia,-0.17858383290449997,0.5735941582172364
2000-03-14 14:00:00.000000000,999,Alicia,-0.217521476423836,0.44509346594376464
2000-03-14 14:30:00.000000000,1013,Alicia,0.33974796000641305,-0.09660412434797205
2000-03-14 15:45:00.000000000,941,Alicia,-0.5243778231764631,-0.19238512995057033
2000-03-14 17:45:00.000000000,1036,Alicia,0.08819471495300513,-0.377867402904422
2000-03-14 21:00:00.000000000,989,Alicia,-0.5190764945743653,0.4758323038837837
2000-03-14 21:45:00.000000000,985,Alicia,-0.945996072485767,-0.38586237077951324
2000-03-14 22:30:00.000000000,961,Alicia,0.39406388366472234,0.5168265132548131
2000-03-14 22:45:00.000000000,1081,Alicia,0.6391880843519653,-0.2208063322928917
2000-03-14 23:45:00.000000000,977,Alicia,-0.29890085880896033,0.9854984743510302
2000-03-15 00:30:00.000000000,1022,Alicia,-0.9280874707294919,0.12323087238177255
2000-03-15 01:00:00.000000000,1001,Alicia,-0.2276118634317339,0.4152752883240416
2000-03-15 02:30:00.000000000,986,Alicia,-0.7674999901862631,0.22312047074935282
2000-03-15 03:30:00.000000000,954,Alicia,-0.7676210098938983,0.5359633394346806
2000-03-15 06:30:00.000000000,1026,Alicia,-0.12511471455868817,0.6211740197843911
2000-03-15 07:00:00.000000000,979,Alicia,-0.9369009319775767,-0.9807841174555945
2000-03-15 07:30:00.000000000,1000,Alicia,-0.28817417998311234,-0.9787190958511434
2000-03-15 08:00:00.000000000,1003,Alicia,-0.8058240200161344,0.8389329144263944
2000-03-15 12:15:00.000000000,1031,Alicia,-0.4346134990398631,0.6176503638985273
2000-03-15 14:00:00.000000000,1023,Alicia,0.8809286334362281,-0.563632079381615
2000-03-15 15:45:00.000000000,1038,Alicia,-0.03498496981559995,-0.38556760320408734
2000-03-15 16:00:00.000000000,1019,Alicia,-0.4126641781781202,0.932700600113088
2000-03-15 18:30:00.000000000,982,Alicia,0.7341539006056379,0.9710590744607772
2000-03-15 18:45:00.000000000,970,Alicia,0.6746999948125383,0.014164449235656296
2000-03-15 19:30:00.000000000,977,Alicia,0.37430910728993516,0.22011879429287284
2000-03-15 19:45:00.000000000,1019,Alicia,0.5119394987505252,0.4262680847628022
2000-03-15 20:15:00.000000000,1008,Alicia,-0.04929249062969143,0.02797313058992712
2000-03-15 21:00:00.000000000,970,Alicia,0.44422520950861566,-0.31603527983349866
2000-03-15 21:45:00.000000000,978,Alicia,-0.05980050129271475,-0.6219363584319193
2000-03-15 23:45:00.000000000,1023,Alicia,-0.2809468853693122,-0.3458068427557188
2000-03-16 00:15:00.000000000,1020,Alicia,-0.02706695667052883,0.262407894935905
2000-03-16 01:30:00.000000000,1029,Alicia,0.5982886986200326,-0.613101652424205
2000-03-16 04:00:00.000000000,979,Alicia,-0.16981193819890605,-0.5075285883001743
2000-03-16 04:30:00.000000000,995,Alicia,-0.04781888158234593,-0.8603024083777202
2000-03-16 05:15:00.000000000,962,Alicia,-0.3337756843208892,0.6509612971660785
2000-03-16 06:30:00.000000000,1041,Alicia,0.4534217664499116,0.5648563726814981
2000-03-16 10:30:00.000000000,972,Alicia,-0.017528055783162078,0.35635834424217605
2000-03-16 10:45:00.000000000,1037,Alicia,0.5144675211696961,-0.8664141381919994
2000-03-16 14:45:00.000000000,990,Alicia,-0.36230102599741265,0.6164819987247732
2000-03-16 16:00:00.000000000,954,Alicia,0.19382468862661062,-0.9643868410094827
2000-03-16 17:00:00.000000000,1019,Alicia,0.12995581653075639,0.7670868194753007
2000-03-16 17:45:00.000000000,1051,Alicia,-0.1047028185229959,-0.027151965282354862
2000-03-16 18:45:00.000000000,1038,Alicia,0.0566006572605573,-0.4075592491005906
2000-03-16 20:45:00.000000000,921,Alicia,-0.4908469507692448,-0.8259943294610028
2000-03-16 21:15:00.000000000,1010,Alicia,0.5713134511558784,-0.9382594577580998
2000-03-16 22:30:00.000000000,1005,Alicia,0.7981033895863596,0.640871468930617
2000-03-16 22:45:00.000000000,1010,Alicia,-0.43155567319085364,0.05906339750117495
2000-03-16 23:15:00.000000000,954,Alicia,-0.7487757949071998,0.8638270622403754
2000-03-17 00:00:00.000000000,996,Alicia,-0.6818450160329654,-0.9626188520770476
2000-03-17 00:45:00.000000000,1008,Alicia,-0.07987959494986785,-0.5215690271689768
2000-03-17 01:45:00.000000000,1048,Alicia,0.14659257914058244,0.020760941122295096
2000-03-17 02:00:00.000000000,931,Alicia,-0.572126092171594,-0.7304063378245398
2000-03-17 02:30:00.000000000,1000,Alicia,0.8513841492612382,0.4627961131409868
2000-03-17 02:45:00.000000000,981,Alicia,-0.3319569209369604,-0.9025772140365196
2000-03-17 04:15:00.000000000,1033,Alicia,0.7113736157892814,0.6696627260001291
2000-03-17 06:15:00.000000000,989,Alicia,0.8659793949768995,0.6957670685917374
2000-03-17 07:45:00.000000000,998,Alicia,0.34435005154235343,0.48699518821950316
2000-03-17 08:30:00.000000000,1034,Alicia,-0.9028094037035403,0.12001643154894692
2000-03-17 09:15:00.000000000,1031,Alicia,-0.3389020149715838,-0.14893640464202185
2000-03-17 09:45:00.000000000,1030,Alicia,-0.6325576197438216,0.9548129521580726
2000-03-17 10:45:00.000000000,953,Alicia,0.581776828072252,0.15132036552948658
2000-03-17 11:00:00.000000000,1007,Alicia,-0.8411670053317288,0.5935140525483535
2000-03-17 12:15:00.000000000,1040,Alicia,0.5939329334901406,0.6830625907814674
2000-03-17 12:30:00.000000000,988,Alicia,0.37496791219269565,-0.7623770277635562
2000-03-17 14:00:00.000000000,967,Alicia,-0.17421583777385763,0.22924225688161637
2000-03-17 15:15:00.000000000,1007,Alicia,0.30641524327378034,0.7325218846085209
2000-03-17 16:15:00.000000000,1007,Alicia,-0.7859283990961197,-0.927259004799714
2000-03-17 18:00:00.000000000,977,Alicia,0.7470682543795679,-0.5875637339063202
2000-03-17 22:00:00.000000000,1034,Alicia,-0.5182330927759597,0.42456994547409255
2000-03-17 22:45:00.000000000,1002,Alicia,0.15878592992953156,-0.47752084934613115
2000-03-17 23:30:00.000000000,962,Alicia,0.6841940838476039,-0.9132131634590737
2000-03-18 00:00:00.000000000,983,Alicia,0.5692119613044135,0.8581843089934642
2000-03-18 01:30:00.000000000,977,Alicia,-0.3184719341474993,-0.5473682141606111
2000-03-18 02:45:00.000000000,1043,Alicia,-0.7839880447903202,-0.20101367508375767
2000-03-18 03:30:00.000000000,973,Alicia,-0.3122750077047882,-0.4832615141909049
2000-03-18 03:45:00.000000000,970,Alicia,-0.8965605006842661,0.26453368889480466
2000-03-18 06:15:00.000000000,990,Alicia,-0.6746393610614247,0.38885722793200816
2000-03-18 08:45:00.000000000,993,Alicia,-0.006792108541628483,-0.06738157181913484
2000-03-18 15:15:00.000000000,1023,Alicia,-0.13130949668887948,-0.756638161675641
2000-03-18 17:15:00.000000000,1009,Alicia,-0.10313160138101107,-0.7606350216740236
2000-03-18 20:30:00.000000000,934,Alicia,-0.8663998814425256,0.28766959538117676
2000-03-18 23:00:00.000000000,1042,Alicia,-0.44011810923986183,0.8784875962214043
2000-03-19 00:45:00.000000000,1044,Alicia,0.7003930953571635,0.0968568010426567
2000-03-19 02:45:00.000000000,977,Alicia,-0.19458067686112157,-0.6656609096878148
2000-03-19 03:00:00.000000000,970,Alicia,0.7312247983417817,-0.7441171207594799
2000-03-19 05:45:00.000000000,985,Alicia,-0.27144173421382933,0.8024706885140493
2000-03-19 06:15:00.000000000,983,Alicia,0.6867602649346005,-0.610046528004089
2000-03-19 07:15:00.000000000,1041,Alicia,0.43109875480695004,-0.39088675566657605
2000-03-19 09:15:00.000000000,950,Alicia,-0.8258807935323311,-0.8112627126375227
2000-03-19 10:45:00.000000000,1015,Alicia,-0.4295283927632414,0.3640379675433756
2000-03-19 11:45:00.000000000,1055,Alicia,0.2590509649122614,0.7518267354948269
2000-03-19 14:30:00.000000000,953,Alicia,-0.9745863813889399,-0.4197706375142296
2000-03-19 17:00:00.000000000,970,Alicia,-0.23869574405255545,0.261008986514752
2000-03-19 17:45:00.000000000,1042,Alicia,-0.38743072166435333,-0.6618151370596945
2000-03-19 18:45:00.000000000,997,Alicia,-0.1276867799409087,-0.22424491549837233
2000-03-19 19:45:00.000000000,963,Alicia,0.8665385157799463,0.5937579167843465
2000-03-19 23:30:00.000000000,1024,Alicia,-0.24644972965741352,0.2884041387844414
2000-03-20 00:15:00.000000000,1036,Alicia,-0.2269559913461745,0.8327640753787173
2000-03-20 03:30:00.000000000,984,Alicia,0.5906662504506368,-0.3185078987862515
2000-03-20 06:00:00.000000000,979,Alicia,-0.6875802434305149,0.9740032012445414
2000-03-20 07:15:00.000000000,1023,Alicia,0.8921461081970348,0.998639868131203
2000-03-20 08:45:00.000000000,1048,Alicia,0.7764840683955974,0.5996449711310372
2000-03-20 10:00:00.000000000,1016,Alicia,-0.3519583008793452,-0.37579222870181894
2000-03-20 10:30:00.000000000,981,Alicia,0.028172542760489305,-0.0943513774171656
2000-03-20 10:45:00.000000000,1015,Alicia,0.857717392987293,0.35483298009368736
2000-03-20 11:30:00.000000000,1016,Alicia,-0.988435324096949,0.5947656663152263
2000-03-20 11:45:00.000000000,1029,Alicia,-0.9019698861655876,0.05884835653252485
2000-03-20 13:30:00.000000000,979,Alicia,-0.8893653352682631,0.21737678438566022
2000-03-20 15:45:00.000000000,1012,Alicia,0.328497511373006,-0.32870995456831875
2000-03-20 16:15:00.000000000,973,Alicia,-0.825513677429389,0.5238757332956754
2000-03-20 18:45:00.000000000,999,Alicia,-0.4718368590841855,-0.7166505818353632
2000-03-20 20:30:00.000000000,938,Alicia,-0.1846336476304422,-0.8310278665058608
2000-03-20 22:00:00.000000000,946,Alicia,0.5258326727441298,0.4835282827385039
2000-03-20 22:15:00.000000000,1050,Alicia,0.6736575634692832,-0.7018569188821637
2000-03-20 22:45:00.000000000,982,Alicia,-0.23497272816805448,0.750374823182566
2000-03-21 01:00:00.000000000,986,Alicia,-0.013100197993283658,-0.22942315404284885
2000-03-21 04:15:00.000000000,999,Alicia,0.7707684045449275,-0.018205924915694283
2000-03-21 06:00:00.000000000,1013,Alicia,-0.40322909108125793,0.5486274506742144
2000-03-21 07:00:00.000000000,935,Alicia,0.937396975572155,-0.9219091087214815
2000-03-21 08:30:00.000000000,969,Alicia,0.766926747184411,-0.14234677367619697
2000-03-21 09:00:00.000000000,968,Alicia,0.9570790666185376,-0.18808011648083545
2000-03-21 12:00:00.000000000,991,Alicia,-0.0685453582093618,0.8317813446907063
2000-03-21 13:45:00.000000000,1045,Alicia,0.8707733123496375,-0.06910239067694102
2000-03-21 15:15:00.000000000,967,Alicia,-0.9571784225790607,-0.27832026257639786
2000-03-21 20:30:00.000000000,970,Alicia,-0.5998099876559242,0.4483412119163952
2000-03-21 22:00:00.000000000,992,Alicia,0.7917793744456472,-0.8998133021463532
2000-03-21 22:15:00.000000000,1052,Alicia,-0.8290186839879856,-0.16218156028309982
2000-03-21 23:00:00.000000000,955,Alicia,-0.9090274993656855,-0.6130108277867397
2000-03-21 23:45:00.000000000,1087,Alicia,0.1489829868662096,0.9326348364271531
2000-03-22 04:45:00.000000000,990,Alicia,0.8615128303628423,-0.24083507214403643
2000-03-22 06:30:00.000000000,1035,Alicia,-0.5882334325897047,0.6101776933016338
2000-03-22 06:45:00.000000000,1057,Alicia,-0.9187292032404204,-0.24420780358319005
2000-03-22 08:00:00.000000000,1063,Alicia,-0.9172752494457184,-0.7077604463307254
2000-03-22 10:30:00.000000000,1032,Alicia,0.02006084208396941,0.2467882718263663
2000-03-22 11:00:00.000000000,1032,Alicia,0.5484409691514076,0.28881132388475406
2000-03-22 17:15:00.000000000,1013,Alicia,-0.043514360461903046,-0.8620637262445301
2000-03-22 18:00:00.000000000,1081,Alicia,0.09544655362508325,0.6065108632353986
2000-03-22 18:30:00.000000000,1026,Alicia,0.7058810845786527,-0.27272385276697886
2000-03-22 18:45:00.000000000,1022,Alicia,0.6049438357286538,-0.1874846211117127
2000-03-22 19:30:00.000000000,962,Alicia,-0.3434579217472864,0.3069251819786001
2000-03-22 21:15:00.000000000,957,Alicia,-0.4486689732709217,-0.6419733489594548
2000-03-22 21:30:00.000000000,985,Alicia,-0.6663763816388522,-0.6251640504469858
2000-03-23 03:00:00.000000000,1017,Alicia,0.9345530331454779,-0.09278093291663381
2000-03-23 04:00:00.000000000,948,Alicia,-0.012610190896304774,0.6823968215550302
2000-03-23 05:45:00.000000000,1014,Alicia,0.5488662380381699,0.9762818277211016
2000-03-23 09:30:00.000000000,967,Alicia,-0.6937052076199335,-0.7646947079019673
2000-03-23 11:30:00.000000000,1039,Alicia,0.3824702753173097,-0.3533912572833824
2000-03-23 12:15:00.000000000,967,Alicia,0.0647186258188448,0.2555124391744985
2000-03-23 13:30:00.000000000,983,Alicia,-0.001395243702390081,-0.6891231986516364
2000-03-23 20:30:00.000000000,962,Alicia,-0.0649577625296045,0.12854662849913545
2000-03-23 23:00:00.000000000,993,Alicia,0.7751807621286984,-0.2353382520606737
2000-03-24 01:30:00.000000000,995,Alicia,0.7430987520395052,-0.627285422198623
2000-03-24 02:15:00.000000000,1029,Alicia,-0.37139841254800077,-0.17791320046091785
2000-03-24 02:45:00.000000000,960,Alicia,0.9595072261869064,0.851409098742024
2000-03-24 04:45:00.000000000,959,Alicia,-0.22313235939709375,0.16247426026285527
2000-03-24 05:15:00.000000000,1035,Alicia,0.3100400211377121,-0.48691818805669596
2000-03-24 07:45:00.000000000,1001,Alicia,-0.12416502632859805,-0.03178885534925424
2000-03-24 08:00:00.000000000,984,Alicia,-0.32536171033416905,-0.8108723438986947
2000-03-24 10:15:00.000000000,1014,Alicia,0.11086433669584816,0.740381994930913
2000-03-24 10:30:00.000000000,1003,Alicia,-0.21868340016313992,0.8488579626572954
2000-03-24 11:15:00.000000000,996,Alicia,-0.6087505366794603,-0.048530414967952185
2000-03-24 13:00:00.000000000,977,Alicia,-0.0020516563898071993,0.5781613293551133
2000-03-24 13:45:00.000000000,984,Alicia,-0.09927509784698474,0.1149434678918968
2000-03-24 16:45:00.000000000,1027,Alicia,-0.38075473406709803,0.4409352251461378
2000-03-24 17:30:00.000000000,1055,Alicia,0.01423625227143921,-0.5907734467655832
2000-03-24 18:30:00.000000000,1032,Alicia,-0.49841821521411855,0.533443046214269
2000-03-24 18:45:00.000000000,988,Alicia,-0.9539787870473295,0.6108195006111636
2000-03-24 19:15:00.000000000,1014,Alicia,-0.12634613711209464,-0.9054278723539768
2000-03-24 22:00:00.000000000,1015,Alicia,0.1666549227760339,0.7585096364190171
2000-03-25 01:15:00.000000000,1019,Alicia,0.6871334096702222,0.2681623182733759
2000-03-25 04:00:00.000000000,1005,Alicia,-0.061849656868549374,-0.06442832472284077
2000-03-25 07:45:00.000000000,1009,Alicia,0.32274819955074774,0.6548803837980819
2000-03-25 11:00:00.000000000,961,Alicia,-0.3663985542738506,0.6013251066518952
2000-03-25 13:15:00.000000000,1020,Alicia,-0.5245169275683037,0.40037106856588145
2000-03-25 13:30:00.000000000,1024,Alicia,0.8664816061992651,0.6941295267129368
2000-03-25 15:45:00.000000000,988,Alicia,0.10857806729412678,0.0016943578519736935
2000-03-25 17:00:00.000000000,1010,Alicia,0.8396810733538806,0.9345504159007514
2000-03-25 18:30:00.000000000,1034,Alicia,0.56585488872761,0.1418849760014318
2000-03-25 19:00:00.000000000,986,Alicia,-0.44528966405609016,0.794804068072714
2000-03-25 19:45:00.000000000,1003,Alicia,0.7584130134400682,0.2709675400549303
2000-03-26 00:00:00.000000000,1068,Alicia,-0.3888761848313065,0.8907356129864294
2000-03-26 00:15:00.000000000,1004,Alicia,0.5082801317537708,-0.5302010286479955
2000-03-26 03:15:00.000000000,1018,Alicia,0.8046721099078529,0.013326511261705365
2000-03-26 05:45:00.000000000,1008,Alicia,-0.28317530302130933,-0.5115624912144159
2000-03-26 08:00:00.000000000,1024,Alicia,0.19833893806000824,-0.06544706409587309
2000-03-26 08:15:00.000000000,1048,Alicia,-0.5041458357123196,-0.03777645048731615
2000-03-26 11:00:00.000000000,978,Alicia,0.5817644727521332,0.7639677478481057
2000-03-26 16:30:00.000000000,1032,Alicia,0.4045429185606009,0.8234507999255256
2000-03-26 17:15:00.000000000,976,Alicia,-0.47145417299259607,0.1512555493059502
2000-03-26 19:15:00.000000000,1005,Alicia,0.8330981345712454,-0.5664742518413919
2000-03-26 20:45:00.000000000,983,Alicia,-0.3792576089569071,0.28014617004645603
2000-03-26 21:30:00.000000000,996,Alicia,0.9207187927723501,-0.32914896728415655
2000-03-26 22:30:00.000000000,1047,Alicia,0.3054861960247184,0.9188519482932456
2000-03-27 01:15:00.000000000,1056,Alicia,0.7561999227348386,0.08249593848183845
2000-03-27 02:30:00.000000000,1018,Alicia,0.0972063667543186,0.11234514391064399
2000-03-27 03:15:00.000000000,1008,Alicia,-0.09385027825164571,-0.15210943010438038
2000-03-27 10:15:00.000000000,1024,Alicia,0.4012564384181643,0.7125016399948929
2000-03-27 10:45:00.000000000,991,Alicia,0.6124371915737823,-0.21665321925432246
2000-03-27 11:45:00.000000000,961,Alicia,-0.23129512717674072,0.7557913635913738
2000-03-27 12:00:00.000000000,1017,Alicia,-0.9693844516824845,-0.8696373652672282
2000-03-27 14:00:00.000000000,959,Alicia,-0.3214667011236765,-0.7983357697062101
2000-03-27 16:00:00.000000000,999,Alicia,-0.31185689886380064,0.5472188956178528
2000-03-27 17:30:00.000000000,1041,Alicia,-0.3183488756047619,0.48824911577272023
2000-03-27 22:45:00.000000000,960,Alicia,-0.2871145883625006,-0.6464845676287401
2000-03-27 23:30:00.000000000,970,Alicia,0.4822478627163631,0.5003724179905806
2000-03-28 01:45:00.000000000,972,Alicia,-0.23354929191758456,-0.5844296442468915
2000-03-28 03:15:00.000000000,1030,Alicia,-0.6992447046146593,0.7718267710130222
2000-03-28 04:00:00.000000000,1026,Alicia,-0.7360351314467501,0.4927312306185456
2000-03-28 05:30:00.000000000,1053,Alicia,0.7818576814302058,-0.9182177556237812
2000-03-28 05:45:00.000000000,1026,Alicia,0.4383602997526226,0.635774375100536
2000-03-28 07:15:00.000000000,947,Alicia,0.5063969272667086,0.7743140445325041
2000-03-28 09:45:00.000000000,1004,Alicia,0.9525274367244196,-0.09628734043660114
2000-03-28 11:00:00.000000000,998,Alicia,-0.32851717977914063,-0.3733278090087988
2000-03-28 12:00:00.000000000,1048,Alicia,-0.6997301560362812,-0.895548581842603
2000-03-28 13:00:00.000000000,996,Alicia,0.9498139983938376,0.27744239754739386
2000-03-28 13:15:00.000000000,1071,Alicia,0.5408934624010455,0.1879161287619071
2000-03-28 14:15:00.000000000,946,Alicia,0.9162558024721781,-0.9269900419222763
2000-03-28 14:30:00.000000000,986,Alicia,0.34418398026743047,0.9104029779964633
2000-03-28 17:00:00.000000000,981,Alicia,0.5470835078036054,0.7441254044005239
2000-03-28 21:00:00.000000000,976,Alicia,-0.6809540365806184,-0.11907279333147214
2000-03-28 23:00:00.000000000,1000,Alicia,-0.5815362047710302,0.7096378924017215
2000-03-29 00:00:00.000000000,1007,Alicia,0.12284977451599444,0.6919774059700066
2000-03-29 02:00:00.000000000,977,Alicia,-0.35630403542325606,0.3036708499542191
2000-03-29 02:30:00.000000000,1013,Alicia,-0.4349157990265484,-0.8034373192126054
2000-03-29 03:00:00.000000000,995,Alicia,-0.9318682803903884,-0.15600138699565536
2000-03-29 03:15:00.000000000,1011,Alicia,0.3381998725041724,-0.1794809425403754
2000-03-29 04:15:00.000000000,1035,Alicia,0.4583946776872825,0.4308500664741495
2000-03-29 05:30:00.000000000,1025,Alicia,0.15196500265908242,-0.8157391874442523
2000-03-29 05:45:00.000000000,1008,Alicia,0.6107270100179116,-0.08894221558191129
2000-03-29 07:30:00.000000000,1053,Alicia,0.6648481977297933,0.8421309099113041
2000-03-29 08:00:00.000000000,1076,Alicia,0.03950683987878967,0.1767489387217187
2000-03-29 10:00:00.000000000,995,Alicia,0.9538642014225838,0.8959975945618366
2000-03-29 12:15:00.000000000,993,Alicia,-0.2419197082687341,0.2771455885983565
2000-03-29 13:30:00.000000000,991,Alicia,-0.8138019695978138,-0.5730346430317923
2000-03-29 13:45:00.000000000,978,Alicia,-0.6747442943942301,0.28232541322822
2000-03-29 15:15:00.000000000,999,Alicia,-0.47028263971699413,-0.7560295513491535
2000-03-29 17:00:00.000000000,954,Alicia,-0.2572270048468883,-0.8201920188386873
2000-03-29 17:15:00.000000000,963,Alicia,0.93851350681156,0.5938560819493144
2000-03-30 00:30:00.000000000,966,Alicia,0.23406200696696278,-0.13641300756393338
2000-03-30 00:45:00.000000000,946,Alicia,-0.7818211875468719,-0.14937246693387962
2000-03-30 03:00:00.000000000,1023,Alicia,0.5744825646847331,-0.12090145032088273
2000-03-30 05:15:00.000000000,1035,Alicia,-0.5955587048435276,-0.5341886773077127
2000-03-30 07:15:00.000000000,1016,Alicia,-0.22421286259784945,-0.5723077398710708
2000-03-30 09:00:00.000000000,1016,Alicia,-0.3747203954885896,0.31264003045287714
2000-03-30 10:00:00.000000000,1007,Alicia,-0.5541392807599321,-0.27117311451778314
2000-03-30 10:45:00.000000000,1009,Alicia,-0.4911033562497342,-0.10655215249983607
2000-03-30 11:15:00.000000000,1002,Alicia,-0.8515725166660473,0.36846591158563236
2000-03-30 13:45:00.000000000,992,Alicia,0.18574416257251136,0.842435595755193
2000-03-30 17:15:00.000000000,1006,Alicia,-0.6042372706313051,-0.8195374585325927
2000-03-30 18:30:00.000000000,1045,Alicia,0.900239721842536,-0.9252455698126407
2000-03-30 19:15:00.000000000,1067,Alicia,-0.9163919513634324,0.08856965259096072
2000-03-30 20:15:00.000000000,953,Alicia,0.08925646603198412,0.11134933405066638
2000-03-30 22:00:00.000000000,1034,Alicia,-0.44184264524595585,-0.25382481206120366
2000-03-30 23:15:00.000000000,998,Alicia,-0.9258658181153359,0.21788583341504797
2000-01-01 02:15:00.000000000,1002,Cleverson,0.04446681675529596,0.5043574578116863
2000-01-01 03:30:00.000000000,1010,Cleverson,0.7553862819076487,-0.494375654758753
2000-01-01 07:15:00.000000000,987,Cleverson,-0.7738282646271519,-0.14195658009686696
2000-01-01 10:30:00.000000000,1030,Cleverson,0.5782688911991098,0.5283565472797762
2000-01-01 11:30:00.000000000,1042,Cleverson,-0.7837604933959041,0.6327936532434768
2000-01-01 12:00:00.000000000,1038,Cleverson,0.7050331568485431,0.33823975185224264
2000-01-01 14:45:00.000000000,998,Cleverson,-0.28165599904519656,-0.43394754015893033
2000-01-01 15:00:00.000000000,1024,Cleverson,0.802093970827032,0.8721733960630158
2000-01-01 17:00:00.000000000,999,Cleverson,0.07725308786617524,0.4432031708761883
2000-01-01 18:45:00.000000000,959,Cleverson,0.2901371954365122,0.21300739226182364
2000-01-01 22:00:00.000000000,1033,Cleverson,-0.34725605473917653,0.2521292109102016
2000-01-02 01:15:00.000000000,999,Cleverson,-0.15768221223193146,0.3307925738526978
2000-01-02 01:45:00.000000000,1027,Cleverson,-0.9962277382878286,-0.6364941136167201
2000-01-02 02:45:00.000000000,992,Cleverson,0.25340969375345934,-0.24167655358383655
2000-01-02 03:00:00.000000000,1031,Cleverson,-0.43848350197775576,0.22972020174401653
2000-01-02 04:30:00.000000000,962,Cleverson,-0.16935711670093379,0.4330029794632011
2000-01-02 04:45:00.000000000,970,Cleverson,0.10493938895027566,-0.8219153238440848
2000-01-02 05:15:00.000000000,1041,Cleverson,-0.5662087563392242,-0.03853888032564079
2000-01-02 05:45:00.000000000,1002,Cleverson,0.5986169628226714,-0.058565451499512866
2000-01-02 06:15:00.000000000,1019,Cleverson,-0.5965312056312491,0.8093309636567534
2000-01-02 07:15:00.000000000,975,Cleverson,-0.8276819266580802,-0.48922898390228453
2000-01-02 08:15:00.000000000,971,Cleverson,-0.0016122420276190041,0.22175776568700312
2000-01-02 09:00:00.000000000,947,Cleverson,0.24856352452213692,0.9274033697449793
2000-01-02 09:45:00.000000000,982,Cleverson,-0.6061048235080226,0.6725854674150793
2000-01-02 10:45:00.000000000,1023,Cleverson,0.04124971303049452,0.5028309596432889
2000-01-02 12:15:00.000000000,995,Cleverson,-0.7680167081937364,0.5818564233787908
2000-01-02 14:15:00.000000000,1025,Cleverson,0.48204645493469966,0.20528699920254767
2000-01-02 14:45:00.000000000,1064,Cleverson,-0.6053123839727599,0.24450176418187208
2000-01-02 16:45:00.000000000,1021,Cleverson,0.6912275091813143,0.4074598089071717
2000-01-02 17:00:00.000000000,960,Cleverson,0.3567110936453217,0.7223506748914579
2000-01-03 03:00:00.000000000,965,Cleverson,-0.6142674431722379,-0.9655550219882751
2000-01-03 05:45:00.000000000,998,Cleverson,0.8019594575110909,-0.2674916160938712
2000-01-03 06:15:00.000000000,996,Cleverson,0.5142378686118365,0.21873765808667112
2000-01-03 08:45:00.000000000,997,Cleverson,-0.2705575967285785,0.58796521921168
2000-01-03 10:15:00.000000000,961,Cleverson,-0.039098839692491394,-0.9957557636338903
2000-01-03 14:00:00.000000000,1005,Cleverson,0.5464747165637791,0.07207724200185561
2000-01-03 14:15:00.000000000,983,Cleverson,0.9314821095795158,0.9065572989330744
2000-01-03 15:15:00.000000000,950,Cleverson,-0.686763024526291,0.17983911064007208
2000-01-03 17:00:00.000000000,980,Cleverson,0.7666462679680022,0.13517976429746859
2000-01-03 17:15:00.000000000,955,Cleverson,-0.4216221026067961,-0.7421627691846215
2000-01-03 19:15:00.000000000,1035,Cleverson,-0.8617773875699581,-0.7141379717460838
2000-01-04 00:15:00.000000000,984,Cleverson,0.36529764229472517,0.40251160272306086
2000-01-04 01:15:00.000000000,959,Cleverson,0.06611927246940663,-0.5501233781673229
2000-01-04 02:30:00.000000000,1021,Cleverson,-0.3964040711661949,-0.7202291956858662
2000-01-04 04:15:00.000000000,968,Cleverson,-0.46239880945963274,-0.13973239280273209
2000-01-04 05:30:00.000000000,987,Cleverson,0.5113104050026576,-0.7843951702272074
2000-01-04 08:00:00.000000000,1027,Cleverson,-0.10328499365527932,-0.1518972444307367
2000-01-04 10:00:00.000000000,1017,Cleverson,0.9775418995236453,-0.1334692919121685
2000-01-04 10:45:00.000000000,993,Cleverson,0.19835706882076543,0.7974845002854842
2000-01-04 14:30:00.000000000,1016,Cleverson,0.4834521208192266,-0.9220274535680555
2000-01-04 17:00:00.000000000,984,Cleverson,0.6858828640529697,-0.7037629968270311
2000-01-04 17:45:00.000000000,957,Cleverson,0.47697330701384777,0.8540656042682815
2000-01-04 18:30:00.000000000,1042,Cleverson,-0.15366804723036176,0.4169595454441035
2000-01-04 21:45:00.000000000,1017,Cleverson,0.5107328526441866,0.6467132576113483
2000-01-04 22:00:00.000000000,1021,Cleverson,-0.8729188203940799,0.9846360725446159
2000-01-04 23:45:00.000000000,1040,Cleverson,-0.8181590222777926,-0.44526613012886207
2000-01-05 00:15:00.000000000,1005,Cleverson,-0.9309250877543489,-0.4299154438513293
2000-01-05 01:00:00.000000000,981,Cleverson,-0.21156077304437648,-0.7749793457582115
2000-01-05 02:00:00.000000000,974,Cleverson,-0.05410081990421167,0.8317057258203935
2000-01-05 02:45:00.000000000,1013,Cleverson,-0.14478023342118806,0.22334952535335417
2000-01-05 04:00:00.000000000,998,Cleverson,0.7709749356206532,-0.4792351599500688
2000-01-05 04:45:00.000000000,1043,Cleverson,-0.4969493692131881,0.7959664465518859
2000-01-05 05:15:00.000000000,980,Cleverson,-0.9778737073025481,0.700799998659041
2000-01-05 09:30:00.000000000,1034,Cleverson,0.8678336891092522,0.4252449511223422
2000-01-05 10:30:00.000000000,1008,Cleverson,0.5328354443235699,0.4116405179899705
2000-01-05 18:00:00.000000000,960,Cleverson,0.7110056506716713,-0.7825708555897075
2000-01-05 19:45:00.000000000,957,Cleverson,0.16629785844819667,-0.1626657851766653
2000-01-05 22:45:00.000000000,1041,Cleverson,0.686572583237876,0.19772639749733445
2000-01-05 23:15:00.000000000,1003,Cleverson,0.622465978871882,-0.023678880408776637
2000-01-05 23:30:00.000000000,993,Cleverson,-0.5203623374195046,-0.60633521906806
2000-01-06 01:00:00.000000000,1031,Cleverson,-0.332208625230624,0.8716838510314786
2000-01-06 02:15:00.000000000,1004,Cleverson,-0.6311744412149902,0.9327041900420656
2000-01-06 03:30:00.000000000,1024,Cleverson,0.4774722043616384,-0.3578639258087497
2000-01-06 05:15:00.000000000,1038,Cleverson,-0.969757731844519,-0.33006022629531384
2000-01-06 13:45:00.000000000,1014,Cleverson,-0.7113523357040501,-0.8742703484016514
2000-01-06 14:15:00.000000000,992,Cleverson,0.6537687434920196,0.7683748895358451
2000-01-06 15:15:00.000000000,1031,Cleverson,-0.5365806616404896,-0.38159099489041837
2000-01-06 17:00:00.000000000,962,Cleverson,0.4627187803102779,-0.2869058568174869
2000-01-06 19:15:00.000000000,1001,Cleverson,-0.9511315438370662,0.8704975127577483
2000-01-06 21:15:00.000000000,979,Cleverson,-0.5296727342306651,-0.7836177385754179
2000-01-06 22:00:00.000000000,983,Cleverson,-0.09320412873191719,-0.9212474513419555
2000-01-06 22:45:00.000000000,995,Cleverson,-0.6576686525123658,0.6629696181926035
2000-01-06 23:00:00.000000000,1034,Cleverson,0.8428544836977925,-0.5210524266887153
2000-01-06 23:30:00.000000000,1015,Cleverson,0.7526282571381233,-0.009320076908908348
2000-01-06 23:45:00.000000000,922,Cleverson,-0.97736415019376,-0.8130141020730228
2000-01-07 01:00:00.000000000,1038,Cleverson,-0.25343361787832897,-0.7677667224908242
2000-01-07 01:45:00.000000000,998,Cleverson,0.6387029458424052,0.36490355956955645
2000-01-07 03:45:00.000000000,982,Cleverson,-0.21959229589275675,-0.4550597894400319
2000-01-07 04:45:00.000000000,994,Cleverson,0.013500544306295215,0.27209810153709935
2000-01-07 05:00:00.000000000,1027,Cleverson,-0.9918383849290886,-0.07838523873998282
2000-01-07 06:30:00.000000000,1022,Cleverson,-0.4968976758887531,-0.35339902506093224
2000-01-07 07:15:00.000000000,940,Cleverson,0.44650400193784456,-0.8805441190553382
2000-01-07 08:45:00.000000000,1009,Cleverson,-0.9009171429844811,-0.2530055475906414
2000-01-07 09:45:00.000000000,953,Cleverson,0.5774292136005756,0.7388848880554966
2000-01-07 10:15:00.000000000,973,Cleverson,-0.22289257643208504,-0.8813921732164005
2000-01-07 12:15:00.000000000,987,Cleverson,0.5679327774434366,0.5874342757614981
2000-01-07 14:45:00.000000000,992,Cleverson,-0.9809895861945328,-0.02746864447923958
2000-01-07 18:45:00.000000000,992,Cleverson,-0.46119462791675336,0.11952698551659413
2000-01-07 21:45:00.000000000,1001,Cleverson,0.6975584833593633,-0.8440243505179441
2000-01-07 22:00:00.000000000,1013,Cleverson,-0.4590542939653022,-0.06554015253218615
2000-01-07 23:30:00.000000000,1015,Cleverson,-0.7576620676374182,-0.49256689705856527
2000-01-08 00:00:00.000000000,1053,Cleverson,-0.598347513866994,0.762485569784018
2000-01-08 00:15:00.000000000,1010,Cleverson,-0.9221486932627727,0.2429660060132548
2000-01-08 01:45:00.000000000,984,Cleverson,0.7779089347439567,-0.494420226734289
2000-01-08 02:15:00.000000000,967,Cleverson,0.4191019525898909,-0.5151140133338843
2000-01-08 04:30:00.000000000,1010,Cleverson,-0.783157751649793,0.9242750716078236
2000-01-08 05:30:00.000000000,993,Cleverson,-0.20031270841875615,-0.7095909167378738
2000-01-08 08:30:00.000000000,933,Cleverson,0.6167086249558076,0.12880369424860794
2000-01-08 09:30:00.000000000,999,Cleverson,-0.6960848753910609,-0.19455432761131752
2000-01-08 11:15:00.000000000,990,Cleverson,-0.9501217656165037,0.20823883765915663
2000-01-08 13:45:00.000000000,1038,Cleverson,-0.37010580330227616,0.19102400582723522
2000-01-08 14:30:00.000000000,967,Cleverson,0.7003212980768259,-0.5773402094720388
2000-01-08 15:30:00.000000000,983,Cleverson,0.02915073574853211,0.8483245511540982
2000-01-08 16:00:00.000000000,1003,Cleverson,0.25600289414601396,-0.6246433250921157
2000-01-08 17:00:00.000000000,973,Cleverson,-0.7358112155367669,0.15161892196943483
2000-01-08 17:15:00.000000000,976,Cleverson,-0.1257077133588813,-0.9565939833324388
2000-01-08 17:45:00.000000000,1029,Cleverson,-0.44073331455804143,0.24346410978828548
2000-01-08 18:30:00.000000000,1013,Cleverson,-0.9407162823060446,-0.29925715327174607
2000-01-08 19:00:00.000000000,1007,Cleverson,-0.4144799860321522,0.02891907203003874
2000-01-08 21:00:00.000000000,945,Cleverson,-0.195124319108974,-0.8908085765666871
2000-01-08 21:45:00.000000000,1000,Cleverson,0.1307352780585107,-0.27888185542868804
2000-01-08 23:15:00.000000000,996,Cleverson,-0.45203283204450306,-0.40512513242247916
2000-01-08 23:45:00.000000000,1031,Cleverson,0.009321108854965177,-0.08022926482088288
2000-01-09 00:30:00.000000000,979,Cleverson,-0.5823505000050471,0.18771903823563507
2000-01-09 01:00:00.000000000,984,Cleverson,0.16317468996726991,0.4066060198031882
2000-01-09 02:00:00.000000000,1008,Cleverson,-0.3438845281347025,-0.5789025426348442
2000-01-09 02:45:00.000000000,995,Cleverson,-0.504478755459449,-0.7312224885103202
2000-01-09 03:45:00.000000000,1020,Cleverson,-0.8649947786751275,-0.9454704830364544
2000-01-09 05:15:00.000000000,993,Cleverson,0.8327628765469743,-0.5366114888981015
2000-01-09 06:45:00.000000000,1050,Cleverson,0.6267899049102796,-0.06927281218368542
2000-01-09 07:00:00.000000000,1008,Cleverson,0.8750953433470574,0.46488511300043545
2000-01-09 07:15:00.000000000,965,Cleverson,0.5150001624943952,-0.8691451745489442
2000-01-09 09:00:00.000000000,1022,Cleverson,0.8083301753499206,0.8670691520025653
2000-01-09 10:45:00.000000000,1025,Cleverson,-0.21313977086998404,-0.24185118597736222
2000-01-09 11:30:00.000000000,944,Cleverson,-0.4111855813878704,-0.09101353728465078
2000-01-09 12:00:00.000000000,979,Cleverson,-0.9359953850177458,0.7212292759514194
2000-01-09 12:15:00.000000000,1078,Cleverson,-0.2623123925300497,0.3902684917360253
2000-01-09 12:45:00.000000000,1001,Cleverson,0.4271578425528577,-0.1072010643877701
2000-01-09 16:45:00.000000000,967,Cleverson,0.38966966959410887,0.3733805377333521
2000-01-09 19:15:00.000000000,958,Cleverson,0.3029572546228021,0.518029709252535
2000-01-09 21:45:00.000000000,1028,Cleverson,-0.06795851921586049,0.5175592977742793
2000-01-09 23:00:00.000000000,1007,Cleverson,0.04178358706824303,-0.8042069554023237
2000-01-10 01:15:00.000000000,1010,Cleverson,-0.9969687861497496,-0.31284007647616097
2000-01-10 03:15:00.000000000,1021,Cleverson,-0.07948696621296225,0.6414370490703853
2000-01-10 09:30:00.000000000,1010,Cleverson,-0.7865850700564285,-0.22636229010933073
2000-01-10 10:15:00.000000000,1015,Cleverson,-0.6811117470036887,-0.4905431601394399
2000-01-10 10:45:00.000000000,989,Cleverson,-0.8996859567454873,0.9183591114062881
2000-01-10 11:00:00.000000000,1027,Cleverson,0.5593480742724692,-0.40081173438564566
2000-01-10 18:15:00.000000000,995,Cleverson,-0.530789121964166,-0.9425563022311829
2000-01-10 18:30:00.000000000,981,Cleverson,-0.7873588233785107,0.8200822353663879
2000-01-10 19:45:00.000000000,1006,Cleverson,0.7321789401987449,0.03275155004875763
2000-01-10 22:00:00.000000000,1007,Cleverson,-0.13006043477826745,-0.33734772249265954
2000-01-11 01:15:00.000000000,985,Cleverson,0.3136579409983198,-0.4832994397729553
2000-01-11 05:15:00.000000000,950,Cleverson,0.3628012894334016,-0.7898023414868172
2000-01-11 06:15:00.000000000,1036,Cleverson,-0.021792961455624704,0.5034973450308162
2000-01-11 06:45:00.000000000,976,Cleverson,-0.9558213596914096,-0.9495814166097694
2000-01-11 07:15:00.000000000,1008,Cleverson,0.4617922972236541,-0.2999984926235244
2000-01-11 10:30:00.000000000,989,Cleverson,0.6954324563315568,-0.370828987024874
2000-01-11 11:45:00.000000000,1002,Cleverson,0.8976068248275662,0.763196773373424
2000-01-11 13:45:00.000000000,986,Cleverson,-0.95373106617953,0.45237539758706613
2000-01-11 14:00:00.000000000,964,Cleverson,-0.1110904893872613,-0.5912096615444093
2000-01-11 14:45:00.000000000,1021,Cleverson,0.7114539173979233,0.35057081640536714
2000-01-11 15:00:00.000000000,1033,Cleverson,0.4521723214046045,-0.47274187040967863
2000-01-11 17:15:00.000000000,979,Cleverson,-0.32534596620674794,-0.8442385154589795
2000-01-11 17:45:00.000000000,1034,Cleverson,0.570627190087184,-0.6204553224817342
2000-01-11 21:15:00.000000000,1022,Cleverson,-0.22214975384982005,0.01685667983541439
2000-01-11 21:45:00.000000000,1020,Cleverson,0.12427738384113085,0.8437267037251934
2000-01-11 22:00:00.000000000,965,Cleverson,-0.06136731311498611,-0.47387559311387206
2000-01-11 22:30:00.000000000,995,Cleverson,0.594615114024106,-0.6008545689937452
2000-01-12 01:45:00.000000000,936,Cleverson,-0.19295996320255537,-0.9848033043506847
2000-01-12 04:30:00.000000000,1025,Cleverson,-0.18097204686298007,-0.8516643137075743
2000-01-12 08:00:00.000000000,1023,Cleverson,-0.682335444877396,-0.6541605707798948
2000-01-12 10:00:00.000000000,988,Cleverson,-0.2874138102069963,-0.5391275140364713
2000-01-12 11:45:00.000000000,964,Cleverson,0.16020465971120013,0.7099749467356233
2000-01-12 12:45:00.000000000,1004,Cleverson,0.5239229154365885,0.9374068136016713
2000-01-12 14:30:00.000000000,949,Cleverson,0.05671396878323609,-0.8349896110534283
2000-01-12 15:00:00.000000000,977,Cleverson,0.33969977974270704,0.8362917054376822
2000-01-12 17:45:00.000000000,972,Cleverson,0.4241791769669305,-0.4638245202952107
2000-01-12 18:15:00.000000000,1020,Cleverson,-0.555054140943489,0.7608451821698714
2000-01-12 20:45:00.000000000,1010,Cleverson,0.29705905734760574,-0.20856724832544105
2000-01-12 23:00:00.000000000,1017,Cleverson,-0.08457026222362418,-0.2063899775308884
2000-01-13 00:00:00.000000000,939,Cleverson,-0.9776137564172327,0.37864949409855053
2000-01-13 00:15:00.000000000,988,Cleverson,0.4062089877107695,0.743152689904073
2000-01-13 01:45:00.000000000,968,Cleverson,0.07450529698549113,0.6815591216253967
2000-01-13 02:45:00.000000000,1002,Cleverson,0.28945239592828975,-0.04421169133796843
2000-01-13 05:30:00.000000000,1085,Cleverson,-0.6310304355127863,-0.19973428292158246
2000-01-13 07:45:00.000000000,996,Cleverson,0.5427090273388919,-0.3217644835461817
2000-01-13 08:15:00.000000000,1016,Cleverson,0.5202855524351195,-0.8641668235721296
2000-01-13 09:30:00.000000000,1016,Cleverson,-0.8230389829449443,-0.8260459142539971
2000-01-13 09:45:00.000000000,1026,Cleverson,0.41904499489062585,-0.5388287216113254
2000-01-13 10:30:00.000000000,1006,Cleverson,0.6852370364232867,0.26198255792496683
2000-01-13 11:15:00.000000000,1012,Cleverson,-0.4992965802731988,-0.3450143511798558
2000-01-13 13:15:00.000000000,978,Cleverson,0.18785568296513078,0.13446227952502166
2000-01-13 15:15:00.000000000,964,Cleverson,0.6999514755675182,0.6096709808169487
2000-01-13 18:15:00.000000000,924,Cleverson,-0.6655746379925498,-0.5630793650572146
2000-01-13 19:00:00.000000000,967,Cleverson,-0.4202718338192364,-0.3172042630381402
2000-01-13 20:45:00.000000000,1027,Cleverson,0.7252945748467439,0.20603173556797505
2000-01-13 21:30:00.000000000,983,Cleverson,-0.6082792772889951,0.43562456144237904
2000-01-14 00:45:00.000000000,1009,Cleverson,-0.6290733042862906,-0.34051840633927166
2000-01-14 01:00:00.000000000,993,Cleverson,-0.9243241208884472,0.8469577912048234
2000-01-14 06:15:00.000000000,1033,Cleverson,-0.49696559483041014,0.8633025160519341
2000-01-14 08:45:00.000000000,1029,Cleverson,-0.7040319947804714,-0.8043048138643383
2000-01-14 11:00:00.000000000,1000,Cleverson,-0.9983031544444483,0.0720052630259751
2000-01-14 13:30:00.000000000,1039,Cleverson,0.5093294135454736,0.002978302969427915
2000-01-14 18:30:00.000000000,1017,Cleverson,-0.8908807528845331,-0.9230350745354363
2000-01-14 18:45:00.000000000,996,Cleverson,-0.19022736289144304,0.32651616967455754
2000-01-14 20:00:00.000000000,1037,Cleverson,-0.20735541391205925,0.5648343489293524
2000-01-14 20:30:00.000000000,1058,Cleverson,0.2543597381914722,-0.4315852880525284
2000-01-14 21:30:00.000000000,1012,Cleverson,-0.6396973527678789,-0.7061108175335506
2000-01-14 22:45:00.000000000,959,Cleverson,0.8886123826582055,0.6851454651184106
2000-01-14 23:00:00.000000000,1013,Cleverson,0.07896314737541155,-0.6597321509627514
2000-01-14 23:45:00.000000000,996,Cleverson,0.3140218543388007,0.13053653631828666
2000-01-15 01:00:00.000000000,958,Cleverson,0.7598944209459395,0.3981705333654373
2000-01-15 02:45:00.000000000,995,Cleverson,0.14851368789853492,0.7729222505231059
2000-01-15 03:00:00.000000000,983,Cleverson,0.6959398939770678,-0.6641473759740744
2000-01-15 03:45:00.000000000,985,Cleverson,0.11114901261775345,0.6977400300324927
2000-01-15 04:00:00.000000000,1004,Cleverson,-0.1419802199128808,-0.6031356346833074
2000-01-15 06:15:00.000000000,1011,Cleverson,-0.6111655189556311,-0.369896016264021
2000-01-15 07:15:00.000000000,1014,Cleverson,-0.4900883869676782,0.41911874282731154
2000-01-15 07:30:00.000000000,1001,Cleverson,0.9508057770445979,-0.20492257538164305
2000-01-15 07:45:00.000000000,958,Cleverson,0.9941558292168073,0.14901079390975425
2000-01-15 10:30:00.000000000,939,Cleverson,-0.5443119602283808,-0.9718646413864913
2000-01-15 11:45:00.000000000,984,Cleverson,0.18653624998394447,-0.570098541435482
2000-01-15 12:00:00.000000000,1067,Cleverson,0.49401923490641786,0.5980886863236416
2000-01-15 12:30:00.000000000,1043,Cleverson,-0.5100765227718036,0.7969212592186041
2000-01-15 14:45:00.000000000,1039,Cleverson,0.4390359083433846,-0.30454258157358294
2000-01-15 16:00:00.000000000,1044,Cleverson,-0.327664765697933,-0.056294484396180566
2000-01-15 18:15:00.000000000,1013,Cleverson,-0.08062842645930579,-0.29841104053058554
2000-01-15 19:00:00.000000000,1040,Cleverson,-0.15809435477545053,0.36327584737042207
2000-01-15 20:45:00.000000000,1016,Cleverson,-0.7399131330631439,0.3674245419833031
2000-01-15 21:30:00.000000000,1005,Cleverson,-0.8645384674077956,0.5531858659028395
2000-01-15 23:45:00.000000000,1009,Cleverson,-0.7598859629235586,-0.3937304337216305
2000-01-16 01:45:00.000000000,1019,Cleverson,0.935541834285794,0.89355161223029
2000-01-16 05:30:00.000000000,1003,Cleverson,-0.691198405524347,-0.4556246356985716
2000-01-16 06:45:00.000000000,1038,Cleverson,-0.23257508199752186,-0.41948714506957874
2000-01-16 08:00:00.000000000,974,Cleverson,0.4274188190967605,-0.9638801254057026
2000-01-16 10:30:00.000000000,1030,Cleverson,-0.6824076183093328,0.5262384854449136
2000-01-16 11:45:00.000000000,1028,Cleverson,0.1453346801866897,0.8187659525173447
2000-01-16 14:00:00.000000000,973,Cleverson,0.520635744194814,0.6735238421544918
2000-01-16 14:15:00.000000000,1016,Cleverson,-0.19669310389012695,0.8872687307662752
2000-01-16 15:15:00.000000000,1053,Cleverson,0.6523563471566947,0.22567849193172917
2000-01-16 15:30:00.000000000,956,Cleverson,-0.8908535776267992,0.0333384119336777
2000-01-16 18:45:00.000000000,997,Cleverson,-0.21185641348574324,-0.321455917790632
2000-01-16 19:30:00.000000000,1028,Cleverson,-0.2528428166615979,0.7123643156116901
2000-01-16 20:00:00.000000000,1011,Cleverson,0.18983640374379518,0.2976094755099177
2000-01-16 22:30:00.000000000,962,Cleverson,0.26504098140403354,-0.9642804058885648
2000-01-17 01:45:00.000000000,1017,Cleverson,-0.4823186605393728,-0.7862199529718135
2000-01-17 03:00:00.000000000,923,Cleverson,0.29905072860404336,0.4495876138394994
2000-01-17 03:15:00.000000000,993,Cleverson,-0.5752692696935566,0.9222975117779684
2000-01-17 03:45:00.000000000,1007,Cleverson,0.1345296210114082,0.756910092908947
2000-01-17 07:30:00.000000000,1007,Cleverson,-0.7964337008103943,0.7973943972482367
2000-01-17 09:30:00.000000000,1010,Cleverson,-0.048971384259937745,0.2633240441090534
2000-01-17 10:15:00.000000000,1012,Cleverson,0.009726781899567438,-0.9702734677038511
2000-01-17 15:45:00.000000000,1007,Cleverson,-0.2146686199781176,0.7684761232581891
2000-01-17 17:00:00.000000000,1028,Cleverson,0.7943529167212509,-0.8173021500230275
2000-01-17 18:15:00.000000000,1031,Cleverson,-0.860982485891506,0.5375251596578396
2000-01-17 19:15:00.000000000,1045,Cleverson,0.7373480078447618,0.17308467829504348
2000-01-17 19:45:00.000000000,1005,Cleverson,-0.9887151381179007,-0.9761631227111209
2000-01-17 21:00:00.000000000,978,Cleverson,-0.9144180556708106,-0.4318684618553401
2000-01-17 22:00:00.000000000,979,Cleverson,0.17238561763649862,-0.0963428106719788
2000-01-18 00:00:00.000000000,935,Cleverson,-0.529593094637514,-0.49986051711296264
2000-01-18 01:15:00.000000000,987,Cleverson,0.6202760738291333,0.02533283622166338
2000-01-18 02:00:00.000000000,1009,Cleverson,-0.564003760292263,0.9648767841905155
2000-01-18 04:15:00.000000000,987,Cleverson,-0.20798197528589646,-0.22113516321298898
2000-01-18 06:30:00.000000000,995,Cleverson,-0.5073940271125115,-0.026642944552889736
2000-01-18 07:45:00.000000000,960,Cleverson,-0.20558815845361833,0.5980682327228883
2000-01-18 09:30:00.000000000,1050,Cleverson,-0.17916658849319833,-0.3527141808738261
2000-01-18 11:00:00.000000000,987,Cleverson,0.7910435467771844,0.9883371210362852
2000-01-18 15:30:00.000000000,972,Cleverson,0.13100833992979144,0.5328549398011855
2000-01-18 15:45:00.000000000,1031,Cleverson,-0.0006536983769640514,-0.10419080157401384
2000-01-18 16:45:00.000000000,1018,Cleverson,-0.9986743678658907,-0.3227930938171173
2000-01-18 17:45:00.000000000,924,Cleverson,0.6195456886149595,0.6408519910413586
2000-01-18 19:00:00.000000000,979,Cleverson,0.6676621297539895,-0.6237347987999895
2000-01-18 19:30:00.000000000,977,Cleverson,0.6862460731597875,-0.5718011778322243
2000-01-18 20:45:00.000000000,1001,Cleverson,0.13713952067525548,-0.09321688517216997
2000-01-18 21:00:00.000000000,957,Cleverson,-0.9855702989722714,-0.4951112457481801
2000-01-19 04:45:00.000000000,980,Cleverson,0.27859012533707683,-0.40157315417474115
2000-01-19 05:45:00.000000000,1006,Cleverson,-0.325880131831509,-0.6795942074974348
2000-01-19 06:30:00.000000000,991,Cleverson,-0.6279091676489506,0.21610823555282965
2000-01-19 09:15:00.000000000,1022,Cleverson,-0.07971451048799394,0.8436887654962164
2000-01-19 12:45:00.000000000,960,Cleverson,-0.02671452208798364,0.39461509445274023
2000-01-19 13:00:00.000000000,950,Cleverson,-0.4203604032160435,-0.03742466771692232
2000-01-19 14:00:00.000000000,941,Cleverson,0.4582022057904884,0.9691961821314057
2000-01-19 14:30:00.000000000,1048,Cleverson,-0.10822328078229915,0.2648573398648504
2000-01-19 14:45:00.000000000,987,Cleverson,-0.36162104204874934,0.6791510815237796
2000-01-19 16:15:00.000000000,1018,Cleverson,-0.36144862730075245,-0.6251876059890698
2000-01-19 18:45:00.000000000,942,Cleverson,-0.5933586086272806,0.6424421208100544
2000-01-19 20:30:00.000000000,1054,Cleverson,0.5192501147286652,-0.0405810575148704
2000-01-19 23:00:00.000000000,984,Cleverson,-0.17377468504581173,0.26941038933321404
2000-01-20 00:00:00.000000000,1003,Cleverson,-0.12128754648513662,0.6008709260295653
2000-01-20 01:15:00.000000000,1029,Cleverson,0.9140729691079932,0.4657348176709777
2000-01-20 04:15:00.000000000,1003,Cleverson,-0.026059943497191096,-0.6133599118063893
2000-01-20 04:45:00.000000000,1026,Cleverson,-0.8381139326364961,0.11071953199873974
2000-01-20 05:15:00.000000000,1036,Cleverson,0.35337934122782655,0.5569235174957512
2000-01-20 06:00:00.000000000,931,Cleverson,-0.1939455343075529,0.8506126892430985
2000-01-20 07:45:00.000000000,979,Cleverson,0.145294269329296,0.9611483757920529
2000-01-20 08:00:00.000000000,977,Cleverson,0.17944350014939547,0.44565478140483483
2000-01-20 08:15:00.000000000,971,Cleverson,0.6867961551544162,0.3304013089495117
2000-01-20 10:30:00.000000000,998,Cleverson,0.4341614897053816,-0.4398267219226435
2000-01-20 11:00:00.000000000,1016,Cleverson,-0.4075198207380537,0.18789635078965805
2000-01-20 11:45:00.000000000,977,Cleverson,0.4781204141494164,-0.6807511390147101
2000-01-20 12:00:00.000000000,965,Cleverson,0.9915678142103219,0.6409448249727931
2000-01-20 13:00:00.000000000,979,Cleverson,-0.30732356182868403,0.3174341172462345
2000-01-20 13:15:00.000000000,974,Cleverson,-0.1283314656290646,0.25988206552656634
2000-01-20 14:45:00.000000000,997,Cleverson,-0.3563465575678708,0.1394705824658442
2000-01-20 18:30:00.000000000,956,Cleverson,0.5221360261551053,-0.7792626743008673
2000-01-20 21:45:00.000000000,919,Cleverson,0.42742015625568985,0.9728132608019011
2000-01-20 23:00:00.000000000,1025,Cleverson,-0.07331076269087156,-0.49145379420335233
2000-01-21 01:45:00.000000000,921,Cleverson,-0.6259144322633667,-0.7283437777508319
2000-01-21 04:45:00.000000000,994,Cleverson,-0.09216233137662,0.45139145800829206
2000-01-21 05:15:00.000000000,987,Cleverson,0.7091515177131167,-0.142862980980214
2000-01-21 05:45:00.000000000,973,Cleverson,-0.6609784930403584,-0.2955356133481135
2000-01-21 06:45:00.000000000,992,Cleverson,0.09900873729323134,-0.02448649794740332
2000-01-21 08:15:00.000000000,965,Cleverson,0.7172048882743214,-0.9615174258413659
2000-01-21 08:30:00.000000000,981,Cleverson,-0.15927098043241794,-0.17156333342676766
2000-01-21 08:45:00.000000000,1024,Cleverson,-0.3526267706051276,0.37162865821108615
2000-01-21 09:15:00.000000000,979,Cleverson,0.15876015870952842,-0.19754179481836665
2000-01-21 12:30:00.000000000,972,Cleverson,0.39096665843693557,0.7773931338638309
2000-01-21 14:15:00.000000000,1003,Cleverson,0.9508697819936143,0.94308590894795
2000-01-21 15:15:00.000000000,1026,Cleverson,-0.48599326990839953,0.29989831903656916
2000-01-21 16:15:00.000000000,1038,Cleverson,0.7703511870722406,-0.8576734029291633
2000-01-21 17:00:00.000000000,1031,Cleverson,-0.38666749028557557,-0.2754644147597851
2000-01-21 17:15:00.000000000,1001,Cleverson,-0.9787144120050411,-0.9166621521089651
2000-01-21 17:45:00.000000000,1019,Cleverson,0.20243384274808207,-0.8232809251683277
2000-01-21 18:00:00.000000000,1028,Cleverson,0.5057919778056645,-0.21092197208984453
2000-01-21 19:00:00.000000000,1068,Cleverson,0.9884390721160647,-0.5976496649715939
2000-01-21 19:30:00.000000000,1002,Cleverson,-0.5588637282838591,-0.956802776949558
2000-01-21 20:45:00.000000000,1014,Cleverson,0.37676274760874007,0.7182929918700909
2000-01-21 21:00:00.000000000,986,Cleverson,0.13902188017699424,0.1958905599599563
2000-01-22 01:30:00.000000000,980,Cleverson,0.30011964193709795,-0.19338696780837172
2000-01-22 02:30:00.000000000,1044,Cleverson,-0.867256787929755,-0.8822035566260424
2000-01-22 04:30:00.000000000,1012,Cleverson,-0.8653887973290566,-0.32883762929403715
2000-01-22 06:30:00.000000000,985,Cleverson,0.3908631592874774,0.8399181015120967
2000-01-22 11:15:00.000000000,973,Cleverson,0.23420647153331275,0.9688737103833163
2000-01-22 14:00:00.000000000,978,Cleverson,0.717899704251054,0.30584811484278895
2000-01-22 15:00:00.000000000,976,Cleverson,0.3490450274516326,0.20728964754156198
2000-01-22 15:15:00.000000000,969,Cleverson,0.3439511159894886,0.366366592138043
2000-01-22 15:30:00.000000000,961,Cleverson,0.7422139948614128,0.37167946983375955
2000-01-22 16:15:00.000000000,1052,Cleverson,0.4534727196698778,0.4915001875744218
2000-01-22 16:30:00.000000000,976,Cleverson,-0.11987239783121795,0.6235039520788814
2000-01-22 18:30:00.000000000,1049,Cleverson,0.7552308863439505,0.033124232894118366
2000-01-22 22:15:00.000000000,1048,Cleverson,0.2865287779286392,0.7904455247261053
2000-01-22 22:30:00.000000000,1026,Cleverson,0.7282057405722728,-0.7401717364870148
2000-01-23 01:15:00.000000000,1062,Cleverson,-0.6324371026832163,-0.020600608148764188
2000-01-23 03:00:00.000000000,1017,Cleverson,0.44660738980937165,0.6309581961835968
2000-01-23 04:30:00.000000000,908,Cleverson,0.6582033046720313,-0.45099774144973126
2000-01-23 05:45:00.000000000,939,Cleverson,0.8433139481043532,-0.26648763233061445
2000-01-23 08:30:00.000000000,920,Cleverson,0.053161444844038286,0.7154113372330317
2000-01-23 09:15:00.000000000,1020,Cleverson,-0.6528911061552323,-0.5424360464385105
2000-01-23 10:45:00.000000000,957,Cleverson,-0.7000386208093516,-0.132228670343705
2000-01-23 14:00:00.000000000,1029,Cleverson,0.028618011397472776,0.20743560831984809
2000-01-23 14:15:00.000000000,973,Cleverson,0.30550489727713925,0.06139521187135899
2000-01-23 18:00:00.000000000,919,Cleverson,0.7300764389771244,-0.5336247980700661
2000-01-23 18:15:00.000000000,1051,Cleverson,0.5108258889094914,0.238871784656433
2000-01-23 19:00:00.000000000,1006,Cleverson,-0.7602117160741322,0.8459760692053477
2000-01-23 20:00:00.000000000,1017,Cleverson,0.35067910225743537,-0.015086861765482018
2000-01-23 22:00:00.000000000,984,Cleverson,-0.22993423160368698,-0.5490906349528963
2000-01-23 22:15:00.000000000,932,Cleverson,0.8348065633372008,0.24593723254883448
2000-01-23 23:45:00.000000000,1000,Cleverson,0.16604298810195695,0.7144551002064972
2000-01-24 00:45:00.000000000,1094,Cleverson,-0.6668184009668798,-0.4647755179505635
2000-01-24 03:00:00.000000000,1035,Cleverson,-0.1527064170283634,-0.8635465462266092
2000-01-24 06:00:00.000000000,993,Cleverson,0.6060794910306002,0.9572463063155141
2000-01-24 07:00:00.000000000,1029,Cleverson,-0.7093831627544724,-0.32148820032903735
2000-01-24 09:30:00.000000000,1018,Cleverson,-0.7796557040372443,0.554548825473524
2000-01-24 11:30:00.000000000,969,Cleverson,-0.7188848643952386,0.03950374979232851
2000-01-24 12:15:00.000000000,1047,Cleverson,0.863974417293522,0.23381508638267823
2000-01-24 16:00:00.000000000,992,Cleverson,0.49913918519904854,0.545258212548565
2000-01-24 16:15:00.000000000,1030,Cleverson,0.22737597152912858,0.7925189977260583
2000-01-24 16:45:00.000000000,1035,Cleverson,-0.7515542561142177,0.8623080735907369
2000-01-24 21:15:00.000000000,1009,Cleverson,0.5738240633418161,0.8249242015465603
2000-01-24 21:45:00.000000000,983,Cleverson,-0.5156472858444734,0.11820436674195611
2000-01-24 22:30:00.000000000,1013,Cleverson,0.423560320850924,-0.5805205509929532
2000-01-24 23:00:00.000000000,985,Cleverson,-0.9003904390111193,-0.3077050863001982
2000-01-25 00:45:00.000000000,999,Cleverson,-0.8700190980104239,-0.3547350831736995
2000-01-25 04:45:00.000000000,981,Cleverson,-0.7119312683004226,-0.6624578070082896
2000-01-25 05:15:00.000000000,997,Cleverson,0.7243985428202604,-0.5553068394436846
2000-01-25 06:30:00.000000000,980,Cleverson,-0.38187770353727535,0.8496102996913824
2000-01-25 09:00:00.000000000,1023,Cleverson,-0.25836232141458515,-0.6773305950234259
2000-01-25 11:15:00.000000000,1053,Cleverson,-0.8559081003258233,0.34075521515549045
2000-01-25 12:30:00.000000000,1024,Cleverson,0.9265985504720773,0.9255659530743097
2000-01-25 14:30:00.000000000,1004,Cleverson,-0.3398828243873975,-0.4805870643381358
2000-01-25 15:30:00.000000000,1014,Cleverson,0.4385714918547725,0.9922012504708402
2000-01-25 19:15:00.000000000,1098,Cleverson,0.17666352960974008,0.6418909298938915
2000-01-25 21:30:00.000000000,1025,Cleverson,-0.7955164193473623,-0.6829159473329101
2000-01-25 23:00:00.000000000,1018,Cleverson,-0.08745403546611863,-0.4901310079927004
2000-01-25 23:30:00.000000000,980,Cleverson,-0.21426309985846004,0.00021878343952552726
2000-01-25 23:45:00.000000000,966,Cleverson,-0.693335557800747,0.04678949958096923
2000-01-26 02:15:00.000000000,1036,Cleverson,0.7898700468168047,0.5572262451405163
2000-01-26 03:00:00.000000000,1002,Cleverson,-0.023012325113045407,0.9018419126025803
2000-01-26 03:15:00.000000000,1002,Cleverson,0.8949029430671818,-0.8888973391855377
2000-01-26 07:30:00.000000000,1045,Cleverson,0.9738827223863367,-0.9327520646135894
2000-01-26 07:45:00.000000000,1007,Cleverson,0.5825369135441356,-0.21765174489873562
2000-01-26 08:45:00.000000000,1006,Cleverson,-0.031906714578403994,-0.2507821375111152
2000-01-26 13:00:00.000000000,1021,Cleverson,0.5267264805797793,-0.23790297865994336
2000-01-26 15:30:00.000000000,1013,Cleverson,-0.7060397330916088,0.41066252329763486
2000-01-26 18:00:00.000000000,976,Cleverson,0.2807612105375916,-0.11521566633837299
2000-01-26 19:00:00.000000000,1002,Cleverson,0.3620937587087003,0.9549617137500497
2000-01-26 20:45:00.000000000,1006,Cleverson,0.4152994878060823,0.550945128890991
2000-01-26 22:00:00.000000000,962,Cleverson,-0.5305219932099594,0.4762085752289267
2000-01-27 01:30:00.000000000,963,Cleverson,0.8070196565743197,-0.512237543942625
2000-01-27 02:15:00.000000000,1017,Cleverson,0.5961484998468489,-0.17200781415592514
2000-01-27 02:45:00.000000000,982,Cleverson,-0.13550056676474487,-0.4346487143187192
2000-01-27 05:15:00.000000000,999,Cleverson,0.29146322051807605,-0.6053226566628995
2000-01-27 06:15:00.000000000,1011,Cleverson,-0.309704139586483,0.8071548700681386
2000-01-27 06:45:00.000000000,982,Cleverson,0.15110240615854487,-0.23435254786182158
2000-01-27 07:30:00.000000000,979,Cleverson,0.18387976332863087,-0.4770747865258793
2000-01-27 08:15:00.000000000,990,Cleverson,-0.6858689540819729,-0.6129830189651619
2000-01-27 08:45:00.000000000,956,Cleverson,0.8121171084396905,0.20119380727842784
2000-01-27 10:30:00.000000000,1028,Cleverson,-0.5859615768241213,-0.5826848741568305
2000-01-27 12:15:00.000000000,968,Cleverson,-0.5313473167859495,0.7446035324910438
2000-01-27 13:30:00.000000000,1019,Cleverson,0.25216695418266766,0.5005820881079734
2000-01-27 13:45:00.000000000,1053,Cleverson,-0.9062506374317494,0.31405347504711245
2000-01-27 14:15:00.000000000,1001,Cleverson,-0.21709758228642007,-0.8063702033935614
2000-01-27 14:30:00.000000000,996,Cleverson,0.415315190949167,-0.6570452220800844
2000-01-27 19:00:00.000000000,1023,Cleverson,-0.93365105393781,0.3116463161145282
2000-01-27 19:30:00.000000000,1001,Cleverson,0.3844114637272782,0.14736258120827794
2000-01-27 22:30:00.000000000,969,Cleverson,0.671481451003572,-0.6627791681562683
2000-01-27 23:15:00.000000000,1012,Cleverson,0.004803662158253674,0.533022268137878
2000-01-28 02:15:00.000000000,1000,Cleverson,-0.7677691172550585,0.026732395819934363
2000-01-28 03:45:00.000000000,987,Cleverson,0.07395867752173024,0.5198148619111245
2000-01-28 04:15:00.000000000,1002,Cleverson,-0.4743650543015603,0.8809764285817927
2000-01-28 05:15:00.000000000,1043,Cleverson,0.8090374328112326,0.5479312469533042
2000-01-28 06:15:00.000000000,969,Cleverson,-0.9158437799989274,0.3875519970966739
2000-01-28 07:15:00.000000000,970,Cleverson,0.3734976010143918,0.08404116576028708
2000-01-28 09:00:00.000000000,976,Cleverson,0.9547769601680349,-0.2651721605569277
2000-01-28 10:30:00.000000000,1004,Cleverson,-0.7200764740361654,0.3952122548988046
2000-01-28 15:00:00.000000000,1013,Cleverson,0.8555263540213465,-0.6686683215322196
2000-01-28 15:30:00.000000000,1004,Cleverson,0.48544902793675493,0.5081179202500359
2000-01-28 17:15:00.000000000,980,Cleverson,0.9334751115121089,0.5541003886946769
2000-01-28 18:30:00.000000000,1039,Cleverson,-0.9581586750677822,0.753227022475863
2000-01-28 19:00:00.000000000,1005,Cleverson,0.27720411669413236,0.24163918506496285
2000-01-28 19:45:00.000000000,1036,Cleverson,-0.06839683494987892,-0.8811690461382198
2000-01-29 01:30:00.000000000,1038,Cleverson,0.3142495672457668,-0.7192791034202461
2000-01-29 02:15:00.000000000,1002,Cleverson,0.4713092752341743,-0.9568381490965174
2000-01-29 04:00:00.000000000,1022,Cleverson,0.4124897560238392,0.5742426585778886
2000-01-29 07:30:00.000000000,1047,Cleverson,-0.5686483484052589,0.19255494316501753
2000-01-29 08:15:00.000000000,985,Cleverson,0.4543648201281507,-0.47660688943748597
2000-01-29 08:30:00.000000000,975,Cleverson,0.24246828274918863,0.9435210614080212
2000-01-29 08:45:00.000000000,1030,Cleverson,0.8566651371928427,0.42062389599528105
2000-01-29 09:30:00.000000000,956,Cleverson,-0.8771505904908119,0.4289790226095418
2000-01-29 10:45:00.000000000,1009,Cleverson,-0.5480315831643439,0.023633207775890286
2000-01-29 11:15:00.000000000,997,Cleverson,0.5586721507907519,0.08542462494976366
2000-01-29 11:45:00.000000000,1021,Cleverson,0.6947582371164582,-0.8523732419338468
2000-01-29 12:15:00.000000000,1005,Cleverson,0.8259401844817118,0.8111370785211736
2000-01-29 15:15:00.000000000,993,Cleverson,-0.28888186761315526,0.6967979808677236
2000-01-29 16:00:00.000000000,1030,Cleverson,0.7870368818117959,-0.07423931359178915
2000-01-29 17:30:00.000000000,981,Cleverson,-0.45697938347714007,0.9157725915629862
2000-01-29 17:45:00.000000000,968,Cleverson,-0.9896168371732492,0.22925748731680895
2000-01-29 18:00:00.000000000,1028,Cleverson,-0.05191349716454163,-0.12054143970472264
2000-01-29 18:15:00.000000000,983,Cleverson,-0.9812128317641242,-0.7528126467347491
2000-01-29 19:15:00.000000000,977,Cleverson,0.3010952957543098,-0.854734016198962
2000-01-29 23:00:00.000000000,1030,Cleverson,0.996848330600246,-0.8456974668720387
2000-01-30 03:15:00.000000000,1041,Cleverson,0.8400460429237397,-0.1639629503503801
2000-01-30 04:00:00.000000000,1066,Cleverson,-0.3620919478321767,0.08064652363198155
2000-01-30 05:15:00.000000000,1022,Cleverson,-0.6995753928492225,-0.7477786984437345
2000-01-30 06:00:00.000000000,996,Cleverson,0.06763346445325191,-0.6505265459570397
2000-01-30 06:15:00.000000000,1007,Cleverson,-0.04087580029216786,-0.4391831432845006
2000-01-30 07:15:00.000000000,949,Cleverson,0.26532978578831057,-0.46143133255807456
2000-01-30 07:30:00.000000000,975,Cleverson,-0.5789480733843786,0.8808329658927609
2000-01-30 08:00:00.000000000,922,Cleverson,0.7320572760858153,-0.5304287057884061
2000-01-30 08:15:00.000000000,1024,Cleverson,-0.10259128361283065,0.697775721171304
2000-01-30 11:15:00.000000000,1029,Cleverson,-0.8341851862044236,-0.2575425700818714
2000-01-30 11:30:00.000000000,998,Cleverson,-0.265228401893437,0.08379095518517965
2000-01-30 12:45:00.000000000,977,Cleverson,-0.3189487944644447,-0.7977121340227877
2000-01-30 13:30:00.000000000,1003,Cleverson,0.07831028102987303,0.7277046340667057
2000-01-30 22:00:00.000000000,970,Cleverson,0.4755610712178089,-0.21311521776136422
2000-01-30 22:15:00.000000000,1031,Cleverson,0.9151712166857662,-0.14174255316119178
2000-01-30 23:45:00.000000000,1031,Cleverson,-0.2598774358775344,-0.026899520299172197
2000-01-31 00:15:00.000000000,1006,Cleverson,-0.3628616438850991,0.06728850990208901
2000-01-31 00:30:00.000000000,1003,Cleverson,-0.7429810955153395,0.6529342121836597
2000-01-31 01:00:00.000000000,961,Cleverson,-0.44983838494167006,-0.09004774665871929
2000-01-31 02:30:00.000000000,1027,Cleverson,-0.8036547686841593,-0.3834826935075606
2000-01-31 03:45:00.000000000,1001,Cleverson,0.37066940808240156,0.601977968314036
2000-01-31 06:30:00.000000000,1047,Cleverson,0.2791741920625783,0.5513671618920675
2000-01-31 10:15:00.000000000,1021,Cleverson,-0.08314664543680617,0.6375108346630227
2000-01-31 12:15:00.000000000,992,Cleverson,-0.529360210468311,-0.8295505665080729
2000-01-31 13:30:00.000000000,977,Cleverson,0.16067532558977038,-0.8572216203645537
2000-01-31 13:45:00.000000000,1034,Cleverson,-0.9851859127942759,0.9352830031288313
2000-01-31 14:00:00.000000000,992,Cleverson,-0.5858369855950487,0.8632663829210496
2000-01-31 15:15:00.000000000,1004,Cleverson,-0.26961596612549044,-0.3885290935982084
2000-01-31 15:30:00.000000000,995,Cleverson,0.5586065098546007,-0.07206378945780023
2000-01-31 17:00:00.000000000,959,Cleverson,-0.954542732151511,-0.17605820037121345
2000-01-31 18:00:00.000000000,982,Cleverson,-0.7127127364290533,0.9823512803964514
2000-01-31 20:00:00.000000000,987,Cleverson,-0.8381568877860746,0.45172377780909745
2000-01-31 21:15:00.000000000,966,Cleverson,-0.9875322044102754,0.6157382359145211
2000-01-31 21:45:00.000000000,974,Cleverson,0.10182704372891593,0.6149530580133478
2000-01-31 22:00:00.000000000,997,Cleverson,0.43104146864859083,0.7906370008103101
2000-01-31 23:00:00.000000000,1020,Cleverson,-0.20354622944065937,0.40596893582905835
2000-01-31 23:15:00.000000000,1033,Cleverson,0.43668707161682785,-0.7094919184900326
2000-02-01 01:15:00.000000000,956,Cleverson,0.860509549371266,-0.4302077274322058
2000-02-01 02:15:00.000000000,943,Cleverson,-0.00983159477640938,0.7461624344444275
2000-02-01 05:45:00.000000000,1005,Cleverson,-0.5607212649011419,-0.6018682471020915
2000-02-01 08:30:00.000000000,1008,Cleverson,0.5178576056821258,0.5907809456879725
2000-02-01 08:45:00.000000000,1054,Cleverson,0.7116511003305346,0.9181385670963322
2000-02-01 10:15:00.000000000,986,Cleverson,0.22449172004520812,-0.48987156690743916
2000-02-01 11:30:00.000000000,1046,Cleverson,-0.5985579627242199,-0.1868471388718591
2000-02-01 14:00:00.000000000,1036,Cleverson,-0.8228529558645867,-0.6293541444236417
2000-02-01 16:45:00.000000000,1006,Cleverson,-0.7730748030373236,0.19284406053603975
2000-02-01 17:45:00.000000000,967,Cleverson,0.9240148025328172,0.9842720397847735
2000-02-01 18:30:00.000000000,1017,Cleverson,0.1652023612204534,0.27598957453788375
2000-02-01 19:45:00.000000000,960,Cleverson,0.47115505204099173,0.4646462079144129
2000-02-01 20:00:00.000000000,981,Cleverson,-0.2023071628584152,-0.234703178884498
2000-02-01 20:45:00.000000000,969,Cleverson,-0.27486697214524236,-0.5590575076529183
2000-02-01 22:45:00.000000000,994,Cleverson,-0.5631191207506858,-0.45584455707598814
2000-02-02 02:30:00.000000000,994,Cleverson,-0.676839179282672,0.9563718647228239
2000-02-02 05:45:00.000000000,1044,Cleverson,-0.04093157936427794,0.11348795634314368
2000-02-02 06:30:00.000000000,1022,Cleverson,-0.846535695229673,0.3756701036713672
2000-02-02 07:30:00.000000000,979,Cleverson,0.84229453321537,0.3329267430750369
2000-02-02 08:15:00.000000000,989,Cleverson,-0.11769461206632625,0.6138744614844782
2000-02-02 10:45:00.000000000,1011,Cleverson,0.48789429989727817,-0.5298498626609731
2000-02-02 11:15:00.000000000,994,Cleverson,-0.2512075668482199,-0.2640641833974329
2000-02-02 14:00:00.000000000,1039,Cleverson,0.17432476268445551,-0.022506006417864155
2000-02-02 14:30:00.000000000,1058,Cleverson,0.35568803432032503,-0.8711490577172543
2000-02-02 15:45:00.000000000,1023,Cleverson,-0.8815655961431592,-0.9695017011915941
2000-02-02 16:30:00.000000000,1037,Cleverson,-0.9962890358362764,-0.17127904330221444
2000-02-02 19:15:00.000000000,1047,Cleverson,-0.7806315405152824,-0.20678679768870967
2000-02-02 20:45:00.000000000,1051,Cleverson,0.5335898974606368,0.5813009463152508
2000-02-02 21:45:00.000000000,962,Cleverson,0.26901419686451944,0.7014376546783145
2000-02-02 23:00:00.000000000,984,Cleverson,0.15536632421364227,-0.45247371734742736
2000-02-02 23:45:00.000000000,1030,Cleverson,0.31515464776259794,-0.04494373481429714
2000-02-03 00:15:00.000000000,1001,Cleverson,-0.519059975038648,-0.03976569796316376
2000-02-03 02:00:00.000000000,964,Cleverson,0.6252419076121574,0.8699578819907468
2000-02-03 02:45:00.000000000,1001,Cleverson,-0.6810191659828697,0.49570894536887367
2000-02-03 03:00:00.000000000,1009,Cleverson,0.12394501190173135,0.2927892601903088
2000-02-03 03:45:00.000000000,985,Cleverson,0.11473049560755899,-0.7429557949220318
2000-02-03 04:00:00.000000000,1052,Cleverson,0.08655392400359663,-0.8213840355527688
2000-02-03 05:15:00.000000000,979,Cleverson,-0.7895452777557312,-0.5820921927855469
2000-02-03 11:30:00.000000000,1007,Cleverson,-0.14519860879759716,-0.6274665117462257
2000-02-03 15:30:00.000000000,915,Cleverson,-0.182860618155966,-0.5687552123583841
2000-02-03 18:30:00.000000000,1026,Cleverson,-0.8661928426490753,-0.9529953899214265
2000-02-03 18:45:00.000000000,960,Cleverson,0.9759122550983936,0.576498130383652
2000-02-03 19:45:00.000000000,972,Cleverson,-0.07884685151833959,0.8138111681257496
2000-02-03 22:00:00.000000000,983,Cleverson,-0.0045796842010314975,0.1691763988100674
2000-02-03 22:30:00.000000000,1001,Cleverson,0.9716258393977462,0.0680079250580683
2000-02-03 23:15:00.000000000,1006,Cleverson,-0.6066492425835488,0.7462144651851144
2000-02-04 00:30:00.000000000,1024,Cleverson,0.20580184733058338,0.674112558472518
2000-02-04 00:45:00.000000000,999,Cleverson,-0.11141376906351708,0.1017432100814093
2000-02-04 02:30:00.000000000,966,Cleverson,0.12543014845545164,-0.2843219447393208
2000-02-04 07:00:00.000000000,1010,Cleverson,0.7761651202108975,0.8427574475733437
2000-02-04 09:30:00.000000000,1042,Cleverson,0.540059550486846,0.37542673072091826
2000-02-04 10:30:00.000000000,1003,Cleverson,-0.21363692491018393,0.8372849829215046
2000-02-04 13:00:00.000000000,966,Cleverson,0.4276260836297727,0.5469826488289935
2000-02-04 13:30:00.000000000,1025,Cleverson,0.0008487914641088778,0.43823239930178826
2000-02-04 21:15:00.000000000,1065,Cleverson,0.7299165934889842,0.3837979769986042
2000-02-04 21:30:00.000000000,1019,Cleverson,0.6227281163729503,0.9746806127822523
2000-02-04 22:45:00.000000000,994,Cleverson,0.5810881039527569,-0.18456415595216358
2000-02-05 05:00:00.000000000,1029,Cleverson,-0.4589676537676117,0.5755639405813295
2000-02-05 05:45:00.000000000,992,Cleverson,-0.4513733774959203,0.19164046751129105
2000-02-05 07:45:00.000000000,963,Cleverson,0.05601541489037709,0.9546188169264369
2000-02-05 08:00:00.000000000,956,Cleverson,-0.2758129043544588,0.11772165935973544
2000-02-05 09:00:00.000000000,985,Cleverson,0.09458100520137491,0.11697073373214173
2000-02-05 12:45:00.000000000,1006,Cleverson,-0.5965313376155033,-0.13413685016064325
2000-02-05 16:15:00.000000000,1036,Cleverson,0.9650980002435956,-0.4709762928910606
2000-02-05 18:30:00.000000000,971,Cleverson,0.8547966562618161,0.6288826490199217
2000-02-05 19:45:00.000000000,1021,Cleverson,0.014943602853565219,-0.5356029271598104
2000-02-05 20:30:00.000000000,1004,Cleverson,0.016337251288601085,0.44085017734761744
2000-02-05 21:30:00.000000000,997,Cleverson,0.8465772179260325,-0.5109330207182035
2000-02-05 22:00:00.000000000,1016,Cleverson,0.3537964977387671,-0.5959942658615747
2000-02-06 00:00:00.000000000,987,Cleverson,-0.16443071177151625,0.6606742063174784
2000-02-06 01:00:00.000000000,1012,Cleverson,0.2749837100507271,-0.255026310444892
2000-02-06 02:00:00.000000000,996,Cleverson,-0.36476286148505954,-0.3325439945987574
2000-02-06 05:15:00.000000000,979,Cleverson,0.6076308688244114,-0.01785982700301947
2000-02-06 06:00:00.000000000,987,Cleverson,0.9470858203849324,-0.768659115995195
2000-02-06 06:30:00.000000000,1005,Cleverson,0.6033285329790212,0.9251988678063796
2000-02-06 08:00:00.000000000,999,Cleverson,-0.805897855858456,-0.40821236033991615
2000-02-06 10:30:00.000000000,961,Cleverson,-0.812946326860214,0.7814351924505709
2000-02-06 11:15:00.000000000,992,Cleverson,0.18182814966008465,0.3736428584467517
2000-02-06 12:45:00.000000000,1033,Cleverson,0.4109932672086578,-0.8249480796802751
2000-02-06 13:00:00.000000000,984,Cleverson,0.05659991242252027,0.12252241140897735
2000-02-06 13:30:00.000000000,984,Cleverson,-0.31000667227133993,0.20742968407663254
2000-02-06 15:15:00.000000000,1003,Cleverson,-0.9305170076128806,-0.8521101587776398
2000-02-06 16:00:00.000000000,960,Cleverson,0.7510801420843396,-0.9499709525721927
2000-02-06 17:00:00.000000000,1058,Cleverson,0.11716320476668707,-0.3815483167363092
2000-02-06 17:45:00.000000000,999,Cleverson,-0.5372347719361863,-0.7940471371919691
2000-02-06 18:15:00.000000000,1035,Cleverson,-0.6571382395628877,0.44586822375363244
2000-02-06 18:30:00.000000000,1015,Cleverson,-0.5744434440272652,-0.6917263121772614
2000-02-06 19:15:00.000000000,1017,Cleverson,-0.4306243746137557,0.5652555262019354
2000-02-06 20:00:00.000000000,1027,Cleverson,0.871248272450406,-0.5624908957656813
2000-02-06 20:15:00.000000000,997,Cleverson,-0.5547978785205112,0.9932178212889351
2000-02-06 20:45:00.000000000,1002,Cleverson,-0.04210350136900565,0.9257783822673473
2000-02-06 22:00:00.000000000,1004,Cleverson,-0.4924303106423391,-0.015487833230112269
2000-02-06 22:30:00.000000000,976,Cleverson,0.5714561486538181,0.2799837946468513
2000-02-07 00:15:00.000000000,966,Cleverson,0.8883028722177904,-0.5135011360698116
2000-02-07 00:30:00.000000000,966,Cleverson,0.024403863736091713,-0.9646544598818649
2000-02-07 01:00:00.000000000,1009,Cleverson,0.8196781559954476,0.24451137141105872
2000-02-07 04:30:00.000000000,1033,Cleverson,-0.789665462935887,-0.600662700942179
2000-02-07 05:15:00.000000000,1042,Cleverson,0.4673330563861564,0.32634964047442994
2000-02-07 06:00:00.000000000,999,Cleverson,0.4171197024552562,-0.9031186984319901
2000-02-07 09:15:00.000000000,967,Cleverson,0.593184633678628,0.6345955777265608
2000-02-07 10:30:00.000000000,1015,Cleverson,0.972782126571152,0.2050522233445724
2000-02-07 11:30:00.000000000,1031,Cleverson,-0.5643123836335489,0.4534016118043771
2000-02-07 12:30:00.000000000,1029,Cleverson,0.06600665977862463,-0.8119135144275191
2000-02-07 12:45:00.000000000,985,Cleverson,-0.7324905320277653,-0.7467050832010533
2000-02-07 16:15:00.000000000,968,Cleverson,-0.8731026307955658,-0.6037020854239263
2000-02-07 17:15:00.000000000,997,Cleverson,-0.7522185609681875,-0.2422654915513176
2000-02-07 20:00:00.000000000,961,Cleverson,0.5771293914809197,-0.8709514433486611
2000-02-07 20:15:00.000000000,1017,Cleverson,-0.9608556102561165,0.9990887656892018
2000-02-07 22:30:00.000000000,985,Cleverson,-0.2154308301664467,0.9360948249047987
2000-02-07 22:45:00.000000000,932,Cleverson,0.4035456710923553,0.398219759066208
2000-02-08 02:30:00.000000000,1041,Cleverson,0.12790389525029777,0.9386297076560315
2000-02-08 03:15:00.000000000,1007,Cleverson,-0.5581904710447583,0.82852353775751
2000-02-08 03:30:00.000000000,993,Cleverson,-0.23566978278322614,0.811166434041809
2000-02-08 06:45:00.000000000,977,Cleverson,-0.9426854066887416,-0.9096521316908579
2000-02-08 08:00:00.000000000,1008,Cleverson,-0.9733207861867352,0.6380381409270521
2000-02-08 09:30:00.000000000,1005,Cleverson,-0.1875930151394516,0.17356490105208922
2000-02-08 10:45:00.000000000,1006,Cleverson,-0.05695411414738216,-0.5937249730994367
2000-02-08 11:45:00.000000000,1046,Cleverson,-0.1722433058645445,0.7057955230602735
2000-02-08 12:15:00.000000000,976,Cleverson,-0.09789851224057977,-0.1824912611818068
2000-02-08 12:30:00.000000000,1008,Cleverson,0.04841186732871039,0.30525119224037933
2000-02-08 14:30:00.000000000,943,Cleverson,0.19403838552662545,0.47943433812275016
2000-02-08 14:45:00.000000000,1013,Cleverson,-0.19743952520664254,0.45421087199829535
2000-02-08 16:15:00.000000000,1041,Cleverson,-0.44122735283995396,0.4136043227270687
2000-02-08 19:15:00.000000000,997,Cleverson,-0.855461049025017,-0.14908828172701827
2000-02-08 20:00:00.000000000,986,Cleverson,0.8438856637997321,-0.9359767427792627
2000-02-08 22:45:00.000000000,981,Cleverson,-0.5984736099871268,0.06348259440535675
2000-02-08 23:00:00.000000000,1019,Cleverson,-0.3752466113355488,-0.9011006338162768
2000-02-09 00:00:00.000000000,1002,Cleverson,0.8599001123794461,0.7116757056355707
2000-02-09 01:00:00.000000000,1010,Cleverson,0.11078037272698116,-0.9993577061494061
2000-02-09 09:15:00.000000000,986,Cleverson,-0.35536474674397023,-0.19031783679109138
2000-02-09 10:00:00.000000000,996,Cleverson,-0.9103761451472792,0.10990495272482348
2000-02-09 10:15:00.000000000,997,Cleverson,-0.10780410044275412,-0.27363832977777003
2000-02-09 11:00:00.000000000,1020,Cleverson,-0.33721815279438583,0.988591245216957
2000-02-09 11:15:00.000000000,965,Cleverson,-0.5006385756994864,-0.3114795520158131
2000-02-09 12:00:00.000000000,978,Cleverson,0.03378202286634502,0.6087802820119987
2000-02-09 15:15:00.000000000,995,Cleverson,-0.5510548068586687,0.07510380196687527
2000-02-09 17:45:00.000000000,981,Cleverson,0.9684366619082199,-0.7979870632492552
2000-02-09 19:45:00.000000000,1011,Cleverson,0.004597471566847533,-0.3086781377706145
2000-02-09 20:30:00.000000000,979,Cleverson,-0.9381769919567498,0.7115167695617155
2000-02-09 20:45:00.000000000,977,Cleverson,0.6541902386957947,0.574508736337928
2000-02-09 21:00:00.000000000,1026,Cleverson,0.45667911307084963,0.8022273275985199
2000-02-09 23:00:00.000000000,1040,Cleverson,0.6094808344583775,0.9142274649282922
2000-02-10 01:30:00.000000000,1003,Cleverson,-0.6650692703624588,-0.468575065189049
2000-02-10 01:45:00.000000000,996,Cleverson,0.07903749722206244,0.7964214736517181
2000-02-10 02:15:00.000000000,1014,Cleverson,-0.05016255530152103,0.7329993249061939
2000-02-10 03:15:00.000000000,1036,Cleverson,-0.04732327710674866,-0.512311435935378
2000-02-10 04:30:00.000000000,969,Cleverson,-0.6934229504473814,-0.01853231280455936
2000-02-10 05:00:00.000000000,962,Cleverson,0.12897091275502737,0.9174228918128242
2000-02-10 06:00:00.000000000,970,Cleverson,0.021279937140354255,-0.7836854997233478
2000-02-10 06:30:00.000000000,1000,Cleverson,-0.4160490778062311,-0.34042631551923064
2000-02-10 08:45:00.000000000,975,Cleverson,0.7357669360394403,-0.26395900764006397
2000-02-10 12:15:00.000000000,965,Cleverson,-0.24828561475102884,0.44746651818641636
2000-02-10 12:30:00.000000000,1006,Cleverson,0.6385862229244599,-0.5890190784506764
2000-02-10 16:30:00.000000000,957,Cleverson,-0.26058485847183266,0.6348754166388759
2000-02-10 17:30:00.000000000,968,Cleverson,-0.9500162207263743,-0.7104838252540007
2000-02-11 00:30:00.000000000,1027,Cleverson,-0.42976343038154874,0.3107640022350264
2000-02-11 01:15:00.000000000,1040,Cleverson,-0.8137641085916949,0.9459485792035467
2000-02-11 03:30:00.000000000,1048,Cleverson,0.7242579061765098,-0.06353458726232697
2000-02-11 04:30:00.000000000,995,Cleverson,-0.2261764852211432,0.1634415591772309
2000-02-11 06:30:00.000000000,1034,Cleverson,-0.5670432417478395,0.36296533475086834
2000-02-11 10:15:00.000000000,997,Cleverson,0.9501198480164279,-0.22336359657799276
2000-02-11 10:45:00.000000000,1030,Cleverson,0.8739400939307611,-0.474994100002317
2000-02-11 12:30:00.000000000,1000,Cleverson,0.7429304656299827,0.27899040575687906
2000-02-11 13:15:00.000000000,1013,Cleverson,0.8119257452674491,-0.4876288667742281
2000-02-11 15:30:00.000000000,987,Cleverson,0.6451713709862561,-0.1598180769056834
2000-02-11 15:45:00.000000000,1014,Cleverson,0.032353445538179315,-0.27927015784278497
2000-02-11 16:00:00.000000000,1041,Cleverson,0.18156751301492302,0.2746533503232149
2000-02-11 21:45:00.000000000,1034,Cleverson,0.6659626603593196,-0.8643895819200538
2000-02-11 22:45:00.000000000,971,Cleverson,-0.8406368891909985,0.8057392019712477
2000-02-11 23:00:00.000000000,970,Cleverson,0.9762037770844443,-0.9211969535650222
2000-02-11 23:15:00.000000000,1004,Cleverson,-0.37696353470966626,-0.48451262415993956
2000-02-11 23:45:00.000000000,954,Cleverson,0.21409901301465095,0.281928414414258
2000-02-12 00:00:00.000000000,978,Cleverson,-0.4456537815277861,-0.8049801550645963
2000-02-12 01:00:00.000000000,1103,Cleverson,0.9196798341807022,0.6730155391179162
2000-02-12 03:45:00.000000000,1041,Cleverson,-0.7821082323623698,0.20963135036985614
2000-02-12 07:00:00.000000000,1008,Cleverson,-0.16350637750283203,0.9738157064175239
2000-02-12 07:30:00.000000000,1074,Cleverson,0.20456384234801628,0.2674049395790057
2000-02-12 16:45:00.000000000,970,Cleverson,0.09055373220931417,-0.21773081490610102
2000-02-12 19:15:00.000000000,975,Cleverson,0.5678162897778398,0.2186425845030897
2000-02-12 20:30:00.000000000,1044,Cleverson,-0.1658623930935692,-0.0015132051257367163
2000-02-13 00:45:00.000000000,1017,Cleverson,0.9917280882641004,-0.6251100729385328
2000-02-13 01:15:00.000000000,963,Cleverson,-0.8291907409744916,-0.6120100736972534
2000-02-13 03:45:00.000000000,997,Cleverson,0.9195607338684721,-0.2647770326045813
2000-02-13 04:15:00.000000000,1011,Cleverson,0.9702529637260875,0.22807502772314336
2000-02-13 06:00:00.000000000,983,Cleverson,-0.07709651286144714,0.5949791924441132
2000-02-13 07:45:00.000000000,1025,Cleverson,-0.5506831489475652,0.4129230874056977
2000-02-13 08:45:00.000000000,1000,Cleverson,-0.6107648521660971,0.008939517116245854
2000-02-13 11:15:00.000000000,997,Cleverson,0.9713993697908769,-0.6111293465588732
2000-02-13 14:15:00.000000000,1022,Cleverson,0.07393364022163595,-0.6524473170915184
2000-02-13 14:45:00.000000000,989,Cleverson,-0.5266022681610121,-0.1706097578659609
2000-02-13 16:30:00.000000000,975,Cleverson,0.10694746032603275,-0.4890893269855141
2000-02-13 17:00:00.000000000,966,Cleverson,0.6675149389208173,0.93554087098302
2000-02-13 17:45:00.000000000,1039,Cleverson,-0.6335374829366949,-0.8967770144958966
2000-02-13 20:00:00.000000000,1031,Cleverson,-0.6834425617770701,-0.5363138439325696
2000-02-13 21:45:00.000000000,1020,Cleverson,0.8004325262700651,0.221810647620448
2000-02-13 23:15:00.000000000,1000,Cleverson,-0.30970392978513117,0.18310769584165643
2000-02-14 01:15:00.000000000,981,Cleverson,-0.6675289309081531,0.5176475196864485
2000-02-14 01:45:00.000000000,994,Cleverson,-0.061547607519309766,-0.5512610885852538
2000-02-14 02:00:00.000000000,1030,Cleverson,0.5240661809011511,0.4192391287683708
2000-02-14 02:15:00.000000000,985,Cleverson,0.01573349773239463,0.16349052480583426
2000-02-14 02:30:00.000000000,1007,Cleverson,-0.5090715626969191,0.27943054595861794
2000-02-14 03:15:00.000000000,1025,Cleverson,0.5020038197204739,0.47483021597312636
2000-02-14 03:45:00.000000000,943,Cleverson,-0.017433300619485337,-0.3657287635024451
2000-02-14 04:30:00.000000000,994,Cleverson,0.7787435888444336,0.3822776005984505
2000-02-14 05:00:00.000000000,979,Cleverson,0.15863704590450656,-0.11667773935222825
2000-02-14 07:45:00.000000000,978,Cleverson,0.3763571204877556,-0.07788041967037596
2000-02-14 09:45:00.000000000,1031,Cleverson,0.00341998486247852,0.6339731145701224
2000-02-14 13:00:00.000000000,969,Cleverson,0.32142887900577355,0.3802802506248979
2000-02-14 16:15:00.000000000,1018,Cleverson,0.3101336548955085,-0.3479277978308086
2000-02-14 17:30:00.000000000,1005,Cleverson,0.8181679548495386,0.35879578655315836
2000-02-14 19:30:00.000000000,992,Cleverson,0.851509614096744,-0.09794733578454373
2000-02-15 02:00:00.000000000,1028,Cleverson,-0.5944808037109608,0.5748034271671167
2000-02-15 05:30:00.000000000,1032,Cleverson,0.9398585512434572,0.8296081176612862
2000-02-15 05:45:00.000000000,980,Cleverson,-0.7009175908843366,0.33701933140274076
2000-02-15 07:00:00.000000000,982,Cleverson,0.19055267010057686,0.17379054094979463
2000-02-15 08:30:00.000000000,980,Cleverson,0.19194471782554645,-0.23198156529125447
2000-02-15 11:00:00.000000000,955,Cleverson,-0.6137564006680725,0.8990575564894283
2000-02-15 11:30:00.000000000,995,Cleverson,-0.21290132101081283,-0.4647378197468448
2000-02-15 13:45:00.000000000,1064,Cleverson,-0.4108801875336707,-0.36504978732797255
2000-02-15 14:45:00.000000000,1014,Cleverson,-0.9952001130578663,-0.7325034925351943
2000-02-15 15:45:00.000000000,951,Cleverson,-0.13249032666217264,0.13422105940502949
2000-02-15 16:15:00.000000000,1024,Cleverson,0.8150597028527871,-0.9412193848530406
2000-02-15 17:30:00.000000000,955,Cleverson,0.7160110657084724,0.8494257885712808
2000-02-15 19:15:00.000000000,966,Cleverson,0.167473838084498,0.8135081436692981
2000-02-15 19:30:00.000000000,1025,Cleverson,-0.4328529474652536,0.5057150091688472
2000-02-15 20:15:00.000000000,999,Cleverson,-0.13218699584451676,0.44477128908008745
2000-02-15 21:15:00.000000000,946,Cleverson,0.005086439294860412,0.016910559650538337
2000-02-16 00:30:00.000000000,999,Cleverson,-0.05389065443469754,0.3415524609150544
2000-02-16 03:30:00.000000000,917,Cleverson,-0.7553050145548905,-0.5727956849328844
2000-02-16 04:00:00.000000000,964,Cleverson,-0.9804203167027308,0.18645522544739457
2000-02-16 08:00:00.000000000,1014,Cleverson,-0.19132102263067496,0.8728725861492541
2000-02-16 12:30:00.000000000,1000,Cleverson,0.8050656746644036,0.34162954553771274
2000-02-16 13:45:00.000000000,1028,Cleverson,-0.9529502728703283,-0.6435843643656991
2000-02-16 15:30:00.000000000,974,Cleverson,-0.2537681173072026,0.2081417105733938
2000-02-16 18:30:00.000000000,1042,Cleverson,-0.15044370332665324,0.41194452176979235
2000-02-16 19:00:00.000000000,1026,Cleverson,-0.10508202520446797,0.8201343107542785
2000-02-16 21:15:00.000000000,1003,Cleverson,-0.11393366983444286,-0.29536040833337496
2000-02-17 00:00:00.000000000,989,Cleverson,-0.5135142739010337,0.7718079432096296
2000-02-17 03:30:00.000000000,980,Cleverson,-0.34642600929400214,0.6205363155974954
2000-02-17 04:15:00.000000000,1008,Cleverson,0.9096632198835795,0.6423090260426425
2000-02-17 04:30:00.000000000,967,Cleverson,0.6681657046225731,0.19857913499893343
2000-02-17 05:00:00.000000000,1034,Cleverson,0.8531136265504422,0.7326340517076926
2000-02-17 05:15:00.000000000,1040,Cleverson,-0.001895135827608696,0.6374364871724685
2000-02-17 06:45:00.000000000,970,Cleverson,0.23680225310761283,0.1197698261716551
2000-02-17 10:45:00.000000000,968,Cleverson,0.41640249710515187,0.35784057298668714
2000-02-17 11:00:00.000000000,994,Cleverson,-0.6516127247202466,-0.029118728621580603
2000-02-17 12:00:00.000000000,1038,Cleverson,0.9801507258273952,0.800453682260122
2000-02-17 12:45:00.000000000,1009,Cleverson,-0.719320155428862,-0.25744715581251554
2000-02-17 13:00:00.000000000,993,Cleverson,-0.3025994058440238,0.7165501413410027
2000-02-17 14:45:00.000000000,938,Cleverson,-0.09031027090890964,0.11019535747655906
2000-02-17 15:45:00.000000000,958,Cleverson,0.6616750533328075,0.6219936681875884
2000-02-17 16:30:00.000000000,987,Cleverson,-0.14349017992430646,0.789227135647228
2000-02-17 17:30:00.000000000,995,Cleverson,0.8788659725028076,0.007653570795104647
2000-02-17 18:15:00.000000000,928,Cleverson,0.329716227992362,-0.5928436191543567
2000-02-17 19:15:00.000000000,958,Cleverson,0.5950095750438049,0.10302300736965297
2000-02-17 20:15:00.000000000,990,Cleverson,0.30854494584343706,0.74724137259893
2000-02-17 21:30:00.000000000,942,Cleverson,0.47450750078546466,0.17132582167317478
2000-02-17 22:00:00.000000000,996,Cleverson,-0.3894921947980794,0.7533486124679181
2000-02-17 22:30:00.000000000,1010,Cleverson,-0.9995842712038951,0.5186146096711746
2000-02-18 02:15:00.000000000,988,Cleverson,0.765496836454904,0.10803448890392331
2000-02-18 03:15:00.000000000,1056,Cleverson,-0.8483091822898594,-0.1320732031777223
2000-02-18 07:45:00.000000000,1004,Cleverson,0.0962049244119969,-0.3446536964404374
2000-02-18 10:15:00.000000000,993,Cleverson,-0.030638828039826427,0.9394027118788135
2000-02-18 11:00:00.000000000,966,Cleverson,0.08064711664013902,-0.3193139802628322
2000-02-18 11:15:00.000000000,1053,Cleverson,0.5474534402639313,0.149969862868077
2000-02-18 12:30:00.000000000,935,Cleverson,0.7298227635258612,0.09905682107369107
2000-02-18 13:30:00.000000000,1057,Cleverson,-0.7244908878924015,-0.5455082169780394
2000-02-18 14:45:00.000000000,999,Cleverson,-0.30824831524149254,0.1630624679850623
2000-02-18 15:15:00.000000000,1018,Cleverson,-0.32189101341179893,0.6560360565641323
2000-02-18 16:30:00.000000000,953,Cleverson,0.6525598306494882,-0.2507488544170453
2000-02-18 17:15:00.000000000,961,Cleverson,-0.13653638493865583,0.04181720434826364
2000-02-18 20:15:00.000000000,1005,Cleverson,0.7382514644484315,0.8644818089758848
2000-02-18 22:30:00.000000000,1002,Cleverson,0.4728678029511679,-0.8217971723906301
2000-02-19 01:15:00.000000000,952,Cleverson,0.9308954732637558,0.2791032989863216
2000-02-19 04:00:00.000000000,988,Cleverson,0.5662689323497312,-0.024970202089170224
2000-02-19 05:00:00.000000000,986,Cleverson,0.9904046425617343,0.17169062271742686
2000-02-19 06:15:00.000000000,987,Cleverson,-0.043554260460493044,-0.5211247271557184
2000-02-19 06:30:00.000000000,1012,Cleverson,-0.7956332410229228,0.0014823232889549232
2000-02-19 07:00:00.000000000,1012,Cleverson,0.21127404385534465,-0.03234781180380186
2000-02-19 08:30:00.000000000,1056,Cleverson,0.3031848203395655,0.8126703736319583
2000-02-19 13:15:00.000000000,1052,Cleverson,-0.5885440240425004,-0.1261331244964745
2000-02-19 13:30:00.000000000,1011,Cleverson,-0.8904714127711755,0.6662421235261398
2000-02-19 14:15:00.000000000,997,Cleverson,0.7060556336254105,0.35996112089995513
2000-02-19 16:30:00.000000000,1012,Cleverson,-0.7013857592050148,0.09497557356890374
2000-02-19 17:00:00.000000000,942,Cleverson,-0.7655482777768667,0.13646011952588188
2000-02-19 20:15:00.000000000,981,Cleverson,-0.4184777685276131,0.06541427004171019
2000-02-19 22:00:00.000000000,1057,Cleverson,0.27863881343057884,-0.6521368356019333
2000-02-19 22:30:00.000000000,1032,Cleverson,0.44003633483967786,0.2059882708110765
2000-02-19 22:45:00.000000000,952,Cleverson,-0.3272665538769841,-0.2698781035507254
2000-02-20 01:45:00.000000000,1015,Cleverson,-0.6059337510927001,0.4375345186769095
2000-02-20 04:45:00.000000000,1008,Cleverson,0.03654494642948469,-0.11710833415921407
2000-02-20 07:00:00.000000000,994,Cleverson,0.595384940502071,0.5197689497887219
2000-02-20 08:15:00.000000000,986,Cleverson,0.2869020544821972,0.7658062533423751
2000-02-20 08:45:00.000000000,1012,Cleverson,0.27705035419226354,0.05064595464404187
2000-02-20 10:00:00.000000000,976,Cleverson,0.8601218652380911,-0.6285905059099415
2000-02-20 10:45:00.000000000,1088,Cleverson,0.016878074163969137,-0.4757394864079383
2000-02-20 11:15:00.000000000,936,Cleverson,-0.5723067916679052,-0.4157596031059403
2000-02-20 12:15:00.000000000,980,Cleverson,-0.9256050036625549,-0.8082191109585981
2000-02-20 15:00:00.000000000,994,Cleverson,-0.5445261333013869,0.5861516185447235
2000-02-20 15:15:00.000000000,964,Cleverson,-0.05041916331471241,-0.8123890229413979
2000-02-20 19:15:00.000000000,1002,Cleverson,0.9162205635680472,-0.8429064042946317
2000-02-20 20:45:00.000000000,1038,Cleverson,0.43551302912753864,-0.03576942803469918
2000-02-20 21:30:00.000000000,1011,Cleverson,-0.2238214158419236,-0.5843369257274584
2000-02-20 22:30:00.000000000,981,Cleverson,0.3896641192247414,0.06874524257947767
2000-02-21 00:00:00.000000000,1018,Cleverson,0.6419203943326861,0.881993223533923
2000-02-21 00:15:00.000000000,1032,Cleverson,0.9492333734640648,-0.8839229503010024
2000-02-21 00:30:00.000000000,999,Cleverson,-0.22198305573641863,0.4445815488111089
2000-02-21 07:45:00.000000000,958,Cleverson,0.08768889569715754,0.16924994193421594
2000-02-21 08:15:00.000000000,1007,Cleverson,0.7465292882134211,-0.8147845442773016
2000-02-21 10:30:00.000000000,927,Cleverson,-0.946590990222621,-0.05644304237993625
2000-02-21 10:45:00.000000000,1019,Cleverson,0.8690164574036001,0.6380044986467541
2000-02-21 14:45:00.000000000,1007,Cleverson,-0.4359840027066739,-0.904023266635692
2000-02-21 16:15:00.000000000,996,Cleverson,0.3271757059228939,-0.836314205569775
2000-02-21 16:30:00.000000000,1048,Cleverson,-0.6940414078562405,0.6245787507654477
2000-02-21 16:45:00.000000000,941,Cleverson,-0.5351878137998354,0.7675866566687317
2000-02-21 17:00:00.000000000,1048,Cleverson,0.54323706257757,0.004404445926240674
2000-02-21 17:45:00.000000000,984,Cleverson,-0.34910784410656004,0.3927741699772218
2000-02-21 18:00:00.000000000,998,Cleverson,-0.876827172447572,0.6374659400558114
2000-02-21 21:45:00.000000000,964,Cleverson,0.7143449272061946,-0.6579636521727612
2000-02-21 22:30:00.000000000,1022,Cleverson,0.4896894210647882,0.39594595278014055
2000-02-21 23:30:00.000000000,992,Cleverson,-0.0558999476132247,0.32309179687144995
2000-02-22 01:00:00.000000000,1005,Cleverson,-0.10445140478867176,0.9134249998321333
2000-02-22 02:00:00.000000000,996,Cleverson,-0.3179347235226171,0.20511694784447387
2000-02-22 02:15:00.000000000,1055,Cleverson,-0.4118377595581404,0.452649468667764
2000-02-22 04:00:00.000000000,1057,Cleverson,0.8037041847331257,0.5733296748916821
2000-02-22 04:30:00.000000000,996,Cleverson,-0.9804274110940843,0.19665362766711447
2000-02-22 07:15:00.000000000,978,Cleverson,-0.530465896102551,-0.1178992177968845
2000-02-22 08:30:00.000000000,1010,Cleverson,0.5802369614473042,-0.9281330885057857
2000-02-22 09:00:00.000000000,999,Cleverson,-0.5107183602819194,-0.172482536470411
2000-02-22 10:15:00.000000000,1041,Cleverson,0.5128376473594574,0.5474133078948811
2000-02-22 11:15:00.000000000,1048,Cleverson,0.20997597683606029,-0.5490606703928442
2000-02-22 11:30:00.000000000,996,Cleverson,0.4099010667987799,0.5366345437060951
2000-02-22 13:45:00.000000000,1022,Cleverson,-0.23432616031938003,0.6896139455428736
2000-02-22 14:45:00.000000000,1004,Cleverson,0.18422122899772697,-0.4754411325592398
2000-02-22 15:15:00.000000000,987,Cleverson,-0.3192505475752574,-0.9059626616079313
2000-02-22 20:30:00.000000000,976,Cleverson,-0.30509598081044387,0.5897081139751876
2000-02-22 22:00:00.000000000,995,Cleverson,0.14124437849437155,-0.7039027081108267
2000-02-22 22:45:00.000000000,960,Cleverson,0.020322518420864633,-0.562360834669414
2000-02-23 00:00:00.000000000,943,Cleverson,0.6007929009155359,0.7001247447999348
2000-02-23 01:45:00.000000000,996,Cleverson,-0.2480524345620354,0.500344109972195
2000-02-23 02:15:00.000000000,991,Cleverson,-0.5064460486021787,0.865984581164778
2000-02-23 02:30:00.000000000,989,Cleverson,-0.8470719690261725,-0.7190464685161868
2000-02-23 05:15:00.000000000,1004,Cleverson,-0.26291598618916057,0.1821581396379044
2000-02-23 06:15:00.000000000,1029,Cleverson,0.3579220094777398,-0.49173488804132903
2000-02-23 09:00:00.000000000,1032,Cleverson,0.8464667713441469,0.8238839362506547
2000-02-23 10:30:00.000000000,1032,Cleverson,-0.08581964608702153,0.7529901696486396
2000-02-23 11:30:00.000000000,986,Cleverson,0.39118331736115475,-0.3616221818598149
2000-02-23 12:00:00.000000000,1024,Cleverson,-0.909561485959558,0.018538944290700465
2000-02-23 14:45:00.000000000,999,Cleverson,0.42306620495122704,0.5719373069356966
2000-02-23 15:15:00.000000000,975,Cleverson,-0.923880963893609,-0.016695402331346587
2000-02-23 17:00:00.000000000,1007,Cleverson,-0.12546533114860337,0.4038756506469068
2000-02-23 19:00:00.000000000,1012,Cleverson,0.42875757207338183,-0.8271782090266551
2000-02-23 20:00:00.000000000,1000,Cleverson,0.7650214735777074,0.22132557717050472
2000-02-23 21:00:00.000000000,1027,Cleverson,0.16261196576646086,-0.965490436632044
2000-02-23 23:00:00.000000000,956,Cleverson,-0.7152224958800342,-0.08038482301885552
2000-02-24 01:45:00.000000000,1009,Cleverson,0.5332605762467231,0.6930719529769258
2000-02-24 02:45:00.000000000,1040,Cleverson,-0.09163582675880666,-0.8704228884585985
2000-02-24 05:15:00.000000000,1020,Cleverson,-0.3819640412806222,0.35683409028043656
2000-02-24 06:00:00.000000000,972,Cleverson,0.912268305897016,-0.27492615183155067
2000-02-24 06:45:00.000000000,1034,Cleverson,-0.40612564121822015,0.5786760639824675
2000-02-24 09:00:00.000000000,999,Cleverson,-0.5431097508344596,0.6365594948588211
2000-02-24 10:00:00.000000000,984,Cleverson,0.7498527540240902,0.30641951492096076
2000-02-24 10:15:00.000000000,987,Cleverson,0.006212710519539755,0.1217195916827345
2000-02-24 12:30:00.000000000,941,Cleverson,-0.7051982571005475,-0.1451479100378854
2000-02-24 16:30:00.000000000,1045,Cleverson,0.33513761945073806,0.9125893824449833
2000-02-24 17:45:00.000000000,1027,Cleverson,0.5830855980985223,0.47828189432163537
2000-02-24 18:30:00.000000000,1002,Cleverson,-0.4528000642469696,0.3216062212486457
2000-02-24 22:00:00.000000000,1023,Cleverson,-0.6324648620138755,0.8634847537791306
2000-02-25 00:45:00.000000000,942,Cleverson,-0.6390706126976455,0.44767976856574565
2000-02-25 03:15:00.000000000,955,Cleverson,-0.8207817239662285,0.1732309590860146
2000-02-25 06:00:00.000000000,999,Cleverson,0.5138145544850714,-0.2684732763831976
2000-02-25 06:45:00.000000000,989,Cleverson,-0.0899265677599197,0.6580125881425076
2000-02-25 07:15:00.000000000,977,Cleverson,-0.7189483598940194,-0.5290947598658149
2000-02-25 09:15:00.000000000,1021,Cleverson,-0.22217731165858057,0.05524399621314857
2000-02-25 09:30:00.000000000,986,Cleverson,-0.2860559095004582,-0.734330229668664
2000-02-25 10:30:00.000000000,985,Cleverson,-0.6488550161151692,0.3568351053216514
2000-02-25 10:45:00.000000000,1020,Cleverson,-0.03525845214018375,-0.3788253987863548
2000-02-25 12:15:00.000000000,959,Cleverson,0.46559468366940293,0.7578988409949279
2000-02-25 13:00:00.000000000,967,Cleverson,-0.8711302446341898,-0.3551750592236007
2000-02-25 14:00:00.000000000,979,Cleverson,0.11407598842260769,0.6456995605268241
2000-02-25 15:15:00.000000000,966,Cleverson,-0.3461549843599745,0.43044414326541247
2000-02-25 16:15:00.000000000,998,Cleverson,-0.5326597182855592,0.5780958320805059
2000-02-25 16:45:00.000000000,1043,Cleverson,0.6679806434868694,0.052653097491956125
2000-02-25 18:15:00.000000000,973,Cleverson,0.5075937321595787,0.9495507284980038
2000-02-25 22:15:00.000000000,958,Cleverson,-0.6298024188198783,-0.39665277088262973
2000-02-25 22:30:00.000000000,982,Cleverson,0.5522722294091724,0.6034629474296926
2000-02-25 23:30:00.000000000,1003,Cleverson,-0.6113415342399751,0.6328954711490042
2000-02-26 00:15:00.000000000,1011,Cleverson,0.9648381172855256,0.32691980744043225
2000-02-26 00:30:00.000000000,1005,Cleverson,-0.7069908442086101,-0.13107549496869964
2000-02-26 01:00:00.000000000,1033,Cleverson,0.8222613137330959,0.8100785823837724
2000-02-26 02:45:00.000000000,1051,Cleverson,-0.35695235149367277,0.06389217115681056
2000-02-26 03:00:00.000000000,1015,Cleverson,-0.2677328815972133,0.3957794093680327
2000-02-26 06:15:00.000000000,944,Cleverson,-0.403953133458699,0.702328420048512
2000-02-26 09:45:00.000000000,998,Cleverson,-0.22534885195265875,-0.4142166499253894
2000-02-26 11:00:00.000000000,1016,Cleverson,0.774567862038267,0.0964431689827785
2000-02-26 14:15:00.000000000,993,Cleverson,-0.044853522446971494,0.4681873749164185
2000-02-26 14:30:00.000000000,976,Cleverson,0.6332052090414155,0.26905799871398584
2000-02-26 15:30:00.000000000,988,Cleverson,0.08489032432675203,0.45176802945024797
2000-02-26 20:45:00.000000000,968,Cleverson,0.2752429496351112,0.74798201156031
2000-02-26 22:00:00.000000000,951,Cleverson,0.8492427340231332,-0.8202118013977553
2000-02-27 00:45:00.000000000,1009,Cleverson,-0.7679383381060889,0.7226518956434433
2000-02-27 03:45:00.000000000,992,Cleverson,-0.29819554946833393,0.05555385474543506
2000-02-27 05:30:00.000000000,1001,Cleverson,0.2724980523572331,0.5103856605341617
2000-02-27 07:00:00.000000000,983,Cleverson,0.166012903474273,-0.3775178477096848
2000-02-27 10:00:00.000000000,1024,Cleverson,0.8539886667304626,-0.2180274544099572
2000-02-27 10:15:00.000000000,968,Cleverson,0.05352398522626167,-0.6823471792352795
2000-02-27 11:45:00.000000000,1031,Cleverson,-0.8139470041892403,0.8347178182422759
2000-02-27 13:15:00.000000000,973,Cleverson,0.9792422418293025,-0.6507361851833648
2000-02-27 13:30:00.000000000,1084,Cleverson,-0.24397669852283643,0.3132100116587875
2000-02-27 16:00:00.000000000,1040,Cleverson,-0.13586478909172883,-0.92025543497789
2000-02-27 16:45:00.000000000,958,Cleverson,0.034078972690285925,-0.5654616904803558
2000-02-27 17:45:00.000000000,1048,Cleverson,-0.5950674547329842,0.6759380853823598
2000-02-27 20:45:00.000000000,993,Cleverson,0.571149084838555,-0.301895787548347
2000-02-27 21:15:00.000000000,940,Cleverson,0.8628719604123316,0.019178826524879566
2000-02-27 22:45:00.000000000,969,Cleverson,0.40694184529687893,0.8223896123640155
2000-02-28 00:00:00.000000000,937,Cleverson,-0.3622194087609776,0.4406264738099075
2000-02-28 01:15:00.000000000,1008,Cleverson,-0.9364059345834503,-0.6331450458440813
2000-02-28 02:45:00.000000000,971,Cleverson,0.0916827053917022,-0.383019190597192
2000-02-28 04:00:00.000000000,1019,Cleverson,0.7558939238065345,-0.20639637511898679
2000-02-28 05:15:00.000000000,1040,Cleverson,-0.5124695485261817,0.4173838228230373
2000-02-28 05:45:00.000000000,1002,Cleverson,-0.2192409344966224,-0.09480497833857404
2000-02-28 07:15:00.000000000,1013,Cleverson,-0.5047870691382097,0.39015816888705723
2000-02-28 08:15:00.000000000,987,Cleverson,-0.9024843334459529,-0.9786454894788217
2000-02-28 10:00:00.000000000,1008,Cleverson,-0.5909916297541984,0.18061576276987434
2000-02-28 10:45:00.000000000,1056,Cleverson,0.19712622995704,-0.5146742418558612
2000-02-28 14:15:00.000000000,1002,Cleverson,-0.7635728337091947,-0.813269324140534
2000-02-28 14:30:00.000000000,1006,Cleverson,0.13264183870582635,-0.6088569973937532
2000-02-28 15:00:00.000000000,1009,Cleverson,-0.3637105187585892,-0.3484107272659307
2000-02-28 15:45:00.000000000,1067,Cleverson,-0.6780022057635298,-0.07987134299791121
2000-02-28 16:00:00.000000000,1071,Cleverson,-0.9337365662743926,0.22564875090602876
2000-02-28 19:30:00.000000000,984,Cleverson,-0.2914238722303151,-0.13351484016027793
2000-02-28 21:15:00.000000000,1030,Cleverson,-0.9447480658809628,-0.7584725011618123
2000-02-29 02:45:00.000000000,999,Cleverson,0.8553466035708757,-0.7578823120001044
2000-02-29 03:30:00.000000000,1018,Cleverson,-0.13522714399323643,-0.33884960119638463
2000-02-29 04:15:00.000000000,944,Cleverson,0.46084608885538914,-0.5655026126399294
2000-02-29 04:45:00.000000000,1057,Cleverson,0.23903538416745418,-0.2380644021215168
2000-02-29 06:00:00.000000000,1039,Cleverson,-0.5694816027415797,0.3990387029414293
2000-02-29 09:00:00.000000000,969,Cleverson,-0.621829438248751,-0.11912829592586549
2000-02-29 09:15:00.000000000,1057,Cleverson,-0.010417013038996448,-0.9477802603747947
2000-02-29 10:45:00.000000000,1007,Cleverson,-0.8530616516605811,-0.7349128299040628
2000-02-29 13:00:00.000000000,1033,Cleverson,0.8208617908366822,0.8171970726361073
2000-02-29 14:00:00.000000000,1003,Cleverson,0.4859243539159699,-0.6908193973494687
2000-02-29 14:30:00.000000000,998,Cleverson,-0.7734451164982601,0.6255420743297788
2000-02-29 16:30:00.000000000,1008,Cleverson,-0.9170296483030171,0.05585306990940486
2000-02-29 17:15:00.000000000,1003,Cleverson,0.44858849540539225,0.5270155012456486
2000-02-29 18:45:00.000000000,955,Cleverson,0.3565569653820919,-0.22257628688262643
2000-02-29 21:00:00.000000000,989,Cleverson,-0.4969291436191525,0.2383327736106975
2000-03-01 02:15:00.000000000,967,Cleverson,0.7660978700112493,-0.24746700196130123
2000-03-01 05:00:00.000000000,980,Cleverson,-0.9499770158338747,-0.17194128870180192
2000-03-01 06:45:00.000000000,966,Cleverson,0.31134284510451726,0.9832324274136828
2000-03-01 10:15:00.000000000,1049,Cleverson,-0.3360778316139408,0.946798220631476
2000-03-01 15:45:00.000000000,1003,Cleverson,-0.6619188693930285,-0.8558197894800119
2000-03-01 16:00:00.000000000,1022,Cleverson,-0.7390093490395797,0.3294826688385164
2000-03-01 17:30:00.000000000,923,Cleverson,0.2516728429065167,0.8014909216482526
2000-03-01 21:30:00.000000000,988,Cleverson,0.7548715643038457,-0.14494766369481793
2000-03-01 21:45:00.000000000,967,Cleverson,-0.7109083016516582,0.5102795481673941
2000-03-01 22:30:00.000000000,976,Cleverson,0.9883385278345205,0.7802147328308078
2000-03-01 23:15:00.000000000,965,Cleverson,-0.3300801819826906,0.10336688658948345
2000-03-02 00:15:00.000000000,1000,Cleverson,0.7394614972645697,-0.8313047660703394
2000-03-02 02:15:00.000000000,991,Cleverson,0.8221402696615556,-0.09841670587745299
2000-03-02 02:30:00.000000000,1069,Cleverson,0.6664301202711509,-0.4945365524570702
2000-03-02 03:30:00.000000000,991,Cleverson,-0.02193261469334762,0.8224692748206224
2000-03-02 04:30:00.000000000,960,Cleverson,-0.9227438554939067,-0.8340400441247295
2000-03-02 08:30:00.000000000,990,Cleverson,-0.07715003557417544,-0.38347744301081566
2000-03-02 13:45:00.000000000,995,Cleverson,-0.2414981155480096,0.4524648733980867
2000-03-02 16:30:00.000000000,1011,Cleverson,0.3150693776805018,-0.9981167194506859
2000-03-02 19:00:00.000000000,1014,Cleverson,0.25842452879989497,0.8623205680248496
2000-03-02 21:15:00.000000000,979,Cleverson,0.8015667296505935,-0.10749293382525194
2000-03-02 22:45:00.000000000,988,Cleverson,0.2301830925968098,-0.8245900968841693
2000-03-02 23:00:00.000000000,998,Cleverson,0.19612179119401008,0.9177216625973388
2000-03-03 01:15:00.000000000,989,Cleverson,0.5611360742054317,0.4319811558430666
2000-03-03 01:45:00.000000000,973,Cleverson,-0.46720969209024266,0.9192669223419361
2000-03-03 03:45:00.000000000,953,Cleverson,-0.3532258627446121,0.8176554216687755
2000-03-03 05:00:00.000000000,984,Cleverson,-0.20590426215463897,0.0095151833752678
2000-03-03 06:00:00.000000000,961,Cleverson,0.39628490455245613,0.1971331709704558
2000-03-03 08:15:00.000000000,1044,Cleverson,-0.11109974886527585,-0.3880601090218416
2000-03-03 12:00:00.000000000,960,Cleverson,-0.33595286353712206,-0.6267534469066953
2000-03-03 13:30:00.000000000,920,Cleverson,-0.6054732996033663,-0.534155489623843
2000-03-03 14:00:00.000000000,963,Cleverson,-0.35152535878485924,0.793576800432984
2000-03-03 16:45:00.000000000,991,Cleverson,-0.2343925022240989,-0.1554954384209284
2000-03-03 17:00:00.000000000,968,Cleverson,-0.48720553184101245,0.0492546395127309
2000-03-03 19:00:00.000000000,1030,Cleverson,0.8598466788733801,0.7564322407432842
2000-03-03 19:30:00.000000000,926,Cleverson,0.5030744719255367,-0.9451878893836623
2000-03-04 00:45:00.000000000,941,Cleverson,0.7091351113135611,-0.22199700018763568
2000-03-04 05:45:00.000000000,1022,Cleverson,0.9289261056911817,0.7451025645053735
2000-03-04 06:30:00.000000000,1020,Cleverson,0.3663685808438597,0.009469306454445103
2000-03-04 07:15:00.000000000,1001,Cleverson,0.9925724261742372,0.3000188994653794
2000-03-04 11:00:00.000000000,1033,Cleverson,-0.19083218577537941,-0.6309717771444772
2000-03-04 11:45:00.000000000,970,Cleverson,-0.635031122968458,0.47854677211329166
2000-03-04 12:00:00.000000000,983,Cleverson,0.9507738422111351,-0.3278007818275206
2000-03-04 12:30:00.000000000,1000,Cleverson,-0.5888218827886871,0.2662233808808405
2000-03-04 13:15:00.000000000,968,Cleverson,0.6305093144936296,-0.6982913107766311
2000-03-04 13:30:00.000000000,1005,Cleverson,0.23136370512798643,0.7437308945313037
2000-03-04 16:00:00.000000000,984,Cleverson,-0.21291438941307983,0.5853089330337375
2000-03-04 17:15:00.000000000,1052,Cleverson,-0.5410491937209887,-0.993225350074316
2000-03-04 18:45:00.000000000,1089,Cleverson,0.3593622451116665,0.17665985327019973
2000-03-04 20:30:00.000000000,997,Cleverson,-0.20339050082126575,-0.06527267642589529
2000-03-04 22:00:00.000000000,1056,Cleverson,-0.7304635371594774,0.1923104291414648
2000-03-04 22:45:00.000000000,948,Cleverson,-0.07674530361244836,0.826900340957692
2000-03-05 00:15:00.000000000,976,Cleverson,0.43045865395397565,0.978486437095806
2000-03-05 01:45:00.000000000,1010,Cleverson,0.2859196246140141,0.021062920364196103
2000-03-05 04:15:00.000000000,1019,Cleverson,0.9724841722897488,0.5010925246015905
2000-03-05 08:45:00.000000000,967,Cleverson,0.6613376330295884,0.9209506853111427
2000-03-05 10:00:00.000000000,947,Cleverson,0.7072081655122175,0.8079793730742377
2000-03-05 12:30:00.000000000,1009,Cleverson,0.408639199626756,0.19401453920698342
2000-03-05 15:30:00.000000000,1038,Cleverson,-0.04033100366661557,-0.7048730293294942
2000-03-05 16:15:00.000000000,990,Cleverson,0.9851882277515953,0.2134562815494332
2000-03-05 18:15:00.000000000,1029,Cleverson,0.539093382093492,-0.875463319088253
2000-03-05 21:45:00.000000000,1067,Cleverson,0.46597986548654036,0.1734119488104935
2000-03-05 23:30:00.000000000,1008,Cleverson,-0.8856917487698119,-0.45149611935727996
2000-03-06 03:45:00.000000000,1043,Cleverson,0.507519651083647,-0.8007309703715781
2000-03-06 05:30:00.000000000,946,Cleverson,0.6843220017940319,0.8352441682421683
2000-03-06 10:00:00.000000000,1006,Cleverson,-0.19796037588125515,-0.9152383374419619
2000-03-06 12:30:00.000000000,997,Cleverson,0.6157185364765265,0.6798179971255534
2000-03-06 13:15:00.000000000,1031,Cleverson,0.8074454244930171,-0.8390741358973561
2000-03-06 16:30:00.000000000,1034,Cleverson,-0.8713355636705511,0.13055929920729326
2000-03-06 17:30:00.000000000,1015,Cleverson,0.10585242132766792,-0.49624230815760395
2000-03-06 22:30:00.000000000,1034,Cleverson,-0.567558785029143,0.2123314606857254
2000-03-07 04:00:00.000000000,981,Cleverson,0.22286939119118565,-0.8444038279139767
2000-03-07 09:00:00.000000000,995,Cleverson,0.6111373444176016,-0.7244751591181291
2000-03-07 09:30:00.000000000,970,Cleverson,-0.6781303780279218,0.042488949242598606
2000-03-07 10:00:00.000000000,999,Cleverson,-0.22683156030523866,-0.23953439961808876
2000-03-07 13:45:00.000000000,1009,Cleverson,-0.393988682358146,-0.6446003672449887
2000-03-07 14:00:00.000000000,975,Cleverson,0.4972882228771458,-0.2438078641738164
2000-03-07 19:15:00.000000000,1032,Cleverson,0.45922039624105904,0.5788048412625997
2000-03-07 20:00:00.000000000,1022,Cleverson,-0.014092398166628772,-0.3865874769767592
2000-03-07 20:45:00.000000000,996,Cleverson,-0.25715495968077606,0.9818701241529384
2000-03-07 21:00:00.000000000,1042,Cleverson,0.7064748876946079,-0.2870284335301525
2000-03-07 22:15:00.000000000,973,Cleverson,0.9511266642881935,-0.699037135378366
2000-03-07 23:45:00.000000000,998,Cleverson,-0.5853910761323391,-0.1000426689639684
2000-03-08 00:30:00.000000000,1019,Cleverson,0.3954290672189249,-0.020274760339964448
2000-03-08 00:45:00.000000000,999,Cleverson,0.6773852617622991,-0.5088002460009611
2000-03-08 01:15:00.000000000,978,Cleverson,0.2308393549588068,0.9938380864670067
2000-03-08 02:45:00.000000000,1022,Cleverson,-0.3726098582616453,-0.18129455882293888
2000-03-08 03:15:00.000000000,1052,Cleverson,-0.6002668050458713,-0.4481809595981414
2000-03-08 04:45:00.000000000,1001,Cleverson,0.39905035087629903,0.2184743763213699
2000-03-08 06:15:00.000000000,993,Cleverson,-0.7458096124276461,-0.03463064437499175
2000-03-08 07:15:00.000000000,976,Cleverson,-0.88910186246226,0.5394617962686941
2000-03-08 09:30:00.000000000,959,Cleverson,0.6984797932307478,0.29862915875648
2000-03-08 10:45:00.000000000,990,Cleverson,0.7854128119321919,0.5021095232457953
2000-03-08 11:15:00.000000000,1064,Cleverson,0.6208302512468946,-0.2988754952667201
2000-03-08 13:45:00.000000000,1007,Cleverson,0.9708426445276497,0.5413513516927939
2000-03-08 15:45:00.000000000,964,Cleverson,0.2254787049885827,-0.1348466979555929
2000-03-08 16:30:00.000000000,918,Cleverson,-0.8013926027526892,0.9409338904615365
2000-03-08 16:45:00.000000000,1042,Cleverson,0.26311911957789347,0.020502971547388338
2000-03-08 18:00:00.000000000,1084,Cleverson,-0.4925580479700684,-0.008086831947666795
2000-03-08 21:15:00.000000000,964,Cleverson,0.8163817050200637,0.708749598504288
2000-03-09 01:30:00.000000000,961,Cleverson,0.8744173613843835,-0.263887133032606
2000-03-09 03:30:00.000000000,998,Cleverson,-0.324463531313667,-0.7991501796303111
2000-03-09 05:00:00.000000000,1002,Cleverson,-0.7814811413607514,0.5086915951694146
2000-03-09 06:00:00.000000000,974,Cleverson,0.32004493073817675,0.25394499741369536
2000-03-09 06:30:00.000000000,1057,Cleverson,0.13460908172823127,-0.33287331883536586
2000-03-09 07:45:00.000000000,938,Cleverson,0.5474752731803225,-0.25993006058921164
2000-03-09 08:15:00.000000000,997,Cleverson,-0.8470275424948153,0.07766462781658912
2000-03-09 11:15:00.000000000,964,Cleverson,-0.6121825048151837,0.8261409893480856
2000-03-09 14:00:00.000000000,997,Cleverson,0.1268242490550422,-0.7150541063446587
2000-03-09 14:30:00.000000000,990,Cleverson,-0.6699100667055233,-0.9296702871111986
2000-03-09 15:15:00.000000000,993,Cleverson,0.4991605960270693,-0.2787376581588237
2000-03-09 17:15:00.000000000,986,Cleverson,0.46455419820422095,-0.6451077891173662
2000-03-09 21:00:00.000000000,986,Cleverson,-0.022998628293301904,0.10916051470037824
2000-03-09 21:30:00.000000000,1008,Cleverson,-0.8483644179354728,0.9836120669964947
2000-03-09 22:15:00.000000000,997,Cleverson,-0.44242891160132514,-0.2631936881475778
2000-03-09 23:00:00.000000000,1003,Cleverson,-0.4006003700926932,0.0693821105735779
2000-03-10 02:45:00.000000000,1052,Cleverson,-0.28856176519067134,-0.9594782494926473
2000-03-10 03:30:00.000000000,944,Cleverson,0.4790802815710802,-0.5452695875113784
2000-03-10 05:00:00.000000000,1065,Cleverson,-0.032159058978550314,-0.37778957525718604
2000-03-10 06:30:00.000000000,982,Cleverson,-0.7758812248370881,-0.3683868397666883
2000-03-10 07:00:00.000000000,1023,Cleverson,0.11398534545869254,-0.9781202267560518
2000-03-10 09:30:00.000000000,1000,Cleverson,0.4759412411367103,-0.8849011545349947
2000-03-10 10:15:00.000000000,1009,Cleverson,0.5699488148940732,0.6185583545589091
2000-03-10 11:15:00.000000000,1000,Cleverson,-0.6536574160131514,-0.49285263476165553
2000-03-10 16:00:00.000000000,994,Cleverson,0.5292194508587342,-0.3302947229127182
2000-03-10 16:15:00.000000000,1010,Cleverson,0.36828984329589165,0.9458691681416556
2000-03-10 18:30:00.000000000,962,Cleverson,-0.20767489050938415,-0.7299471995375229
2000-03-10 19:15:00.000000000,997,Cleverson,-0.48481500143937883,0.7620564614882863
2000-03-10 20:00:00.000000000,1002,Cleverson,-0.49814159497034827,-0.7776729052975435
2000-03-10 22:30:00.000000000,1016,Cleverson,0.28511228403618705,-0.17144447615010328
2000-03-10 23:45:00.000000000,1024,Cleverson,0.6982381730029974,-0.3902848141307329
2000-03-11 01:30:00.000000000,997,Cleverson,0.8030288263634815,-0.6989185624541927
2000-03-11 02:30:00.000000000,1015,Cleverson,0.4058652992622531,-0.48997432271072383
2000-03-11 02:45:00.000000000,952,Cleverson,-0.2664994771717879,0.3505420099870158
2000-03-11 04:15:00.000000000,993,Cleverson,0.36302258885917205,-0.36017912158682486
2000-03-11 06:15:00.000000000,975,Cleverson,-0.5363628086351737,0.37478807208504317
2000-03-11 08:45:00.000000000,928,Cleverson,0.579544907303251,0.786762415929364
2000-03-11 09:15:00.000000000,1030,Cleverson,0.2441784638537181,0.4651884092227354
2000-03-11 11:15:00.000000000,999,Cleverson,0.843614057206602,0.4932736284298924
2000-03-11 13:00:00.000000000,988,Cleverson,0.22843477836019654,0.013661116478955737
2000-03-11 13:15:00.000000000,1015,Cleverson,-0.6410651462389079,0.9343348319180247
2000-03-11 15:30:00.000000000,980,Cleverson,0.8370538776223919,-0.1947720795719321
2000-03-11 15:45:00.000000000,985,Cleverson,-0.9881318596245225,0.814014578629803
2000-03-11 16:30:00.000000000,1018,Cleverson,-0.6673670732755239,0.10435504691815223
2000-03-11 18:45:00.000000000,980,Cleverson,-0.8104083564105851,-0.18287640452769938
2000-03-11 19:00:00.000000000,961,Cleverson,0.6187802461043681,0.46928059262228516
2000-03-11 19:45:00.000000000,957,Cleverson,-0.18073511508751783,-0.6664740337347901
2000-03-11 20:00:00.000000000,1008,Cleverson,-0.3921764603449509,0.4769102321734022
2000-03-12 01:30:00.000000000,1010,Cleverson,0.6601425497762601,0.3109537906455768
2000-03-12 02:30:00.000000000,1063,Cleverson,0.2505003694553316,0.028454978871179648
2000-03-12 03:00:00.000000000,981,Cleverson,0.034416071236244905,-0.01872209185977347
2000-03-12 05:45:00.000000000,985,Cleverson,0.4122426086889506,0.5015903294159092
2000-03-12 08:45:00.000000000,980,Cleverson,-0.7945665834646174,0.6132664668974928
2000-03-12 12:00:00.000000000,1006,Cleverson,-0.8158492908073132,0.23996197418848086
2000-03-12 12:30:00.000000000,1019,Cleverson,-0.298709974812134,0.5681430623748875
2000-03-12 12:45:00.000000000,1035,Cleverson,0.9411307202383914,-0.2713124874941324
2000-03-12 14:00:00.000000000,1043,Cleverson,0.9292684664515687,-0.8231885490315776
2000-03-12 19:45:00.000000000,928,Cleverson,-0.1782860443109462,-0.08322998251582914
2000-03-12 21:00:00.000000000,1011,Cleverson,0.2506803276879632,-0.7249257428002027
2000-03-12 23:00:00.000000000,1004,Cleverson,0.4774655011416513,0.03941782878883093
2000-03-13 00:15:00.000000000,1065,Cleverson,-0.9704450916210026,0.13095428563439904
2000-03-13 03:30:00.000000000,1046,Cleverson,0.8958777388737278,0.03181254542617329
2000-03-13 03:45:00.000000000,979,Cleverson,-0.46088796373585383,-0.019664675107628815
2000-03-13 04:45:00.000000000,1021,Cleverson,-0.6969274970384536,0.9741366584657762
2000-03-13 05:15:00.000000000,968,Cleverson,0.6673179542961629,0.42681568347787
2000-03-13 05:30:00.000000000,991,Cleverson,0.36305001943932114,0.06521543108804817
2000-03-13 05:45:00.000000000,1057,Cleverson,-0.879513186657962,-0.44091210604021436
2000-03-13 08:30:00.000000000,926,Cleverson,-0.113405447482537,-0.012709793936381608
2000-03-13 16:00:00.000000000,990,Cleverson,0.518291239297626,0.16789773125283647
2000-03-13 16:15:00.000000000,1022,Cleverson,0.4305194341499907,0.3995918976494137
2000-03-13 18:00:00.000000000,984,Cleverson,-0.8196129089915449,0.26064766042866316
2000-03-13 21:30:00.000000000,942,Cleverson,-0.06068545042521811,-0.9607988048317422
2000-03-14 00:00:00.000000000,1075,Cleverson,0.0741146628367737,0.1918739027099443
2000-03-14 01:00:00.000000000,1053,Cleverson,0.6192355958840254,0.046295360529167606
2000-03-14 02:45:00.000000000,1024,Cleverson,0.354326822696164,-0.7043149084983524
2000-03-14 03:15:00.000000000,959,Cleverson,0.4924559653016434,-0.49492590569224837
2000-03-14 03:30:00.000000000,1001,Cleverson,-0.2689645594505732,0.8235697042186192
2000-03-14 06:15:00.000000000,1012,Cleverson,0.708446993504622,0.09216721397910921
2000-03-14 07:00:00.000000000,967,Cleverson,-0.38351447185023213,0.8474795830948862
2000-03-14 08:45:00.000000000,992,Cleverson,-0.5306028159556113,-0.5990345296007931
2000-03-14 10:30:00.000000000,1013,Cleverson,-0.332186646125767,-0.6724170876921634
2000-03-14 12:30:00.000000000,993,Cleverson,-0.6093272420137046,-0.36884602388912135
2000-03-14 13:00:00.000000000,1005,Cleverson,-0.15502671902681642,0.9179830825513491
2000-03-14 15:30:00.000000000,1009,Cleverson,0.13881364935177487,-0.4578499818182489
2000-03-14 16:30:00.000000000,1005,Cleverson,0.14729089744079205,-0.15704765415968636
2000-03-14 18:15:00.000000000,989,Cleverson,-0.3120568168117117,0.31135030408110853
2000-03-14 19:45:00.000000000,1020,Cleverson,0.5283835423290335,-0.01790697690553089
2000-03-14 20:00:00.000000000,924,Cleverson,-0.03055878841473203,-0.2292320790888105
2000-03-14 21:30:00.000000000,946,Cleverson,-0.07034471464322034,0.9996084431726742
2000-03-15 03:00:00.000000000,966,Cleverson,-0.7171178494337345,-0.13000093165393523
2000-03-15 03:45:00.000000000,1004,Cleverson,-0.014140258916509163,-0.04632409129840864
2000-03-15 06:45:00.000000000,998,Cleverson,-0.710654584220791,-0.5206120103606884
2000-03-15 08:15:00.000000000,957,Cleverson,0.6044461374964794,0.7767717839752182
2000-03-15 10:15:00.000000000,965,Cleverson,0.29431628614937577,-0.7509556513930549
2000-03-15 11:45:00.000000000,1047,Cleverson,0.5321775428955919,0.6642132239294425
2000-03-15 12:30:00.000000000,1039,Cleverson,-0.601105570914275,-0.3835794429421904
2000-03-15 14:45:00.000000000,1018,Cleverson,0.6769697644806891,-0.3499753587112504
2000-03-15 17:15:00.000000000,1013,Cleverson,0.44412316042056577,-0.46594001698707355
2000-03-15 18:00:00.000000000,999,Cleverson,-0.894650384028338,-0.5168191918973253
2000-03-15 20:45:00.000000000,967,Cleverson,0.28933437428498876,0.7192666074089706
2000-03-15 22:15:00.000000000,952,Cleverson,-0.7697125186408436,-0.9991164711865306
2000-03-15 23:15:00.000000000,949,Cleverson,-0.1428632249069688,-0.9794531367243111
2000-03-16 01:00:00.000000000,1041,Cleverson,-0.22633986439104148,-0.34695848922773287
2000-03-16 01:15:00.000000000,1009,Cleverson,0.8729164878706692,-0.2899461862864341
2000-03-16 02:00:00.000000000,1069,Cleverson,0.0864301983607656,0.6079666609154606
2000-03-16 03:00:00.000000000,1039,Cleverson,-0.21307565653204485,0.6979296008794018
2000-03-16 06:45:00.000000000,994,Cleverson,0.537608334849301,-0.683917165186843
2000-03-16 12:30:00.000000000,981,Cleverson,-0.15122575041720387,0.926179598995454
2000-03-16 14:15:00.000000000,987,Cleverson,0.3571414327010547,-0.7059980927676717
2000-03-16 17:30:00.000000000,995,Cleverson,0.8042295304788645,0.9730482706500314
2000-03-16 21:45:00.000000000,999,Cleverson,-0.32967679845273046,-0.9149934033605251
2000-03-17 00:15:00.000000000,1009,Cleverson,-0.06039510019094707,0.13001918045824845
2000-03-17 01:00:00.000000000,1013,Cleverson,0.9928090795083917,0.22942064915939997
2000-03-17 01:30:00.000000000,1002,Cleverson,-0.44022129678158795,0.20345687164464277
2000-03-17 02:15:00.000000000,984,Cleverson,0.4547334014202653,-0.8193199288906103
2000-03-17 03:00:00.000000000,1014,Cleverson,-0.06201081549983334,-0.5443736507605943
2000-03-17 04:00:00.000000000,1025,Cleverson,0.556180604163858,-0.2606293522127303
2000-03-17 04:45:00.000000000,995,Cleverson,0.8786122245081469,0.18217621909313042
2000-03-17 05:00:00.000000000,993,Cleverson,-0.09954652446237966,-0.5277378862832285
2000-03-17 07:00:00.000000000,978,Cleverson,0.0758817025523677,-0.9221879686911032
2000-03-17 07:15:00.000000000,1029,Cleverson,0.35718564613066595,-0.3917923546846249
2000-03-17 13:00:00.000000000,1022,Cleverson,0.1777670243561893,0.1036106833946937
2000-03-17 16:00:00.000000000,995,Cleverson,0.35241837224573813,-0.23019812447379806
2000-03-17 17:30:00.000000000,1007,Cleverson,0.37123558301904547,0.7666308775201922
2000-03-17 23:15:00.000000000,964,Cleverson,-0.5154283250231884,-0.9549401093588132
2000-03-18 05:15:00.000000000,1006,Cleverson,-0.1860872205661559,0.5754504127014397
2000-03-18 08:00:00.000000000,974,Cleverson,0.013832694600482087,-0.5210857049978022
2000-03-18 10:45:00.000000000,1007,Cleverson,0.4166875865266044,-0.024488022223952965
2000-03-18 14:00:00.000000000,971,Cleverson,-0.5029277479862728,0.6557941491464161
2000-03-18 14:15:00.000000000,1006,Cleverson,-0.15740250785281296,-0.37707380799656653
2000-03-18 14:45:00.000000000,1029,Cleverson,0.5845569975154088,-0.21378876870925123
2000-03-18 16:45:00.000000000,1014,Cleverson,-0.3489089129561389,-0.20145743294511353
2000-03-18 18:45:00.000000000,972,Cleverson,0.44652838717557475,-0.6475993249430716
2000-03-18 19:00:00.000000000,975,Cleverson,0.6476747998821384,0.7039533309883068
2000-03-18 19:30:00.000000000,957,Cleverson,0.3209096722465714,0.5839751707232355
2000-03-18 19:45:00.000000000,968,Cleverson,-0.8871869788461164,-0.608544672315458
2000-03-18 22:00:00.000000000,963,Cleverson,-0.22138633610801173,0.8788121165940066
2000-03-19 00:30:00.000000000,995,Cleverson,-0.037727255321247544,-0.8128008784295526
2000-03-19 01:00:00.000000000,1008,Cleverson,-0.37649380701216417,-0.6753276716166197
2000-03-19 01:45:00.000000000,1008,Cleverson,0.7975917240444765,-0.9472287510139095
2000-03-19 03:30:00.000000000,1050,Cleverson,-0.5934612761790978,0.6009258576388723
2000-03-19 03:45:00.000000000,990,Cleverson,-0.6142329515346059,-0.5126133689892582
2000-03-19 07:45:00.000000000,1010,Cleverson,0.07020358193544762,-0.9634459275783942
2000-03-19 08:00:00.000000000,944,Cleverson,0.45163739493820376,-0.11773681585302542
2000-03-19 09:30:00.000000000,982,Cleverson,0.7054593559383335,0.037645293120254
2000-03-19 10:15:00.000000000,1031,Cleverson,0.853194794543322,-0.4223670522880143
2000-03-19 13:30:00.000000000,1016,Cleverson,0.48211037824214253,0.01944688485542434
2000-03-19 14:45:00.000000000,988,Cleverson,0.18205141971626637,0.34479408450402915
2000-03-19 15:30:00.000000000,1045,Cleverson,-0.9017613132788826,-0.17632851995417753
2000-03-19 20:00:00.000000000,1135,Cleverson,-0.2910987653644008,-0.38834627185976145
2000-03-19 20:15:00.000000000,1015,Cleverson,0.9028636726642418,0.1650891998485371
2000-03-20 00:45:00.000000000,1007,Cleverson,-0.5801320939827319,-0.8365211447489562
2000-03-20 04:15:00.000000000,1067,Cleverson,0.9147273813912844,-0.4577035271982932
2000-03-20 04:45:00.000000000,1021,Cleverson,-0.14874985543456787,-0.3607317501645442
2000-03-20 05:00:00.000000000,1016,Cleverson,-0.8156687745954303,-0.3938298965068898
2000-03-20 07:00:00.000000000,1010,Cleverson,0.9904004389047203,0.41074109334547093
2000-03-20 07:30:00.000000000,944,Cleverson,0.9158271645883176,-0.47557430220711905
2000-03-20 09:30:00.000000000,958,Cleverson,-0.6819078035533803,-0.2246240730753759
2000-03-20 12:45:00.000000000,953,Cleverson,0.8217218267974125,-0.4502436445524338
2000-03-20 13:45:00.000000000,984,Cleverson,0.11605618820114261,-0.04960453899068651
2000-03-20 14:30:00.000000000,1029,Cleverson,-0.012098005278585067,0.21260078475959165
2000-03-20 14:45:00.000000000,992,Cleverson,0.6137093723772751,0.5463112908513448
2000-03-20 15:15:00.000000000,1022,Cleverson,0.44000447091402517,-0.9382424570682069
2000-03-20 15:30:00.000000000,996,Cleverson,0.7087310624456997,-0.553881866129601
2000-03-20 16:45:00.000000000,968,Cleverson,-0.113573232539953,-0.23968861369152505
2000-03-20 18:00:00.000000000,1074,Cleverson,-0.350161283631667,0.9319114349682818
2000-03-20 18:15:00.000000000,974,Cleverson,-0.05533186191980399,-0.07607993273640856
2000-03-20 19:15:00.000000000,1008,Cleverson,0.5940536661077325,0.8546024015985012
2000-03-20 19:30:00.000000000,980,Cleverson,-0.34962828365850807,-0.37968972337823526
2000-03-20 19:45:00.000000000,950,Cleverson,-0.9580586003448368,-0.28944365955494455
2000-03-20 20:00:00.000000000,925,Cleverson,-0.04721417505929226,-0.7534949469916943
2000-03-21 02:15:00.000000000,988,Cleverson,-0.5087090909648411,-0.12498161973631206
2000-03-21 06:30:00.000000000,1030,Cleverson,-0.03341721468498138,0.5210008493000633
2000-03-21 08:00:00.000000000,941,Cleverson,0.4017465780559546,0.49890117365232456
2000-03-21 08:45:00.000000000,956,Cleverson,0.3829264885203507,0.41431938636650667
2000-03-21 13:15:00.000000000,945,Cleverson,0.2322087512508677,0.48068816172775164
2000-03-21 16:15:00.000000000,1009,Cleverson,0.738371029167701,0.10694666230225036
2000-03-21 17:00:00.000000000,957,Cleverson,-0.9832937656237677,0.7808146162714722
2000-03-21 18:00:00.000000000,907,Cleverson,0.8683729287210127,0.3593517418797876
2000-03-21 18:15:00.000000000,1023,Cleverson,-0.5012334624365504,-0.9975045064079351
2000-03-21 20:45:00.000000000,1071,Cleverson,0.08602299312458817,-0.62300518975584
2000-03-21 21:00:00.000000000,1015,Cleverson,0.36327529230257594,0.27163847410109154
2000-03-21 21:45:00.000000000,985,Cleverson,-0.2931558019310656,-0.9507208642352132
2000-03-21 22:45:00.000000000,935,Cleverson,0.8738658337904572,0.9435067593373159
2000-03-22 00:00:00.000000000,1008,Cleverson,0.7150258190762921,0.3024957885896016
2000-03-22 00:15:00.000000000,998,Cleverson,0.3886677470355766,0.8787099594159229
2000-03-22 00:45:00.000000000,1040,Cleverson,-0.5287842011683708,-0.3597180880227193
2000-03-22 01:15:00.000000000,1018,Cleverson,-0.15923742014284703,0.9308612165400729
2000-03-22 02:30:00.000000000,1035,Cleverson,-0.04077652256411857,0.6873333526984495
2000-03-22 03:15:00.000000000,1001,Cleverson,0.8675019309468719,0.9351068682833588
2000-03-22 04:15:00.000000000,979,Cleverson,0.22482343764029156,-0.4499798789156291
2000-03-22 05:45:00.000000000,1004,Cleverson,-0.4499502747902828,0.005070092001494553
2000-03-22 06:00:00.000000000,1023,Cleverson,0.28865148557402986,0.8681232192769808
2000-03-22 06:15:00.000000000,995,Cleverson,-0.4032262869602814,-0.6730989842484969
2000-03-22 11:15:00.000000000,957,Cleverson,-0.8608412985894025,-0.20503509784041962
2000-03-22 12:00:00.000000000,1004,Cleverson,0.7080289752901352,0.624920089160891
2000-03-22 12:15:00.000000000,1050,Cleverson,-0.3243994526680798,-0.7936889403852052
2000-03-22 12:45:00.000000000,1018,Cleverson,0.06846476091385978,0.14713409489028018
2000-03-22 15:30:00.000000000,1021,Cleverson,-0.45085817284893204,0.6260447778805251
2000-03-22 16:15:00.000000000,971,Cleverson,0.6809187670985688,0.9132381930084488
2000-03-22 19:15:00.000000000,1013,Cleverson,0.7065226548079726,-0.6647257531238309
2000-03-22 20:45:00.000000000,1044,Cleverson,0.6543585594653494,-0.8990051088148996
2000-03-22 21:45:00.000000000,997,Cleverson,-0.9540058626921171,0.8285365699010618
2000-03-22 22:15:00.000000000,1051,Cleverson,0.5651354253924248,0.1825821687713005
2000-03-23 00:15:00.000000000,992,Cleverson,-0.3312407185785464,-0.5823149816637847
2000-03-23 00:30:00.000000000,996,Cleverson,-0.5242284847975389,-0.49262243820201923
2000-03-23 01:00:00.000000000,1067,Cleverson,0.1921389840949519,0.8158242166475722
2000-03-23 01:15:00.000000000,971,Cleverson,0.2860466706534823,-0.3453074560760916
2000-03-23 02:15:00.000000000,990,Cleverson,0.9463381486114009,-0.019452722352677476
2000-03-23 02:30:00.000000000,999,Cleverson,-0.44666831942548035,-0.9553561921577942
2000-03-23 03:15:00.000000000,987,Cleverson,-0.3908066178614933,-0.8511550546236921
2000-03-23 04:45:00.000000000,1011,Cleverson,-0.8928158197901366,-0.5779614143541163
2000-03-23 05:30:00.000000000,935,Cleverson,0.5761343783924511,0.29841502769016937
2000-03-23 06:00:00.000000000,1058,Cleverson,-0.7985004542974699,0.45505630331861036
2000-03-23 06:30:00.000000000,977,Cleverson,-0.960803123522542,0.9136024521815418
2000-03-23 08:00:00.000000000,994,Cleverson,0.8532075031498172,0.6842705524629242
2000-03-23 08:45:00.000000000,989,Cleverson,-0.8118848919580901,-0.3232355267844931
2000-03-23 09:15:00.000000000,999,Cleverson,-0.5064260240261409,0.3702472784039945
2000-03-23 10:15:00.000000000,1011,Cleverson,0.43718020939093405,0.9406475636865523
2000-03-23 13:00:00.000000000,968,Cleverson,0.2957466005002325,-0.04325796201601695
2000-03-23 14:00:00.000000000,1023,Cleverson,-0.33671720500450797,0.6900773874508448
2000-03-23 15:15:00.000000000,1030,Cleverson,0.7691344688226023,-0.9201998915625065
2000-03-23 15:45:00.000000000,1005,Cleverson,-0.7674550124405639,-0.6309095835732337
2000-03-23 17:30:00.000000000,1002,Cleverson,-0.09871069497059115,-0.6303099028765209
2000-03-23 19:45:00.000000000,978,Cleverson,-0.0009098217424867716,0.6488492928558842
2000-03-23 20:45:00.000000000,1003,Cleverson,-0.52688113851182,-0.09220207424812576
2000-03-23 21:00:00.000000000,1024,Cleverson,-0.8296249463015228,0.6572956024714869
2000-03-23 22:00:00.000000000,1027,Cleverson,0.56584929319229,0.01369207799699379
2000-03-24 00:15:00.000000000,1011,Cleverson,0.8032667973809375,-0.1158180446520638
2000-03-24 00:30:00.000000000,1006,Cleverson,0.6457652106885214,0.2059157381543688
2000-03-24 01:00:00.000000000,1029,Cleverson,0.26371622341680223,-0.6617835595669133
2000-03-24 02:30:00.000000000,1025,Cleverson,-0.8993936088370882,-0.5649362302685119
2000-03-24 03:45:00.000000000,950,Cleverson,0.7916491486685058,-0.8404450515300885
2000-03-24 04:00:00.000000000,1008,Cleverson,0.052828804576150024,0.5686426512031273
2000-03-24 07:00:00.000000000,1010,Cleverson,0.3192577740225899,0.6270422507855404
2000-03-24 08:45:00.000000000,969,Cleverson,0.4521775127212935,0.8980985368016097
2000-03-24 09:30:00.000000000,985,Cleverson,0.9744077669703604,-0.8471451222403454
2000-03-24 12:30:00.000000000,1009,Cleverson,0.4946551574721818,0.9955283398570447
2000-03-24 12:45:00.000000000,980,Cleverson,0.4877140183438904,0.8750371026767383
2000-03-24 15:00:00.000000000,1009,Cleverson,0.19818973451264954,0.05197571273123658
2000-03-24 18:15:00.000000000,992,Cleverson,-0.2590955482928585,0.12360788026398728
2000-03-24 20:30:00.000000000,1046,Cleverson,-0.9395667785531048,-0.33396981653020963
2000-03-24 22:30:00.000000000,1015,Cleverson,-0.6219270428052981,0.49737024152988196
2000-03-25 01:30:00.000000000,1001,Cleverson,-0.3788478046761865,0.34873897781459195
2000-03-25 02:00:00.000000000,1015,Cleverson,0.6437879105175841,-0.1246572585429293
2000-03-25 03:00:00.000000000,1026,Cleverson,0.6219078905076205,0.7828359490008594
2000-03-25 03:15:00.000000000,972,Cleverson,-0.09410974935628502,0.9904392698091609
2000-03-25 03:30:00.000000000,1003,Cleverson,-0.6229995893453604,0.9663301837553313
2000-03-25 05:15:00.000000000,1070,Cleverson,-0.758183819178208,-0.5912690358025263
2000-03-25 05:30:00.000000000,1079,Cleverson,-0.48228480398477136,0.24055900095490435
2000-03-25 06:00:00.000000000,1053,Cleverson,-0.420408363639424,-0.9983620203052588
2000-03-25 08:15:00.000000000,917,Cleverson,0.11825230131642628,0.7756156886287684
2000-03-25 10:45:00.000000000,1040,Cleverson,0.8650823298014527,0.7863858827296721
2000-03-25 11:45:00.000000000,1012,Cleverson,0.9704032839061447,-0.45091587799486965
2000-03-25 12:15:00.000000000,1074,Cleverson,0.4356017940238699,0.7546855066370031
2000-03-25 15:00:00.000000000,969,Cleverson,-0.1257471837765738,0.7386843548072328
2000-03-25 17:45:00.000000000,993,Cleverson,0.508435827928754,0.5875815412461636
2000-03-25 20:30:00.000000000,985,Cleverson,0.6304439190544764,-0.17772373221821125
2000-03-25 22:30:00.000000000,953,Cleverson,0.6070235804992967,0.6401947780322514
2000-03-26 02:45:00.000000000,1019,Cleverson,-0.23185231410537432,0.31845403904181335
2000-03-26 04:00:00.000000000,1013,Cleverson,-0.6743597516121191,0.8800757275049125
2000-03-26 05:15:00.000000000,1017,Cleverson,0.36299152807837354,-0.3014796487000868
2000-03-26 07:30:00.000000000,1017,Cleverson,-0.7292755799683781,0.38879054599382235
2000-03-26 07:45:00.000000000,1006,Cleverson,-0.029915441476384252,0.3047995326139845
2000-03-26 08:30:00.000000000,960,Cleverson,-0.5370816089742196,0.44691280020925395
2000-03-26 10:15:00.000000000,1029,Cleverson,-0.6958413378804487,0.8524798664869366
2000-03-26 10:45:00.000000000,991,Cleverson,-0.6187299342156913,-0.031636133561909974
2000-03-26 12:15:00.000000000,1017,Cleverson,-0.43761289763793476,-0.08574863615647299
2000-03-26 14:00:00.000000000,974,Cleverson,-0.6909085046595487,-0.17501905413128283
2000-03-26 16:45:00.000000000,986,Cleverson,0.19643173192767982,0.9348860460327555
2000-03-26 17:45:00.000000000,1022,Cleverson,-0.9461044744830731,0.20696247022637504
2000-03-26 18:00:00.000000000,1008,Cleverson,0.673376966052734,0.985896199058645
2000-03-26 18:15:00.000000000,985,Cleverson,-0.16675226063859072,0.9343532613102243
2000-03-26 19:00:00.000000000,962,Cleverson,0.3673841188138869,-0.5180302093053608
2000-03-26 20:00:00.000000000,1017,Cleverson,0.5496200183289011,-0.9910876721096957
2000-03-26 23:15:00.000000000,984,Cleverson,0.04830216658406661,-0.5386928734956027
2000-03-27 00:45:00.000000000,1013,Cleverson,-0.15987982608341356,0.0012262498133783772
2000-03-27 02:00:00.000000000,973,Cleverson,0.32619023291719107,0.32555722948486787
2000-03-27 02:45:00.000000000,1028,Cleverson,0.9198321904720268,-0.1826627790883386
2000-03-27 08:00:00.000000000,989,Cleverson,-0.1639076720156396,-0.6533342894166825
2000-03-27 09:15:00.000000000,1033,Cleverson,0.3668657693587136,0.4621740249583244
2000-03-27 11:30:00.000000000,1008,Cleverson,0.7340514566849603,0.2973225877084593
2000-03-27 12:30:00.000000000,1006,Cleverson,-0.19382763013450277,-0.7900521449999891
2000-03-27 17:00:00.000000000,984,Cleverson,0.35600099108100536,0.2974376497599418
2000-03-27 18:30:00.000000000,976,Cleverson,-0.27146930611624676,0.3365785721756098
2000-03-27 21:45:00.000000000,1078,Cleverson,-0.2009444531810869,-0.8763015290011309
2000-03-27 22:00:00.000000000,1043,Cleverson,-0.7567941070945015,0.6895483987183824
2000-03-28 00:45:00.000000000,985,Cleverson,0.21667479842141746,0.954263673041245
2000-03-28 01:00:00.000000000,1030,Cleverson,-0.6517267831125915,0.48416936697509283
2000-03-28 01:15:00.000000000,931,Cleverson,0.13214274467405285,0.7557967732020439
2000-03-28 01:30:00.000000000,1044,Cleverson,-0.20668585303391995,0.8281119600315947
2000-03-28 02:00:00.000000000,977,Cleverson,0.4108273127872184,0.15844915902224233
2000-03-28 05:00:00.000000000,956,Cleverson,0.7587629920607544,0.9244003673938943
2000-03-28 07:00:00.000000000,1018,Cleverson,-0.38760911331639725,-0.6515847062110458
2000-03-28 07:30:00.000000000,993,Cleverson,-0.717659481316814,-0.7642697279111423
2000-03-28 07:45:00.000000000,1006,Cleverson,0.5799892891324825,0.30156747848056664
2000-03-28 08:30:00.000000000,992,Cleverson,-0.5402644599115014,-0.38011632921102634
2000-03-28 09:00:00.000000000,991,Cleverson,-0.6319394021823175,0.008083830488796018
2000-03-28 09:15:00.000000000,1005,Cleverson,0.9403146712810846,0.4392803763636679
2000-03-28 10:15:00.000000000,972,Cleverson,0.8554701308752706,0.6656787724591144
2000-03-28 10:30:00.000000000,998,Cleverson,-0.34136137548943224,0.15838893313537983
2000-03-28 14:45:00.000000000,959,Cleverson,-0.33483814063997097,0.5932758812158339
2000-03-28 15:30:00.000000000,1028,Cleverson,-0.12310040915094511,-0.08725975538182462
2000-03-28 18:30:00.000000000,1023,Cleverson,0.42573728099065433,-0.4721295433315822
2000-03-28 20:30:00.000000000,988,Cleverson,-0.8612266820031256,0.21378287717250632
2000-03-28 21:15:00.000000000,1019,Cleverson,-0.24476423577545536,0.7428818112220712
2000-03-28 21:30:00.000000000,1000,Cleverson,0.788122209767435,-0.8002382044894023
2000-03-29 00:15:00.000000000,929,Cleverson,0.8964055281855408,0.9703209404608617
2000-03-29 01:30:00.000000000,980,Cleverson,-0.0995894418579566,-0.3974503286714859
2000-03-29 04:00:00.000000000,1028,Cleverson,0.581412939961099,0.06003609882494709
2000-03-29 04:30:00.000000000,1047,Cleverson,0.5863587983914123,-0.6188694689108767
2000-03-29 04:45:00.000000000,1037,Cleverson,-0.8479761368209981,0.7157210634663598
2000-03-29 06:45:00.000000000,1030,Cleverson,-0.27434564578291276,0.7433797599750225
2000-03-29 07:15:00.000000000,942,Cleverson,-0.5997174990675636,-0.27272418545132115
2000-03-29 09:15:00.000000000,1038,Cleverson,0.09116122274980287,-0.20903930324945663
2000-03-29 09:30:00.000000000,1006,Cleverson,-0.0861332817110041,0.644308492176173
2000-03-29 13:00:00.000000000,1042,Cleverson,0.15574214498310335,-0.8365873391636514
2000-03-29 14:15:00.000000000,1012,Cleverson,0.7963822127097162,0.12203280103918024
2000-03-29 14:45:00.000000000,1015,Cleverson,0.3308289780727873,0.4061398913991654
2000-03-29 17:30:00.000000000,1051,Cleverson,-0.887612915681312,0.758967779885181
2000-03-29 17:45:00.000000000,989,Cleverson,-0.20484836465387568,-0.9839184906082532
2000-03-29 19:45:00.000000000,1017,Cleverson,0.6425324584135754,0.16562107079101152
2000-03-29 21:00:00.000000000,990,Cleverson,0.2996894092429532,-0.363985274973625
2000-03-29 23:15:00.000000000,1008,Cleverson,-0.041407013914908086,0.39589181091727044
2000-03-30 02:15:00.000000000,1075,Cleverson,-0.8142286529054761,-0.14099876896039865
2000-03-30 02:30:00.000000000,1004,Cleverson,0.3219291083779847,-0.0826509616068769
2000-03-30 04:00:00.000000000,994,Cleverson,0.8042933657706335,-0.27896335088389335
2000-03-30 06:00:00.000000000,1014,Cleverson,-0.6997875199209285,0.9883656179423976
2000-03-30 06:15:00.000000000,1039,Cleverson,0.8926719866988104,0.41283734723912335
2000-03-30 07:45:00.000000000,1014,Cleverson,-0.5725979611132659,0.2955855622065904
2000-03-30 09:15:00.000000000,959,Cleverson,0.7719352280283691,0.1464281978977071
2000-03-30 09:30:00.000000000,992,Cleverson,0.7495255696554441,-0.20185346950767813
2000-03-30 14:30:00.000000000,1031,Cleverson,0.4022868794802934,0.45414471155617253
2000-03-30 16:00:00.000000000,999,Cleverson,-0.7763938617413699,0.6728260470040357
2000-03-30 16:45:00.000000000,1050,Cleverson,-0.19731792316967134,0.2960883398955467
2000-03-30 17:45:00.000000000,928,Cleverson,-0.9765841910704565,-0.763989086142965
2000-03-30 20:00:00.000000000,1004,Cleverson,-0.46240270880418377,0.9254527126483776
2000-03-30 22:15:00.000000000,1030,Cleverson,0.769239403218869,-0.740957582542815
2000-03-30 23:45:00.000000000,961,Cleverson,-0.8464009459776214,0.27235765999405626
2000-01-01 00:15:00.000000000,1011,Jake,-0.4011272362213576,0.6880893242041044
2000-01-01 02:00:00.000000000,1001,Jake,-0.43212992368810665,0.3409273766642642
2000-01-01 04:30:00.000000000,955,Jake,0.7823550998011681,0.8597015530375984
2000-01-01 05:00:00.000000000,1014,Jake,-0.11294817232432774,0.8611289944101983
2000-01-01 06:45:00.000000000,1035,Jake,0.07633970777443078,-0.8984066283301202
2000-01-01 08:30:00.000000000,989,Jake,-0.2180086884397623,0.8229220918549862
2000-01-01 13:00:00.000000000,990,Jake,0.8853532566515667,-0.50376095354428
2000-01-01 13:15:00.000000000,1012,Jake,0.7637633367184877,-0.34809509998799326
2000-01-01 18:00:00.000000000,1015,Jake,0.1971337008894245,-0.8430966525698935
2000-01-01 22:15:00.000000000,992,Jake,-0.849542778806192,0.11380886090414921
2000-01-01 22:30:00.000000000,1024,Jake,-0.7866525431763429,-0.8495539891638293
2000-01-01 22:45:00.000000000,980,Jake,-0.5631188998439249,-0.37267022213289325
2000-01-01 23:30:00.000000000,922,Jake,-0.06856090971811879,-0.0680049447930633
2000-01-02 00:30:00.000000000,992,Jake,-0.9859239333238667,0.3645328109256718
2000-01-02 02:15:00.000000000,968,Jake,0.01034871634033463,0.5750487967230642
2000-01-02 03:15:00.000000000,984,Jake,0.2364204891669035,-0.41703062441844163
2000-01-02 03:45:00.000000000,984,Jake,0.3930951126119797,-0.9143230167731666
2000-01-02 13:30:00.000000000,978,Jake,-0.3525628429252903,0.9203081158397368
2000-01-02 14:00:00.000000000,977,Jake,-0.46241144375560705,-0.2889128570573698
2000-01-02 15:15:00.000000000,1013,Jake,0.6369433601525918,0.3573250238433179
2000-01-02 18:15:00.000000000,1002,Jake,0.19726178887875023,-0.9772922773583363
2000-01-02 19:15:00.000000000,1003,Jake,-0.3026306206047531,0.6294668092402043
2000-01-02 20:00:00.000000000,1010,Jake,0.647465786347345,0.6124551385438142
2000-01-02 20:30:00.000000000,997,Jake,0.5584561348433004,-0.7931154871340844
2000-01-02 21:45:00.000000000,993,Jake,-0.9303022188776,0.23319651660689078
2000-01-02 22:00:00.000000000,995,Jake,-0.691135313731648,-0.5406703640688948
2000-01-02 23:15:00.000000000,1006,Jake,-0.25385393508035037,0.7878372130351285
2000-01-02 23:30:00.000000000,947,Jake,0.11806452438245918,-0.1753625583106524
2000-01-03 01:45:00.000000000,1002,Jake,-0.28468523277310576,0.17776452123700115
2000-01-03 02:00:00.000000000,1000,Jake,-0.9916776016289317,0.4365160860740982
2000-01-03 03:45:00.000000000,1044,Jake,0.7669407172917118,-0.24313285554009312
2000-01-03 05:00:00.000000000,984,Jake,0.3863315267712786,-0.9628491307655336
2000-01-03 07:00:00.000000000,973,Jake,-0.09665069814503258,0.8317709288329134
2000-01-03 07:15:00.000000000,1035,Jake,0.5054265237401789,-0.9730744516802805
2000-01-03 09:15:00.000000000,1017,Jake,-0.677189817946448,0.9220149787106526
2000-01-03 09:30:00.000000000,1037,Jake,-0.5295000542770099,-0.6321819476196697
2000-01-03 11:15:00.000000000,994,Jake,-0.40858496457188864,0.8123141164114909
2000-01-03 12:00:00.000000000,995,Jake,0.5564932338465167,-0.9831363081964346
2000-01-03 12:15:00.000000000,987,Jake,-0.053682375385823766,0.32906080170365537
2000-01-03 15:45:00.000000000,1013,Jake,0.3757844950346141,0.657639169824545
2000-01-03 16:00:00.000000000,1030,Jake,-0.12331507268836028,-0.2435317687639571
2000-01-03 16:15:00.000000000,1047,Jake,0.8019232090829755,0.14972826802804473
2000-01-03 18:00:00.000000000,980,Jake,-0.3278254112745074,-0.8568151644871267
2000-01-03 19:30:00.000000000,981,Jake,0.7412542996789053,-0.9317660450881917
2000-01-03 19:45:00.000000000,1005,Jake,-0.5334024028874609,0.6609856811651798
2000-01-03 20:30:00.000000000,1038,Jake,0.6494896768958629,-0.2424195815386594
2000-01-04 00:30:00.000000000,1027,Jake,0.4587539241909442,-0.6751706985495447
2000-01-04 01:45:00.000000000,979,Jake,0.6434088964430735,-0.8520554516440915
2000-01-04 02:15:00.000000000,985,Jake,-0.45605214417980044,0.04037853866952701
2000-01-04 02:45:00.000000000,971,Jake,-0.6822701870597314,0.938347431220143
2000-01-04 03:00:00.000000000,968,Jake,0.16700148199277898,0.1364395557439788
2000-01-04 03:45:00.000000000,986,Jake,-0.5829748086178272,-0.7998724943053805
2000-01-04 04:00:00.000000000,939,Jake,-0.9945619254549596,-0.7564668945154034
2000-01-04 04:45:00.000000000,1026,Jake,0.9452319543519057,-0.8992600173576919
2000-01-04 07:00:00.000000000,1001,Jake,0.3772018724464339,0.48995084639022757
2000-01-04 07:15:00.000000000,978,Jake,0.7378708279523907,-0.121320238461321
2000-01-04 13:00:00.000000000,1017,Jake,0.01041196180324766,0.2081883039244461
2000-01-04 14:15:00.000000000,975,Jake,-0.5476508528213304,0.6854143886276844
2000-01-04 19:15:00.000000000,1024,Jake,-0.8219358227102482,0.41247986023424277
2000-01-04 19:30:00.000000000,979,Jake,0.9507394832762317,0.9460414053375168
2000-01-04 19:45:00.000000000,981,Jake,0.47603927681468816,0.7301952906066176
2000-01-04 20:30:00.000000000,1014,Jake,-0.8153684629196682,0.7111622019018005
2000-01-04 21:30:00.000000000,967,Jake,0.16307566826015285,-0.6380097369931002
2000-01-05 00:00:00.000000000,1012,Jake,-0.829841660073461,-0.8801639829273449
2000-01-05 00:45:00.000000000,1001,Jake,0.6286905785506762,0.2570401272284035
2000-01-05 02:15:00.000000000,1019,Jake,0.17218539618349404,-0.08924101068040735
2000-01-05 03:00:00.000000000,1032,Jake,0.6120628622472244,0.5833502929970882
2000-01-05 06:00:00.000000000,957,Jake,-0.418388120990415,0.8924318183514397
2000-01-05 06:45:00.000000000,993,Jake,0.4559916354548852,-0.6031705948569903
2000-01-05 10:45:00.000000000,958,Jake,-0.303291208942881,0.835562501919358
2000-01-05 13:00:00.000000000,973,Jake,-0.09058138583263076,-0.012006326891583985
2000-01-05 13:45:00.000000000,1009,Jake,0.0567335666284694,-0.1790128130573181
2000-01-05 14:30:00.000000000,1020,Jake,0.24233680096622678,0.5571400743956105
2000-01-05 17:15:00.000000000,1008,Jake,-0.5497561421240471,0.009652638229776134
2000-01-05 20:00:00.000000000,1010,Jake,0.31864613166159383,0.13204182226489714
2000-01-06 03:00:00.000000000,980,Jake,0.9464652937358318,0.8721557488028626
2000-01-06 06:00:00.000000000,1031,Jake,-0.9941307474621677,-0.11624998184540924
2000-01-06 06:45:00.000000000,1019,Jake,-0.3802948398845236,0.667127435648966
2000-01-06 07:00:00.000000000,1018,Jake,-0.5566705257089573,0.15881560154097496
2000-01-06 07:30:00.000000000,1012,Jake,-0.41190267231332967,-0.6913767412438636
2000-01-06 08:30:00.000000000,981,Jake,0.6090256293258705,0.8275215170618366
2000-01-06 10:15:00.000000000,971,Jake,0.8706437624808732,0.4040283413696619
2000-01-06 11:30:00.000000000,995,Jake,-0.5205722450839787,-0.6474420954058338
2000-01-06 11:45:00.000000000,1012,Jake,0.12007001538451822,-0.14120970707161562
2000-01-06 17:15:00.000000000,1010,Jake,-0.22813459192044538,-0.054947021419155195
2000-01-06 18:15:00.000000000,1010,Jake,0.3212863308204563,0.8357904476787266
2000-01-06 19:45:00.000000000,1041,Jake,0.7102410280119442,-0.8699240178782279
2000-01-06 21:30:00.000000000,1005,Jake,-0.8335607498034767,-0.6525957271366463
2000-01-06 21:45:00.000000000,968,Jake,0.588033862456641,0.6813894392861881
2000-01-07 00:30:00.000000000,980,Jake,0.34152323143859076,0.7943616517888714
2000-01-07 02:15:00.000000000,1040,Jake,0.4953460843096844,0.7519860288700089
2000-01-07 02:30:00.000000000,981,Jake,-0.42685584328837867,0.8063277297521971
2000-01-07 02:45:00.000000000,1005,Jake,-0.7084328641764148,-0.22863079814524645
2000-01-07 03:15:00.000000000,1001,Jake,0.5692620245700397,-0.050530101355685586
2000-01-07 05:30:00.000000000,1009,Jake,0.5562957917214111,0.9395392573064691
2000-01-07 06:15:00.000000000,1040,Jake,-0.9021473506495232,0.6406582021398708
2000-01-07 07:00:00.000000000,957,Jake,0.8327964628033004,-0.860667601693595
2000-01-07 09:30:00.000000000,1002,Jake,0.01654701297325656,0.6933299286463446
2000-01-07 11:45:00.000000000,1010,Jake,0.14683099073928907,0.9652220622215113
2000-01-07 13:00:00.000000000,969,Jake,0.5117048642720674,0.054699981529111374
2000-01-07 15:30:00.000000000,1055,Jake,-0.31044617855699697,0.7137976145024407
2000-01-07 16:00:00.000000000,970,Jake,0.07003207134801426,-0.5942574581299864
2000-01-07 16:15:00.000000000,1038,Jake,-0.2919893987567872,-0.932274110484721
2000-01-07 17:00:00.000000000,989,Jake,0.290094980292509,-0.812043775416468
2000-01-07 17:15:00.000000000,1023,Jake,-0.7432897566372452,0.3599630533692062
2000-01-07 18:15:00.000000000,969,Jake,0.6905099929429901,0.44529710624330354
2000-01-07 19:30:00.000000000,1036,Jake,-0.4951975769416883,0.7456087700276159
2000-01-07 19:45:00.000000000,1017,Jake,0.6577483659142356,0.11033510175368222
2000-01-07 20:00:00.000000000,1008,Jake,0.2588246694944143,-0.9316216978484058
2000-01-07 20:45:00.000000000,982,Jake,-0.5061069522891046,-0.9671106056240242
2000-01-07 21:15:00.000000000,987,Jake,-0.9522078548708639,-0.9731243786209516
2000-01-07 22:45:00.000000000,1057,Jake,-0.6558204310651561,-0.4296046479491824
2000-01-07 23:00:00.000000000,981,Jake,-0.8750486942304065,0.6344965672008889
2000-01-08 01:30:00.000000000,987,Jake,-0.19756880667100085,0.3531691056126216
2000-01-08 02:00:00.000000000,1011,Jake,0.9003261254232093,-0.49245649121305624
2000-01-08 03:00:00.000000000,991,Jake,0.631961785167833,-0.9803281298878739
2000-01-08 03:45:00.000000000,995,Jake,-0.18875311761047642,-0.9773496578839729
2000-01-08 06:15:00.000000000,995,Jake,-0.7340189215535216,0.17086529835624775
2000-01-08 07:45:00.000000000,980,Jake,-0.179863340528313,-0.2582383152614671
2000-01-08 12:30:00.000000000,1026,Jake,0.3936945721878453,-0.15432359311265031
2000-01-08 13:00:00.000000000,1017,Jake,-0.7762978360257928,0.6667959637349599
2000-01-08 13:30:00.000000000,990,Jake,-0.3446923427593893,-0.9259145774089281
2000-01-08 15:00:00.000000000,996,Jake,0.48508369626040215,-0.6201516348901319
2000-01-08 20:30:00.000000000,980,Jake,0.7066566903600733,-0.5107395969377466
2000-01-08 22:45:00.000000000,1003,Jake,0.32097567193423693,-0.27095413452356354
2000-01-09 04:45:00.000000000,958,Jake,0.9647641453507456,-0.9966628927867698
2000-01-09 08:30:00.000000000,994,Jake,-0.11898539329533753,-0.1769336639633028
2000-01-09 10:15:00.000000000,978,Jake,0.8620408056627935,0.6841994338778297
2000-01-09 11:00:00.000000000,1073,Jake,-0.5514427182252608,-0.9974743845514977
2000-01-09 11:45:00.000000000,1012,Jake,-0.17160463108232027,-0.11642160439585658
2000-01-09 13:15:00.000000000,1002,Jake,-0.697119904514446,0.47247902404308784
2000-01-09 14:15:00.000000000,945,Jake,-0.09032702142561444,-0.1438337882426064
2000-01-09 14:45:00.000000000,972,Jake,-0.9210926883747779,0.7862225364219932
2000-01-09 16:15:00.000000000,1026,Jake,-0.000753263108685509,-0.43091087626254043
2000-01-09 17:15:00.000000000,948,Jake,0.6721278158259689,0.7535421650901704
2000-01-09 18:15:00.000000000,1026,Jake,-0.9927144701718167,0.3335834850639836
2000-01-09 19:30:00.000000000,1029,Jake,-0.467150639851875,-0.2239068455473423
2000-01-09 19:45:00.000000000,1036,Jake,-0.7964902159305915,-0.21683350608356866
2000-01-09 20:00:00.000000000,944,Jake,0.2940628035787125,0.5169026263677523
2000-01-09 22:15:00.000000000,997,Jake,0.17284412306958474,-0.18939030329123097
2000-01-09 22:45:00.000000000,985,Jake,-0.1473142217008916,0.643652510922228
2000-01-09 23:30:00.000000000,1000,Jake,0.13018098797254662,0.7357010951648946
2000-01-10 00:30:00.000000000,967,Jake,0.9383454241943132,0.7235898205995053
2000-01-10 02:45:00.000000000,993,Jake,0.7822275489324813,-0.5998432316383411
2000-01-10 04:00:00.000000000,960,Jake,-0.31528891296459305,0.47345527312363433
2000-01-10 05:45:00.000000000,978,Jake,-0.29183720687282966,-0.6674055084690695
2000-01-10 07:00:00.000000000,986,Jake,0.6270837751076765,0.3348150605372753
2000-01-10 09:15:00.000000000,969,Jake,0.9127384860131831,0.7259588730970259
2000-01-10 11:45:00.000000000,1003,Jake,0.9419072323378719,-0.5340460613460456
2000-01-10 12:30:00.000000000,1055,Jake,-0.2065413608831166,-0.13225761807465375
2000-01-10 13:00:00.000000000,1023,Jake,0.011431687568461468,-0.013995105435268718
2000-01-10 13:15:00.000000000,970,Jake,-0.10282678306411919,-0.6614928024610107
2000-01-10 13:30:00.000000000,985,Jake,0.06474734052920605,-0.6065331929237594
2000-01-10 15:00:00.000000000,968,Jake,-0.2045963519770686,-0.020539787941106002
2000-01-10 16:00:00.000000000,995,Jake,-0.8811759358699163,0.6531905844140542
2000-01-10 16:15:00.000000000,1003,Jake,-0.118651332442824,-0.09355116374445238
2000-01-10 16:30:00.000000000,1021,Jake,-0.6874183771853417,0.38596879110630145
2000-01-10 19:30:00.000000000,963,Jake,0.8027491806356026,0.9033291917858335
2000-01-10 20:00:00.000000000,985,Jake,0.09741501674584985,0.1734663710179476
2000-01-10 22:15:00.000000000,992,Jake,-0.17266441816021927,-0.19606558672454377
2000-01-10 22:45:00.000000000,998,Jake,-0.8050246506886269,-0.7786890826623811
2000-01-10 23:45:00.000000000,1005,Jake,0.43608006753686523,-0.45595233308520156
2000-01-11 01:00:00.000000000,1063,Jake,0.9981282971724452,-0.1974333254812144
2000-01-11 02:15:00.000000000,1002,Jake,0.8555156197019087,0.5953356575817987
2000-01-11 03:45:00.000000000,1001,Jake,-0.8176727963807673,-0.7635553094274843
2000-01-11 04:15:00.000000000,1009,Jake,-0.3597131560058333,0.04015270416203687
2000-01-11 06:30:00.000000000,1018,Jake,-0.056711836256601034,0.6897881791126155
2000-01-11 07:30:00.000000000,960,Jake,-0.604678920570519,0.40954437802929267
2000-01-11 08:15:00.000000000,1031,Jake,-0.1831869023192756,-0.4256473592543304
2000-01-11 09:00:00.000000000,999,Jake,-0.4634577830892064,0.1301796261656729
2000-01-11 09:15:00.000000000,1044,Jake,0.3565859278479946,-0.4203194227940523
2000-01-11 12:30:00.000000000,1026,Jake,-0.4055578155908446,0.8357799573839546
2000-01-11 13:00:00.000000000,1031,Jake,-0.3666996885251794,0.9839418635026125
2000-01-11 14:15:00.000000000,1000,Jake,-0.20984841397784892,0.8618137973307816
2000-01-11 15:45:00.000000000,889,Jake,-0.27987079962201244,-0.40312403475700753
2000-01-11 16:30:00.000000000,988,Jake,0.5603050585417035,-0.5985161885701569
2000-01-11 19:45:00.000000000,995,Jake,0.16848313524642955,0.8005541840070367
2000-01-11 20:30:00.000000000,981,Jake,-0.780484244136235,-0.6761145720003372
2000-01-11 22:15:00.000000000,1036,Jake,0.0844576938917041,-0.3247993764590478
2000-01-11 22:45:00.000000000,1011,Jake,-0.21708182302897638,0.06684401104616366
2000-01-12 00:30:00.000000000,1014,Jake,0.6609629495728433,-0.83447217107314
2000-01-12 01:30:00.000000000,1026,Jake,-0.8058448093476651,-0.6693700487641878
2000-01-12 03:15:00.000000000,1032,Jake,-0.9725063968282253,0.1979532888255915
2000-01-12 04:00:00.000000000,1020,Jake,0.23265193119722083,-0.4055014489194808
2000-01-12 05:30:00.000000000,988,Jake,-0.7498560188992276,0.10351931954033322
2000-01-12 05:45:00.000000000,959,Jake,0.21121949629944003,-0.297366205693645
2000-01-12 08:15:00.000000000,990,Jake,-0.036847338291571496,-0.3659302233838597
2000-01-12 09:00:00.000000000,979,Jake,0.1400553854925466,-0.705419216545081
2000-01-12 10:45:00.000000000,1035,Jake,-0.7802563192712995,-0.6320095742358789
2000-01-12 12:15:00.000000000,994,Jake,-0.5757820794114203,0.5966104001545518
2000-01-12 13:00:00.000000000,1010,Jake,0.5353978257358738,-0.399864469743507
2000-01-12 14:45:00.000000000,1033,Jake,0.7826750870417076,-0.15310015051879988
2000-01-12 17:30:00.000000000,1006,Jake,-0.176388065810287,-0.25627626345618393
2000-01-12 19:15:00.000000000,1026,Jake,0.9006529172655287,0.3107269484834303
2000-01-12 20:30:00.000000000,969,Jake,-0.4610593077354821,0.21478240262294812
2000-01-12 21:45:00.000000000,1007,Jake,0.88695128909528,-0.5623626498431324
2000-01-13 02:30:00.000000000,1022,Jake,0.89888707392704,-0.9031455928319934
2000-01-13 03:45:00.000000000,1008,Jake,-0.28626990555730036,-0.5423391590890498
2000-01-13 04:30:00.000000000,1047,Jake,0.6945482741508875,-0.6981244258970312
2000-01-13 05:00:00.000000000,989,Jake,-0.40916978623199274,0.23288036901037135
2000-01-13 05:15:00.000000000,943,Jake,-0.05944383161162614,0.7014011978031325
2000-01-13 10:15:00.000000000,973,Jake,-0.10200878230628452,0.6120349811405497
2000-01-13 10:45:00.000000000,991,Jake,0.6473611423553907,0.9682030241315585
2000-01-13 14:15:00.000000000,981,Jake,-0.3738066047560846,-0.4761230122486071
2000-01-13 14:30:00.000000000,1017,Jake,-0.5376212882141544,-0.4198505482166135
2000-01-13 15:30:00.000000000,986,Jake,0.4010318689732737,0.15523860490916452
2000-01-13 18:00:00.000000000,1020,Jake,-0.5627291341702325,-0.5325870715548429
2000-01-13 20:00:00.000000000,1002,Jake,-0.24741784667023814,0.1849452905491138
2000-01-13 21:15:00.000000000,1032,Jake,0.5189228892823841,0.23020404521215898
2000-01-13 22:30:00.000000000,972,Jake,-0.49807474127700013,0.8724355691037056
2000-01-13 22:45:00.000000000,992,Jake,-0.979749879690303,-0.7486960782496228
2000-01-14 00:15:00.000000000,1006,Jake,-0.167030691279916,-0.11971169760501454
2000-01-14 04:00:00.000000000,1000,Jake,-0.6526916109288747,-0.6029328631146622
2000-01-14 05:00:00.000000000,954,Jake,0.7193191078986194,-0.7617354851272891
2000-01-14 05:30:00.000000000,995,Jake,-0.6255655971065144,-0.7735702639267921
2000-01-14 05:45:00.000000000,1033,Jake,-0.7868766394138413,0.43085606850479574
2000-01-14 06:00:00.000000000,1053,Jake,0.8304998594224895,-0.9562102136592523
2000-01-14 07:15:00.000000000,1021,Jake,0.3985689147380642,0.33133782408821655
2000-01-14 09:00:00.000000000,970,Jake,-0.18030029553509408,0.2357022630785235
2000-01-14 09:15:00.000000000,985,Jake,0.026756217282812855,0.04225063099759696
2000-01-14 14:30:00.000000000,964,Jake,-0.27635741389156965,-0.7965022719612189
2000-01-14 16:00:00.000000000,962,Jake,-0.10408330077417571,0.8206405284034974
2000-01-14 17:00:00.000000000,978,Jake,-0.6819973029806079,-0.06547742710318083
2000-01-14 18:15:00.000000000,966,Jake,-0.7399267438175556,-0.8378781574216736
2000-01-14 19:00:00.000000000,1016,Jake,-0.4691297535095076,-0.8080778548885392
2000-01-14 19:30:00.000000000,1013,Jake,-0.8696329805320313,0.0459952968432642
2000-01-14 19:45:00.000000000,954,Jake,-0.18809043365341815,0.8778931044954732
2000-01-14 22:00:00.000000000,949,Jake,-0.5997126825843544,0.4234610249099373
2000-01-15 00:15:00.000000000,1002,Jake,0.17439566605423762,0.7067894257726717
2000-01-15 00:30:00.000000000,932,Jake,-0.0017700852851838533,0.5585241417945013
2000-01-15 04:45:00.000000000,966,Jake,-0.031212691580186247,-0.6039099739365585
2000-01-15 05:45:00.000000000,1058,Jake,-0.6849314771179522,0.05744440345241797
2000-01-15 06:30:00.000000000,1038,Jake,-0.8492236819857126,-0.7972211086901466
2000-01-15 06:45:00.000000000,934,Jake,-0.3521931134390788,0.8321751082934992
2000-01-15 08:00:00.000000000,988,Jake,0.24483398679288038,0.21927343094670104
2000-01-15 10:00:00.000000000,987,Jake,0.7847007863727697,0.35493210867344005
2000-01-15 12:15:00.000000000,1000,Jake,-0.5938960653880456,-0.12700779340795676
2000-01-15 13:45:00.000000000,1008,Jake,0.1522379305634758,0.772748913322389
2000-01-15 15:15:00.000000000,1003,Jake,-0.7214980168083931,-0.07764761720895885
2000-01-15 15:45:00.000000000,990,Jake,-0.3571668646667585,-0.25219510265439116
2000-01-15 21:15:00.000000000,1032,Jake,-0.6984739459265512,0.7865934727897379
2000-01-15 22:15:00.000000000,946,Jake,0.14330122101663334,-0.7353071870167265
2000-01-15 22:45:00.000000000,996,Jake,0.1476800129551301,0.6228257093349163
2000-01-16 01:00:00.000000000,1024,Jake,0.6148739154141867,-0.09170414281015615
2000-01-16 03:15:00.000000000,1043,Jake,0.7089832266023628,0.417168792461837
2000-01-16 05:00:00.000000000,1000,Jake,0.18719173616748175,-0.44694600111214755
2000-01-16 07:00:00.000000000,1056,Jake,0.7012421695527704,-0.8193095534986503
2000-01-16 11:00:00.000000000,968,Jake,-0.7609155947465038,0.45849181915086046
2000-01-16 11:15:00.000000000,1040,Jake,0.0339819915370041,-0.07971946276465691
2000-01-16 12:00:00.000000000,1005,Jake,-0.4172081331473314,-0.27372619185157343
2000-01-16 12:15:00.000000000,977,Jake,0.3676272004115766,0.19873060988016356
2000-01-16 14:30:00.000000000,1062,Jake,0.849197946521262,0.6296880398739906
2000-01-16 14:45:00.000000000,1003,Jake,0.060013251488924446,-0.23824728478188018
2000-01-16 16:45:00.000000000,960,Jake,-0.28251206105864424,0.9979802213197775
2000-01-16 19:00:00.000000000,1056,Jake,-0.11495225835941758,-0.7413311000268188
2000-01-16 19:45:00.000000000,1022,Jake,-0.3422928104976015,0.9832710910660685
2000-01-16 20:45:00.000000000,974,Jake,-0.7889462860987566,0.1892439069870906
2000-01-16 21:45:00.000000000,1006,Jake,-0.1479858528577358,-0.819954691487824
2000-01-16 22:15:00.000000000,992,Jake,0.6265939474766113,0.7929733035752069
2000-01-17 00:15:00.000000000,998,Jake,0.49265453495971334,0.40587164903437145
2000-01-17 00:30:00.000000000,1022,Jake,-0.3043331798752851,0.13820529773407597
2000-01-17 00:45:00.000000000,1019,Jake,0.6699948021040172,0.7370217918406854
2000-01-17 01:15:00.000000000,984,Jake,0.1997918292532388,-0.11908837742030154
2000-01-17 02:00:00.000000000,1019,Jake,0.5237931524376782,0.2576876952813856
2000-01-17 03:30:00.000000000,1037,Jake,0.8997463234729721,-0.48854492746560285
2000-01-17 05:30:00.000000000,962,Jake,0.7766652850384625,-0.8673251912891782
2000-01-17 06:30:00.000000000,1013,Jake,0.11446593365499491,-0.6793072876341999
2000-01-17 07:45:00.000000000,919,Jake,-0.8521770101641268,0.253734434441234
2000-01-17 08:30:00.000000000,986,Jake,0.024740827980401114,0.755875577511387
2000-01-17 10:00:00.000000000,1013,Jake,0.5383250135611921,-0.3715721437732624
2000-01-17 14:15:00.000000000,992,Jake,0.32568016250728804,-0.8557031102605142
2000-01-17 16:30:00.000000000,988,Jake,0.3942666636127625,-0.2358582386042849
2000-01-17 17:45:00.000000000,973,Jake,-0.4409033141132095,-0.7010245499582737
2000-01-17 18:30:00.000000000,1034,Jake,0.7408360443192803,0.9396059430721144
2000-01-17 18:45:00.000000000,987,Jake,-0.6305781851534236,0.15973733051030492
2000-01-17 20:30:00.000000000,1004,Jake,-0.9289306484033697,-0.04237489499259306
2000-01-18 00:15:00.000000000,1066,Jake,-0.7071853273667332,0.542186543821157
2000-01-18 02:15:00.000000000,988,Jake,-0.5290140564638768,-0.6278867191981072
2000-01-18 03:30:00.000000000,1007,Jake,-0.8538345988915439,0.9850458609647543
2000-01-18 04:00:00.000000000,1004,Jake,0.34690445565822725,0.2973692318421899
2000-01-18 07:00:00.000000000,1034,Jake,-0.6375830927222568,-0.20424330301950944
2000-01-18 07:30:00.000000000,1001,Jake,0.3247076689221482,0.9953221582220706
2000-01-18 09:15:00.000000000,987,Jake,-0.6978315738048635,0.5830139073195097
2000-01-18 10:00:00.000000000,930,Jake,-0.23809372293578157,0.31150398689290615
2000-01-18 11:45:00.000000000,1035,Jake,0.4273662875266464,-0.8551353679498712
2000-01-18 12:15:00.000000000,1006,Jake,0.2144356022990439,-0.8400660925992578
2000-01-18 14:45:00.000000000,992,Jake,-0.9030551236338467,0.4261191833336406
2000-01-18 17:30:00.000000000,980,Jake,-0.9654774757389613,-0.08651498816181125
2000-01-18 18:45:00.000000000,941,Jake,0.9465905403809796,0.955279213507205
2000-01-18 20:00:00.000000000,962,Jake,0.6576308116705145,-0.3277493371022031
2000-01-18 22:00:00.000000000,995,Jake,-0.7158945436597417,0.24368076184763554
2000-01-19 00:15:00.000000000,1014,Jake,-0.6251771786650941,0.7180392039310817
2000-01-19 01:15:00.000000000,989,Jake,-0.5966064837146292,-0.5186738205718187
2000-01-19 01:45:00.000000000,1003,Jake,-0.5053071586157754,-0.3116899443729999
2000-01-19 03:15:00.000000000,981,Jake,0.3649007701350071,-0.4273506052221725
2000-01-19 06:45:00.000000000,1003,Jake,0.8578633571161141,0.8063314078844299
2000-01-19 08:30:00.000000000,995,Jake,-0.6870910910876518,0.6029461032547951
2000-01-19 09:30:00.000000000,979,Jake,-0.5015519155596357,-0.5415138113586262
2000-01-19 10:00:00.000000000,962,Jake,0.33607229766697144,-0.7711288310477906
2000-01-19 11:30:00.000000000,1046,Jake,-0.10429309528144359,0.5878693646425373
2000-01-19 12:15:00.000000000,1034,Jake,-0.29141471692534293,0.5173715496843274
2000-01-19 15:45:00.000000000,987,Jake,0.5238913544588604,-0.6133065052043993
2000-01-19 16:00:00.000000000,1044,Jake,-0.5753457245932585,-0.05583320333002861
2000-01-19 16:45:00.000000000,996,Jake,0.920980441924584,0.8445731287944978
2000-01-19 17:15:00.000000000,1027,Jake,-0.5613225484291642,0.8065131888487744
2000-01-19 18:30:00.000000000,1003,Jake,0.4758228156420041,-0.45105182868001603
2000-01-19 19:15:00.000000000,989,Jake,0.2859537870226838,0.478778388357453
2000-01-19 19:30:00.000000000,961,Jake,-0.4492147315138426,-0.2881133416338011
2000-01-19 21:15:00.000000000,985,Jake,0.5852464204033805,0.45667843693432797
2000-01-19 22:15:00.000000000,1071,Jake,0.06238829143005309,-0.9055245843053066
2000-01-20 03:00:00.000000000,1071,Jake,-0.30088647715091166,-0.06303268474860291
2000-01-20 03:15:00.000000000,982,Jake,0.532894553379307,0.9506742670777468
2000-01-20 03:30:00.000000000,1040,Jake,-0.872291642732228,0.6135173906074425
2000-01-20 04:00:00.000000000,995,Jake,-0.9856878003719964,0.7416559168382948
2000-01-20 05:00:00.000000000,974,Jake,-0.5681744884881208,0.7294266410495713
2000-01-20 06:45:00.000000000,1015,Jake,-0.49025264693513226,-0.004237878160295638
2000-01-20 11:30:00.000000000,987,Jake,-0.9262113838109469,0.25029635585128407
2000-01-20 16:00:00.000000000,974,Jake,0.45969272585061005,0.5513966377142541
2000-01-20 20:15:00.000000000,1009,Jake,0.38415832975300757,0.9478098751061388
2000-01-20 21:15:00.000000000,1004,Jake,0.2528234798295683,0.2537616083088503
2000-01-21 00:00:00.000000000,1012,Jake,0.35219207778346084,-0.8347214131101159
2000-01-21 00:30:00.000000000,997,Jake,-0.2438965681997105,0.6355406812942481
2000-01-21 02:15:00.000000000,1016,Jake,0.5875168355687541,0.10606186359212755
2000-01-21 03:30:00.000000000,1059,Jake,-0.2915769999616571,-0.6000793103867399
2000-01-21 04:15:00.000000000,940,Jake,0.2135842549589102,0.2711461290865589
2000-01-21 05:30:00.000000000,964,Jake,-0.18383963249279978,-0.4069631690701505
2000-01-21 07:45:00.000000000,1004,Jake,-0.3452117457324946,0.33227851601048664
2000-01-21 11:30:00.000000000,943,Jake,0.23693030436659046,-0.8469595129438401
2000-01-21 12:15:00.000000000,1017,Jake,-0.8949441602493633,0.26104934372578104
2000-01-21 14:45:00.000000000,991,Jake,-0.5538902722056211,-0.3452110462075535
2000-01-21 15:30:00.000000000,971,Jake,-0.9962743155033627,-0.8421917486023474
2000-01-21 17:30:00.000000000,1037,Jake,-0.21245728975747724,-0.5388665280984837
2000-01-21 18:45:00.000000000,976,Jake,-0.4205483787849331,-0.7356129254495818
2000-01-21 19:45:00.000000000,971,Jake,-0.5933526704278353,0.42526893649152453
2000-01-21 23:15:00.000000000,1017,Jake,0.6600847790205238,-0.9872244289033969
2000-01-21 23:45:00.000000000,989,Jake,0.3385445515350587,0.9897262482788813
2000-01-22 01:45:00.000000000,993,Jake,-0.46529452388136305,-0.1621692227343745
2000-01-22 03:15:00.000000000,1020,Jake,-0.20300498435491665,-0.1663006359353223
2000-01-22 04:15:00.000000000,971,Jake,-0.8742769577226057,0.7839675149890732
2000-01-22 05:15:00.000000000,995,Jake,-0.26097063209680327,0.8335791309393914
2000-01-22 05:45:00.000000000,977,Jake,0.892442072402843,0.5926056264577917
2000-01-22 06:45:00.000000000,959,Jake,0.9246695736977508,-0.9000818307795997
2000-01-22 07:15:00.000000000,1006,Jake,0.5610092330921552,-0.9214364643352013
2000-01-22 08:00:00.000000000,992,Jake,0.3375987211490077,-0.8904306627570799
2000-01-22 10:00:00.000000000,1011,Jake,-0.2954097149333521,-0.10971608211117889
2000-01-22 12:00:00.000000000,992,Jake,-0.6996559898237813,0.16166650072758748
2000-01-22 12:45:00.000000000,1022,Jake,0.6917816328354112,0.024875444656158097
2000-01-22 14:30:00.000000000,1037,Jake,0.4549002640142814,0.911046017638504
2000-01-22 15:45:00.000000000,1033,Jake,0.426469350251496,0.7836538068903278
2000-01-22 16:45:00.000000000,979,Jake,-0.2945837172103085,-0.20058940356602006
2000-01-22 18:00:00.000000000,956,Jake,-0.45858110062596413,-0.8380557637509605
2000-01-22 20:15:00.000000000,1009,Jake,0.696445078765771,-0.5285648677756023
2000-01-22 21:45:00.000000000,980,Jake,0.9013429348010751,-0.1621446656815242
2000-01-22 23:00:00.000000000,987,Jake,-0.36993155309701575,-0.36077768993662707
2000-01-23 02:00:00.000000000,1031,Jake,0.21101329076919906,0.8817680753804185
2000-01-23 03:15:00.000000000,977,Jake,0.431281999456979,-0.5665412283088507
2000-01-23 04:45:00.000000000,1058,Jake,-0.2782663213546124,-0.8498804237122204
2000-01-23 05:15:00.000000000,1012,Jake,-0.8886614199909757,0.14007384207628593
2000-01-23 06:45:00.000000000,1045,Jake,0.27191014652416934,0.14606409789405506
2000-01-23 07:00:00.000000000,975,Jake,-0.9966533088264375,0.7155671805346444
2000-01-23 08:45:00.000000000,934,Jake,0.48107602385700377,0.35966019266379323
2000-01-23 09:30:00.000000000,997,Jake,0.8854542584734715,-0.7548765861631805
2000-01-23 09:45:00.000000000,979,Jake,-0.8459382038412016,-0.8618682299055751
2000-01-23 11:30:00.000000000,1012,Jake,0.27653417186044815,-0.6497438729081377
2000-01-23 12:45:00.000000000,1007,Jake,-0.6743953732680257,0.6459975915987648
2000-01-23 13:30:00.000000000,995,Jake,-0.4835935663829307,-0.9256262759535387
2000-01-23 15:15:00.000000000,1019,Jake,-0.8100800185904999,0.4628238432513718
2000-01-23 15:45:00.000000000,975,Jake,-0.3869038942885017,0.27984616085913316
2000-01-23 16:45:00.000000000,999,Jake,-0.11688959780875097,-0.9340642611776695
2000-01-23 17:30:00.000000000,1051,Jake,0.6179430092381135,-0.29920216773060493
2000-01-23 17:45:00.000000000,1034,Jake,-0.08528166831414308,0.24964738697151834
2000-01-23 21:45:00.000000000,974,Jake,0.2782362496059301,0.1479487838700857
2000-01-23 22:30:00.000000000,989,Jake,0.14391902787443356,0.975147602522868
2000-01-23 22:45:00.000000000,1052,Jake,-0.1920748891814561,-0.4613469031077926
2000-01-23 23:15:00.000000000,1002,Jake,-0.9423523615459297,-0.8494772790096943
2000-01-24 00:00:00.000000000,1024,Jake,-0.3401409549328718,-0.03270508198386257
2000-01-24 04:15:00.000000000,959,Jake,0.5754178363765161,0.4740466545724322
2000-01-24 04:30:00.000000000,974,Jake,0.3134856398026242,0.39254457137999976
2000-01-24 04:45:00.000000000,1023,Jake,0.784873924625308,-0.4886229107546507
2000-01-24 05:45:00.000000000,1006,Jake,0.45793314480556013,0.9744538954497455
2000-01-24 06:45:00.000000000,966,Jake,0.484332990846684,-0.22272540369696237
2000-01-24 08:00:00.000000000,982,Jake,-0.20850981559296966,0.6459743616503666
2000-01-24 08:30:00.000000000,930,Jake,-0.24410283001887478,0.5927442725213514
2000-01-24 09:00:00.000000000,967,Jake,0.38805408899677674,0.4656842282219853
2000-01-24 09:15:00.000000000,1025,Jake,-0.8336049607566676,-0.21332670802049614
2000-01-24 10:15:00.000000000,987,Jake,-0.6674909847565329,0.2704152980084631
2000-01-24 14:45:00.000000000,930,Jake,-0.9694152359846324,-0.24243343716135923
2000-01-24 15:00:00.000000000,991,Jake,0.6282504322956022,0.848211293735035
2000-01-24 18:45:00.000000000,984,Jake,-0.24732499591695167,0.08854670449619051
2000-01-24 19:45:00.000000000,1012,Jake,0.6563974438192106,-0.7563682822896203
2000-01-24 20:00:00.000000000,997,Jake,-0.838212955276598,-0.8805432234506998
2000-01-24 22:15:00.000000000,987,Jake,0.576050822358442,-0.9513033059949942
2000-01-25 00:15:00.000000000,1009,Jake,-0.788166001047516,0.986124347299641
2000-01-25 00:30:00.000000000,1075,Jake,-0.7594274701187302,-0.5205734314010106
2000-01-25 04:30:00.000000000,1022,Jake,-0.3676680715680949,0.9815826360429234
2000-01-25 06:15:00.000000000,1029,Jake,0.39878238632881,0.4803672827455743
2000-01-25 07:15:00.000000000,966,Jake,0.4123346392001406,0.6531204277369707
2000-01-25 07:30:00.000000000,1009,Jake,0.6300361238095782,-0.727748914652353
2000-01-25 08:45:00.000000000,982,Jake,-0.35300997420775726,-0.48143935675429983
2000-01-25 09:45:00.000000000,980,Jake,-0.6904038115611457,0.989844713861741
2000-01-25 10:15:00.000000000,1028,Jake,-0.23578469793905676,0.5395363624995659
2000-01-25 10:30:00.000000000,987,Jake,-0.49116716860819,-0.3584042317561882
2000-01-25 12:15:00.000000000,1064,Jake,0.6531436361517231,-0.7714762220582587
2000-01-25 13:30:00.000000000,996,Jake,-0.753264699063797,0.7665490504978931
2000-01-25 15:00:00.000000000,1025,Jake,0.2921784021162319,0.2564662303665435
2000-01-25 16:15:00.000000000,1020,Jake,-0.7672503282314298,0.6974896454847082
2000-01-25 16:30:00.000000000,948,Jake,0.8484853852414664,0.8269490643556325
2000-01-25 17:15:00.000000000,998,Jake,-0.727102159160445,0.2871748277196584
2000-01-25 17:45:00.000000000,988,Jake,-0.42660450812203,-0.3164098571896732
2000-01-25 20:00:00.000000000,1016,Jake,-0.46101292370094593,0.7832119609793382
2000-01-25 20:45:00.000000000,976,Jake,0.8395793978689419,0.5739829176594271
2000-01-25 21:45:00.000000000,971,Jake,-0.5077230193548514,0.40753731942583094
2000-01-25 23:15:00.000000000,1050,Jake,-0.9546593658537459,-0.3896226623023229
2000-01-26 00:30:00.000000000,1040,Jake,-0.056417749579037224,0.5955065588908552
2000-01-26 04:15:00.000000000,1042,Jake,-0.8847797127686186,0.14390331412541668
2000-01-26 06:15:00.000000000,1028,Jake,0.9095155339856478,0.3290872056504066
2000-01-26 09:15:00.000000000,1010,Jake,-0.3231937478280211,0.3420062017471557
2000-01-26 12:15:00.000000000,1006,Jake,0.3441889023065998,0.48959331696422503
2000-01-26 14:15:00.000000000,1011,Jake,-0.8080512630387757,-0.6556362857770885
2000-01-26 14:30:00.000000000,1030,Jake,0.7307217161286048,-0.624351189051052
2000-01-26 16:30:00.000000000,953,Jake,-0.5075726414334221,-0.6549145640701128
2000-01-26 17:00:00.000000000,968,Jake,-0.68933404049543,-0.05669893710430185
2000-01-26 17:15:00.000000000,965,Jake,-0.22862868456094132,-0.09415247834866047
2000-01-26 17:30:00.000000000,1023,Jake,0.9993700052783541,-0.9453491616362106
2000-01-26 20:15:00.000000000,1052,Jake,0.20893573481157746,-0.5329340223101942
2000-01-26 22:15:00.000000000,1013,Jake,0.12921476277715516,-0.5137208423234536
2000-01-26 23:15:00.000000000,1021,Jake,-0.9337299235425884,0.7477876464720661
2000-01-27 01:45:00.000000000,971,Jake,0.40270841076083985,0.7931865727458218
2000-01-27 03:30:00.000000000,964,Jake,-0.1178449009307494,-0.4228514116076032
2000-01-27 04:15:00.000000000,981,Jake,-0.7451901259188782,-0.4195228815318417
2000-01-27 05:30:00.000000000,972,Jake,0.08129670546628476,-0.19922135639893912
2000-01-27 07:00:00.000000000,1026,Jake,0.8328831974809721,-0.5997521534973633
2000-01-27 09:15:00.000000000,1009,Jake,-0.799847826594043,0.4895998483026942
2000-01-27 11:45:00.000000000,976,Jake,-0.28864506009794355,0.007999354374038647
2000-01-27 13:00:00.000000000,1013,Jake,0.9342163189402488,0.4590023720555634
2000-01-27 15:00:00.000000000,1015,Jake,0.5110625566085025,-0.8751459678561466
2000-01-27 15:45:00.000000000,982,Jake,-0.8026606910631808,-0.05203391240363486
2000-01-27 16:00:00.000000000,1034,Jake,0.1409868428978236,-0.4392878790390826
2000-01-27 16:15:00.000000000,1009,Jake,-0.04808548301856552,0.13404664710860947
2000-01-27 17:00:00.000000000,994,Jake,0.5731530482432825,0.05970149530129776
2000-01-27 18:30:00.000000000,958,Jake,0.619024417921475,0.24416517542107363
2000-01-27 20:00:00.000000000,1009,Jake,-0.19081656902559252,0.7008486577431496
2000-01-27 21:30:00.000000000,988,Jake,0.8955692325389979,0.5784595251612679
2000-01-27 21:45:00.000000000,960,Jake,-0.735938218002943,-0.4167261495602699
2000-01-27 23:45:00.000000000,982,Jake,0.16489565039465615,-0.7459024765976106
2000-01-28 02:30:00.000000000,1020,Jake,0.2213655851536207,-0.3499919007880046
2000-01-28 04:00:00.000000000,981,Jake,0.5063283264029976,0.6426734558718628
2000-01-28 04:45:00.000000000,1011,Jake,0.8983619774190328,0.07974988447727505
2000-01-28 05:00:00.000000000,1011,Jake,-0.5938719361012226,-0.4683192509752654
2000-01-28 05:30:00.000000000,947,Jake,0.9160946868263717,-0.2756344107089872
2000-01-28 06:45:00.000000000,985,Jake,-0.05851683554923337,-0.9017991444009033
2000-01-28 11:30:00.000000000,976,Jake,0.0031910254930056503,-0.051472028105579604
2000-01-28 12:00:00.000000000,1047,Jake,0.6092419652299934,-0.6404766834923596
2000-01-28 13:30:00.000000000,1013,Jake,-0.5531895946169691,0.32392655264991554
2000-01-28 13:45:00.000000000,989,Jake,-0.42398905514791085,-0.7706540387901353
2000-01-28 14:30:00.000000000,1004,Jake,0.9374085524251019,0.6953317236951704
2000-01-28 16:45:00.000000000,997,Jake,-0.10241615806839399,-0.7353178441333246
2000-01-28 17:30:00.000000000,1040,Jake,-0.6592073647057435,0.13665919168207608
2000-01-28 20:15:00.000000000,1019,Jake,-0.5042506155660067,0.38968389205937437
2000-01-28 20:45:00.000000000,1027,Jake,-0.9019228996587356,-0.9348155464395833
2000-01-28 21:15:00.000000000,970,Jake,-0.7169524121271291,-0.06440619351525867
2000-01-28 22:15:00.000000000,959,Jake,-0.2321221898995358,0.11266096904887313
2000-01-28 22:30:00.000000000,976,Jake,0.8852719778145313,0.34943593378936977
2000-01-28 22:45:00.000000000,1008,Jake,0.2811976673219878,-0.2767298791674162
2000-01-29 03:15:00.000000000,966,Jake,-0.6031590139713663,0.5989586292266118
2000-01-29 10:00:00.000000000,1027,Jake,0.5484012636165017,-0.3118794631386894
2000-01-29 13:00:00.000000000,962,Jake,-0.0492678393975432,0.19004186217279928
2000-01-29 16:15:00.000000000,1028,Jake,-0.31174602045257127,0.7841987906325609
2000-01-29 16:45:00.000000000,1013,Jake,0.200441903774212,-0.9509306769539638
2000-01-29 17:00:00.000000000,943,Jake,-0.1940777475731883,-0.6672782896017408
2000-01-29 17:15:00.000000000,1045,Jake,-0.7303373450982082,-0.9524607784171986
2000-01-29 22:15:00.000000000,1076,Jake,-0.03672385525306865,0.015400810205930426
2000-01-29 22:30:00.000000000,1037,Jake,-0.40091073599330707,-0.41881945071291904
2000-01-29 23:45:00.000000000,1015,Jake,-0.28586314564710036,0.41552386012215514
2000-01-30 00:00:00.000000000,1071,Jake,0.5886080605328377,0.3849094565172433
2000-01-30 00:45:00.000000000,989,Jake,-0.4388959962499419,0.6845224008381505
2000-01-30 02:30:00.000000000,985,Jake,-0.9806142889672667,0.4568059058439531
2000-01-30 04:30:00.000000000,1018,Jake,-0.9779330897043859,0.8485398090371499
2000-01-30 05:45:00.000000000,1053,Jake,0.2025875353436084,-0.8126928048413653
2000-01-30 10:15:00.000000000,994,Jake,-0.008689988770792967,0.23354856354328524
2000-01-30 11:00:00.000000000,1010,Jake,-0.1051152929335124,-0.731352697778278
2000-01-30 13:00:00.000000000,1007,Jake,-0.7738660884759816,-0.4036653927765952
2000-01-30 13:15:00.000000000,1018,Jake,0.0947766075469374,-0.44356878497336316
2000-01-30 16:30:00.000000000,1031,Jake,-0.23923123937226776,-0.9637835193930346
2000-01-30 17:30:00.000000000,996,Jake,-0.7932738981021947,0.5018407113663692
2000-01-30 17:45:00.000000000,999,Jake,0.9957109917436631,-0.7331531418075827
2000-01-30 18:15:00.000000000,961,Jake,0.3281095964569125,-0.024623127942001055
2000-01-30 19:00:00.000000000,987,Jake,-0.9969906651258702,0.5489904430124206
2000-01-30 19:15:00.000000000,1075,Jake,-0.34674721295073496,0.5343684610308943
2000-01-30 20:30:00.000000000,1005,Jake,-0.9469902099174712,-0.8118133679670596
2000-01-31 05:00:00.000000000,1024,Jake,-0.20271891459626934,-0.14751178399438558
2000-01-31 07:15:00.000000000,985,Jake,0.33358800567404967,-0.7468061387050613
2000-01-31 08:15:00.000000000,934,Jake,0.18762841506150196,0.5042413361503528
2000-01-31 08:45:00.000000000,973,Jake,-0.7840867831976293,-0.9893421330992487
2000-01-31 09:15:00.000000000,991,Jake,0.22729974981873458,-0.909024663950927
2000-01-31 10:00:00.000000000,921,Jake,0.940251760162218,0.45163376086585294
2000-01-31 10:45:00.000000000,993,Jake,0.20719209447815068,-0.6809564271725048
2000-01-31 11:30:00.000000000,1010,Jake,-0.5896162792510908,-0.9082474965824705
2000-01-31 13:00:00.000000000,948,Jake,-0.6066614259937133,-0.5499831779733602
2000-01-31 14:45:00.000000000,1004,Jake,0.10275783371721858,0.38083041350252334
2000-01-31 15:00:00.000000000,976,Jake,0.3929763141561413,0.447789046624955
2000-01-31 15:45:00.000000000,1025,Jake,0.24091956837104989,0.8229537385349166
2000-01-31 22:30:00.000000000,1028,Jake,-0.06439397173913508,0.7241054872494523
2000-02-01 00:15:00.000000000,966,Jake,0.7382509689026775,0.05591479054413373
2000-02-01 00:45:00.000000000,1002,Jake,0.7538545484407135,0.5697799181973069
2000-02-01 05:00:00.000000000,1025,Jake,-0.31008244168095445,0.6036304500920868
2000-02-01 06:00:00.000000000,1009,Jake,-0.37514103900952844,-0.4000267771595303
2000-02-01 07:30:00.000000000,1039,Jake,0.6010298252258699,-0.29239652749458633
2000-02-01 07:45:00.000000000,1020,Jake,0.9634564207437852,0.07040735761407935
2000-02-01 08:00:00.000000000,964,Jake,0.7836742546843334,0.35743927642755247
2000-02-01 11:15:00.000000000,1018,Jake,0.667177291879461,0.8746272477778918
2000-02-01 13:45:00.000000000,964,Jake,0.6164576208174608,-0.029127247107495702
2000-02-01 15:15:00.000000000,1055,Jake,0.2598106483155651,-0.10682178174446544
2000-02-01 17:00:00.000000000,1011,Jake,0.6818574121768011,0.12624549900128623
2000-02-01 18:15:00.000000000,995,Jake,-0.5498042086935679,-0.6727988990633675
2000-02-01 21:00:00.000000000,1021,Jake,-0.5367915855777443,-0.9809355386220766
2000-02-01 22:00:00.000000000,1033,Jake,0.3153100839151797,0.03892180046614624
2000-02-01 22:30:00.000000000,1026,Jake,0.8160426234152047,-0.9842913864510121
2000-02-01 23:45:00.000000000,953,Jake,-0.7437137939801703,-0.09701990796430238
2000-02-02 00:30:00.000000000,1019,Jake,-0.013603653401392135,-0.6713598040492863
2000-02-02 00:45:00.000000000,1015,Jake,-0.1948011208186997,-0.9077569233510867
2000-02-02 01:30:00.000000000,993,Jake,-0.9880623510339082,-0.7863059250191731
2000-02-02 02:00:00.000000000,1024,Jake,0.5020026986297161,0.7434036422197474
2000-02-02 03:30:00.000000000,920,Jake,0.44031795637176074,0.9074269503726387
2000-02-02 10:00:00.000000000,1014,Jake,0.7694883008368483,0.5608408344035307
2000-02-02 11:30:00.000000000,954,Jake,-0.34650694746160937,-0.5864647996118626
2000-02-02 12:00:00.000000000,1010,Jake,-0.7462232760241876,0.8280295945205525
2000-02-02 15:00:00.000000000,984,Jake,0.8679254723550274,0.6613246682132461
2000-02-02 17:15:00.000000000,981,Jake,0.30477996894245263,-0.990550242442134
2000-02-02 18:00:00.000000000,1015,Jake,-0.9946833760618463,-0.8918925450466628
2000-02-02 21:30:00.000000000,1017,Jake,0.4489626951037249,-0.9842148542072973
2000-02-03 01:45:00.000000000,1013,Jake,0.23028971221861205,-0.6327390130266719
2000-02-03 03:15:00.000000000,1014,Jake,0.20107906322408153,0.9300325034235144
2000-02-03 05:30:00.000000000,1023,Jake,0.6715737200965801,0.3110755126529581
2000-02-03 05:45:00.000000000,1052,Jake,-0.896917392149758,0.6368196765879814
2000-02-03 06:15:00.000000000,953,Jake,0.16575207559561211,-0.5766090725358428
2000-02-03 06:30:00.000000000,960,Jake,0.7307428063543036,0.896494945335363
2000-02-03 08:00:00.000000000,986,Jake,0.010782705084581012,0.4465727638993209
2000-02-03 08:15:00.000000000,967,Jake,0.8122740112138851,-0.7810147861596028
2000-02-03 10:30:00.000000000,1027,Jake,0.16294729253674922,0.9622689821889967
2000-02-03 12:00:00.000000000,934,Jake,0.055058223960556596,-0.6078963953293579
2000-02-03 12:45:00.000000000,1027,Jake,-0.6291707560214927,0.48311061744581374
2000-02-03 14:30:00.000000000,1005,Jake,-0.04145126757998541,0.5156521826182554
2000-02-03 15:15:00.000000000,927,Jake,-0.9115480648035363,0.7525503933801168
2000-02-03 17:00:00.000000000,932,Jake,-0.029456067283328613,0.7443982672531446
2000-02-03 18:00:00.000000000,1026,Jake,0.6044039599868871,-0.5284356835547117
2000-02-03 20:00:00.000000000,965,Jake,-0.19746493374402463,-0.7084330054164716
2000-02-03 20:15:00.000000000,1018,Jake,0.9178897923474052,0.550160137104152
2000-02-03 20:45:00.000000000,1035,Jake,0.8900832995064385,-0.7709355098867925
2000-02-03 22:45:00.000000000,994,Jake,-0.8357258358360149,-0.1255780669468718
2000-02-04 00:00:00.000000000,1042,Jake,0.09885322074743796,0.09233358791427104
2000-02-04 01:45:00.000000000,979,Jake,-0.3817669481656054,-0.2522574028977087
2000-02-04 02:00:00.000000000,958,Jake,-0.14182053958891827,-0.9384291214582039
2000-02-04 03:30:00.000000000,962,Jake,0.2712335055026791,-0.7393379628936512
2000-02-04 04:00:00.000000000,1045,Jake,-0.2090024798573813,-0.9446712194269833
2000-02-04 06:15:00.000000000,963,Jake,0.7120634793074705,0.4662407254975629
2000-02-04 06:30:00.000000000,925,Jake,-0.8393795148077392,0.844282187232247
2000-02-04 06:45:00.000000000,947,Jake,-0.3342917469239517,0.4748812846991004
2000-02-04 08:00:00.000000000,945,Jake,0.7213031235917633,-0.06864737109036945
2000-02-04 08:45:00.000000000,1022,Jake,0.25713531377134324,-0.47587153349184574
2000-02-04 09:45:00.000000000,987,Jake,0.9119776802315227,0.19193686183192282
2000-02-04 12:15:00.000000000,1008,Jake,0.6209775876354124,-0.41367350736539454
2000-02-04 13:45:00.000000000,996,Jake,0.021993843977254235,-0.4480752080099124
2000-02-04 15:45:00.000000000,1009,Jake,0.7862931100890667,0.6446177860382218
2000-02-04 16:15:00.000000000,954,Jake,-0.7925804345833647,-0.09866105318431018
2000-02-04 16:30:00.000000000,997,Jake,-0.4961436758368081,0.31810799141069235
2000-02-04 17:00:00.000000000,1005,Jake,0.06711342444692114,0.36257118943596645
2000-02-04 17:15:00.000000000,1020,Jake,0.6105695546616472,-0.3945271131561403
2000-02-04 17:45:00.000000000,959,Jake,0.9778741273646538,-0.5021359796736169
2000-02-04 22:00:00.000000000,1015,Jake,-0.4542277785830886,-0.7999224191429499
2000-02-04 23:00:00.000000000,1022,Jake,0.4069135411694338,0.6382189827553635
2000-02-05 00:30:00.000000000,924,Jake,-0.43110642334901494,0.9768582379512274
2000-02-05 03:45:00.000000000,1013,Jake,-0.2860779092011301,-0.5189629019292441
2000-02-05 04:15:00.000000000,1036,Jake,-0.989055784945222,-0.42669820057596164
2000-02-05 04:30:00.000000000,981,Jake,-0.2234156650749033,0.9904787697657169
2000-02-05 06:00:00.000000000,982,Jake,0.8633455576069671,0.9899977218929772
2000-02-05 08:30:00.000000000,990,Jake,-0.9633103529526463,-0.2954190803015726
2000-02-05 09:15:00.000000000,1031,Jake,0.2080842441966677,-0.8792829587375228
2000-02-05 11:15:00.000000000,1031,Jake,-0.0500068821937647,-0.20311708290603958
2000-02-05 13:15:00.000000000,975,Jake,0.9558580285257634,0.3475335899033547
2000-02-05 14:30:00.000000000,1013,Jake,0.767045489784151,0.16380193624579498
2000-02-05 15:15:00.000000000,999,Jake,-0.40176179245878796,0.7256107247965935
2000-02-05 17:45:00.000000000,1001,Jake,0.4048070494237115,0.3840901441221516
2000-02-05 18:15:00.000000000,1006,Jake,0.9021000996799333,0.42058512417641625
2000-02-05 22:30:00.000000000,1010,Jake,0.0033320007419805897,0.3293932430959243
2000-02-05 23:00:00.000000000,990,Jake,0.5903379464299121,-0.3035813714501574
2000-02-06 04:00:00.000000000,1051,Jake,-0.3616603651671406,-0.45295090019283313
2000-02-06 04:15:00.000000000,1014,Jake,-0.5492027320261119,0.8456705148290924
2000-02-06 06:45:00.000000000,1011,Jake,0.7328851189271957,0.8523204860053066
2000-02-06 07:00:00.000000000,1012,Jake,0.9124143964360003,-0.6669799405369601
2000-02-06 07:45:00.000000000,1016,Jake,-0.6159801568182548,-0.9091775292580326
2000-02-06 10:45:00.000000000,1003,Jake,-0.39537982585072706,0.8744672948701757
2000-02-06 15:00:00.000000000,976,Jake,0.41089402188055857,0.2821963013378552
2000-02-06 18:00:00.000000000,1013,Jake,0.2075319134683029,-0.8411751583688551
2000-02-06 18:45:00.000000000,1013,Jake,-0.2646195139505867,0.5225523844033981
2000-02-06 21:00:00.000000000,944,Jake,-0.2881062739630875,0.38446388060959746
2000-02-06 21:30:00.000000000,1005,Jake,-0.15122395682574452,-0.86085796549105
2000-02-06 22:45:00.000000000,993,Jake,0.589672229582435,0.5740421737987185
2000-02-07 01:15:00.000000000,950,Jake,-0.45243556676075336,0.7959108867448326
2000-02-07 02:15:00.000000000,1068,Jake,0.9851780776202002,0.8359445464099484
2000-02-07 04:00:00.000000000,1009,Jake,-0.7047625887133493,0.05338883387744042
2000-02-07 04:45:00.000000000,1036,Jake,0.44462136652465034,0.23273722705255206
2000-02-07 06:30:00.000000000,979,Jake,-0.9164398233356479,-0.13676198666531403
2000-02-07 08:45:00.000000000,1001,Jake,-0.48415616081671997,0.5527348087821029
2000-02-07 10:15:00.000000000,993,Jake,-0.5688220954815115,0.3188359084215231
2000-02-07 10:45:00.000000000,1018,Jake,-0.3957945402476768,0.1644214820668639
2000-02-07 11:15:00.000000000,1008,Jake,0.3289800711689259,0.35981705807312525
2000-02-07 12:00:00.000000000,1031,Jake,-0.684052053408913,-0.056192006984206344
2000-02-07 12:15:00.000000000,1086,Jake,-0.635562316333639,-0.44246020494361393
2000-02-07 13:45:00.000000000,963,Jake,-0.15987810688471127,-0.7080915499292204
2000-02-07 14:45:00.000000000,958,Jake,0.43766421308688597,0.8162507766857732
2000-02-07 15:00:00.000000000,1033,Jake,-0.1390739830891512,0.5887998308244826
2000-02-07 15:30:00.000000000,996,Jake,0.5704101866419862,0.6882137367945824
2000-02-07 15:45:00.000000000,1022,Jake,0.649945918943909,-0.433655015229953
2000-02-07 20:30:00.000000000,961,Jake,-0.0994747837652783,0.47374118120871356
2000-02-07 21:00:00.000000000,1005,Jake,0.832600611227702,0.13722448428413792
2000-02-07 21:30:00.000000000,984,Jake,0.026080315006396404,0.747301796914456
2000-02-08 03:00:00.000000000,990,Jake,0.8761147157617797,0.977525794957258
2000-02-08 03:45:00.000000000,945,Jake,-0.5568523565430921,0.6146101223548415
2000-02-08 04:15:00.000000000,967,Jake,-0.6678851134615895,-0.8814752913916297
2000-02-08 06:15:00.000000000,995,Jake,0.2551855297172374,-0.7886700782217715
2000-02-08 07:00:00.000000000,962,Jake,0.9285459406150165,0.534281998713608
2000-02-08 07:15:00.000000000,1018,Jake,-0.8972815506219145,0.6120152621743316
2000-02-08 08:15:00.000000000,1055,Jake,-0.9981787475737056,0.36021233912618644
2000-02-08 08:45:00.000000000,971,Jake,-0.7198195622754437,-0.0210292417060165
2000-02-08 10:00:00.000000000,1001,Jake,0.8537915187029441,-0.8917276530331593
2000-02-08 10:30:00.000000000,1066,Jake,0.02570367379188654,-0.7895134975476112
2000-02-08 11:00:00.000000000,1084,Jake,0.22432053919262973,-0.9268227256372719
2000-02-08 11:30:00.000000000,1017,Jake,-0.5514027308736442,-0.5872912536812913
2000-02-08 13:15:00.000000000,1012,Jake,-0.9801918868682344,-0.3596900662550646
2000-02-08 13:45:00.000000000,988,Jake,-0.12216875401621774,0.2102638502206462
2000-02-08 14:00:00.000000000,998,Jake,0.5966972511106123,0.4582284488067132
2000-02-08 15:30:00.000000000,991,Jake,-0.9176769415941919,0.8178416513386848
2000-02-08 17:45:00.000000000,1021,Jake,-0.39035126989255375,-0.5230683928244209
2000-02-08 18:30:00.000000000,979,Jake,0.21631263541833867,0.11769583689001628
2000-02-08 19:00:00.000000000,1027,Jake,-0.020574637167718235,0.8895788677113936
2000-02-08 20:30:00.000000000,968,Jake,-0.21833099258174027,0.047621273461129876
2000-02-08 20:45:00.000000000,1004,Jake,-0.4710886427976546,0.9340115586425621
2000-02-08 21:15:00.000000000,1011,Jake,0.22519905561943765,0.03200910944763424
2000-02-08 22:00:00.000000000,972,Jake,0.49364867299027115,-0.5590681685708072
2000-02-08 22:30:00.000000000,1044,Jake,-0.9832612365876525,-0.39967403812230384
2000-02-08 23:30:00.000000000,1005,Jake,0.9186600491079744,0.7194469690461947
2000-02-09 01:45:00.000000000,1015,Jake,-0.7785250663447407,0.12601966497250938
2000-02-09 05:45:00.000000000,1029,Jake,0.0383646331258678,0.10367739155152811
2000-02-09 06:00:00.000000000,927,Jake,0.3955781326046037,-0.11385823759782032
2000-02-09 11:30:00.000000000,914,Jake,0.9919949010935547,-0.13595403939468098
2000-02-09 14:00:00.000000000,1020,Jake,-0.06652825246827887,-0.5021250327931512
2000-02-09 16:15:00.000000000,1036,Jake,-0.7211984763216233,-0.05917170832805074
2000-02-09 16:30:00.000000000,1021,Jake,0.10415568100525419,-0.6432703000008355
2000-02-09 17:15:00.000000000,1032,Jake,0.9079319376863861,0.5278653445909642
2000-02-09 17:30:00.000000000,987,Jake,0.5031335597909397,0.618653026073986
2000-02-09 18:30:00.000000000,1022,Jake,-0.49551164889122035,0.5207982412842347
2000-02-09 18:45:00.000000000,1021,Jake,-0.8334628628761607,0.769764969858403
2000-02-09 19:30:00.000000000,932,Jake,0.5616836146299691,0.09517055243904449
2000-02-10 00:45:00.000000000,998,Jake,0.44798411840373165,0.10063366594905321
2000-02-10 05:30:00.000000000,992,Jake,-0.048550355030467784,0.06855781011532103
2000-02-10 09:30:00.000000000,949,Jake,0.5717982081877828,-0.41533923122497596
2000-02-10 09:45:00.000000000,989,Jake,0.5623152556342461,0.5232156549602156
2000-02-10 11:00:00.000000000,1037,Jake,0.15222555581787822,-0.39015926408375545
2000-02-10 11:30:00.000000000,966,Jake,-0.9160052318905365,0.8269427702537644
2000-02-10 11:45:00.000000000,982,Jake,0.25706800189999135,0.8021150748135228
2000-02-10 13:00:00.000000000,1031,Jake,0.7235704130363823,0.3992862318152497
2000-02-10 13:15:00.000000000,973,Jake,0.06627102753639491,-0.8863108700143678
2000-02-10 14:15:00.000000000,994,Jake,-0.40007648056755074,-0.010475876067233214
2000-02-10 14:30:00.000000000,979,Jake,-0.04782075522721718,-0.9636150762959266
2000-02-10 15:15:00.000000000,978,Jake,-0.35717157746964023,0.006491006164465851
2000-02-10 17:15:00.000000000,1023,Jake,-0.3187108622656696,0.8212917017124997
2000-02-10 18:30:00.000000000,1001,Jake,0.5069536115324715,0.8565689484875858
2000-02-10 18:45:00.000000000,997,Jake,-0.2438296414847776,0.8071586540877262
2000-02-10 21:00:00.000000000,1005,Jake,0.2076513744805828,0.7237438967398757
2000-02-10 21:30:00.000000000,981,Jake,-0.8881177025685352,-0.5468900812636741
2000-02-11 00:15:00.000000000,1022,Jake,0.454781427451723,-0.362173121807865
2000-02-11 04:45:00.000000000,976,Jake,-0.030264320750461815,-0.7954471511314269
2000-02-11 05:15:00.000000000,957,Jake,0.6988610177437757,-0.5323250962194976
2000-02-11 07:45:00.000000000,967,Jake,0.002911164260473331,0.9989153499361692
2000-02-11 08:00:00.000000000,1024,Jake,-0.9205629736866119,-0.7653073628169424
2000-02-11 16:30:00.000000000,991,Jake,-0.18405160870978632,0.09172768282933785
2000-02-11 18:45:00.000000000,1051,Jake,-0.6093990185094715,-0.692538480577376
2000-02-11 20:45:00.000000000,995,Jake,-0.47015059208558263,0.2537441522653745
2000-02-11 21:15:00.000000000,1003,Jake,-0.3072252225459706,0.7178760733618836
2000-02-12 00:45:00.000000000,1039,Jake,-0.5392964257305479,-0.4195110516282461
2000-02-12 03:30:00.000000000,1045,Jake,-0.5563675770632912,0.3037868102942878
2000-02-12 05:00:00.000000000,1009,Jake,0.803769512434739,0.5101406391366567
2000-02-12 05:45:00.000000000,967,Jake,-0.08011242316249279,0.28227240430396927
2000-02-12 06:00:00.000000000,1027,Jake,-0.7997682786363525,-0.22120427410631427
2000-02-12 06:15:00.000000000,1031,Jake,0.7314475569568863,0.9974172610295389
2000-02-12 07:45:00.000000000,1017,Jake,0.24726781791448693,0.8854394069375306
2000-02-12 08:15:00.000000000,971,Jake,-0.43994214229195916,-0.507280815899708
2000-02-12 08:45:00.000000000,1060,Jake,-0.6824946049306151,-0.30826647325530177
2000-02-12 09:00:00.000000000,997,Jake,-0.3855300733600153,-0.5850837975684531
2000-02-12 10:15:00.000000000,1031,Jake,-0.11202983764817431,0.7967505804013788
2000-02-12 11:30:00.000000000,1001,Jake,0.027836455943650806,-0.047954306254045065
2000-02-12 12:00:00.000000000,975,Jake,0.20192642361408963,0.27544987369211116
2000-02-12 13:30:00.000000000,928,Jake,-0.5599317896343459,-0.9505770158376297
2000-02-12 13:45:00.000000000,1014,Jake,-0.9451764572848795,-0.138804620000335
2000-02-12 14:15:00.000000000,991,Jake,0.5034123810389795,-0.12593300572916766
2000-02-12 16:30:00.000000000,988,Jake,0.8630722274195286,-0.5626286680707875
2000-02-12 17:30:00.000000000,993,Jake,0.6847397132279871,0.354518800844672
2000-02-12 18:00:00.000000000,1034,Jake,-0.6269567823277098,0.35556488388289686
2000-02-12 20:00:00.000000000,1005,Jake,-0.22768884503578213,0.8400361343278999
2000-02-12 20:15:00.000000000,978,Jake,0.019168241853036116,0.13055049092427806
2000-02-12 21:00:00.000000000,1014,Jake,-0.3748392568205108,0.4076276790531157
2000-02-12 22:15:00.000000000,980,Jake,-0.07237617741855784,-0.018629618620297217
2000-02-12 23:45:00.000000000,978,Jake,-0.8483716915702306,-0.33817039843320695
2000-02-13 02:00:00.000000000,1114,Jake,-0.4329633770845014,-0.8764517525740771
2000-02-13 02:15:00.000000000,991,Jake,-0.1474194701165914,-0.4707594183218784
2000-02-13 02:30:00.000000000,976,Jake,-0.734096248530206,-0.5770580034137174
2000-02-13 02:45:00.000000000,1003,Jake,0.7042337728938051,0.6578783161501722
2000-02-13 04:45:00.000000000,969,Jake,0.11185889961319084,0.620973246838568
2000-02-13 05:15:00.000000000,1024,Jake,-0.43362307436418956,-0.5136292405427405
2000-02-13 09:15:00.000000000,970,Jake,-0.4992984794514874,-0.4509306977109351
2000-02-13 11:30:00.000000000,1072,Jake,0.7044609610125363,0.3894222865551913
2000-02-13 12:00:00.000000000,992,Jake,0.5485389838603678,-0.04530738317177141
2000-02-13 12:30:00.000000000,1001,Jake,-0.36765654030292594,-0.4509795591822001
2000-02-13 13:15:00.000000000,930,Jake,-0.2007892098853814,0.7425562595779129
2000-02-13 13:30:00.000000000,1040,Jake,0.39956595020557173,0.28733418368402663
2000-02-13 14:30:00.000000000,994,Jake,-0.8264307354755305,0.9687001752548847
2000-02-13 16:45:00.000000000,1037,Jake,-0.8974327234453467,0.5382457336744175
2000-02-13 18:45:00.000000000,962,Jake,-0.05005470494418818,0.9393879565339687
2000-02-13 19:15:00.000000000,1030,Jake,-0.3410219504751084,-0.9733526666739956
2000-02-13 19:30:00.000000000,1003,Jake,-0.9644072625883644,0.06275906368812789
2000-02-14 06:45:00.000000000,965,Jake,0.9457522804848071,-0.9333816259436423
2000-02-14 08:00:00.000000000,982,Jake,-0.19133624009993366,0.9637696926286996
2000-02-14 09:00:00.000000000,965,Jake,-0.4676806371958895,0.8322706757038061
2000-02-14 10:45:00.000000000,926,Jake,0.40290829355075974,0.5653214881636381
2000-02-14 11:45:00.000000000,992,Jake,-0.46911645815718783,-0.7350452261807285
2000-02-14 15:15:00.000000000,987,Jake,-0.1634066693527494,-0.5320257396687744
2000-02-14 15:30:00.000000000,1013,Jake,0.8201355312602854,0.01609185956806969
2000-02-14 16:30:00.000000000,966,Jake,-0.26308593338730235,0.5969238749158106
2000-02-14 16:45:00.000000000,984,Jake,-0.6479675125817594,0.8506714292904107
2000-02-14 18:45:00.000000000,1058,Jake,0.7289706476164006,-0.2640651140740471
2000-02-14 19:00:00.000000000,1008,Jake,0.9868548475618308,0.1234450866956891
2000-02-14 22:15:00.000000000,1013,Jake,0.8119591995528384,0.21110794623329765
2000-02-15 04:00:00.000000000,997,Jake,0.4000268341267994,-0.7584615204257508
2000-02-15 06:00:00.000000000,1017,Jake,0.6975575282930424,0.2995934362143893
2000-02-15 08:00:00.000000000,997,Jake,-0.5050950146845403,0.17285790679270807
2000-02-15 08:45:00.000000000,984,Jake,0.18116600231241864,0.3658978509706272
2000-02-15 09:45:00.000000000,953,Jake,0.6816821234163899,0.6661781071994475
2000-02-15 10:00:00.000000000,1013,Jake,-0.5583619324348064,0.3942563612863954
2000-02-15 10:30:00.000000000,1014,Jake,0.9078074122549504,0.49209673213145133
2000-02-15 12:45:00.000000000,1050,Jake,-0.7507541465396572,-0.5251309440869989
2000-02-15 13:15:00.000000000,1021,Jake,-0.7363007082635717,-0.5948882373633557
2000-02-15 14:15:00.000000000,1078,Jake,0.7186824362221891,-0.9954135600061904
2000-02-15 15:30:00.000000000,1021,Jake,0.5721547603575499,0.8675902770257515
2000-02-15 17:45:00.000000000,1028,Jake,0.7292810876635107,-0.5881797977724268
2000-02-15 20:00:00.000000000,977,Jake,0.8988085553651897,0.7781857433120021
2000-02-15 20:45:00.000000000,1035,Jake,0.5648036779107266,-0.5720266575621791
2000-02-15 21:30:00.000000000,1004,Jake,-0.9452426478801297,0.7799665847317512
2000-02-15 23:00:00.000000000,1009,Jake,-0.9021907160375084,0.2590005899929091
2000-02-16 01:15:00.000000000,1014,Jake,0.2702154880842307,0.2040896515064905
2000-02-16 01:30:00.000000000,1025,Jake,0.37098108377773364,0.3703223871228123
2000-02-16 02:15:00.000000000,1004,Jake,-0.8888576104793013,0.20765772484015543
2000-02-16 03:45:00.000000000,1008,Jake,-0.30990691624621847,0.4661840076980013
2000-02-16 04:45:00.000000000,1025,Jake,-0.6584602042597831,0.16585886955533002
2000-02-16 05:45:00.000000000,986,Jake,-0.139421966951768,-0.1208675423272878
2000-02-16 06:15:00.000000000,1004,Jake,0.30611656041254265,-0.0633490867021902
2000-02-16 06:45:00.000000000,948,Jake,0.8425770246894557,-0.6538896530068201
2000-02-16 09:00:00.000000000,1014,Jake,-0.7351736550378969,-0.026444111581479746
2000-02-16 09:15:00.000000000,986,Jake,0.8360978320979382,-0.14050319616584606
2000-02-16 09:30:00.000000000,1015,Jake,0.011549636765509241,-0.8745699478450628
2000-02-16 10:30:00.000000000,946,Jake,-0.5013377276620021,-0.3871858622939435
2000-02-16 12:15:00.000000000,1008,Jake,0.21986661295542143,0.3244320328785131
2000-02-16 13:30:00.000000000,968,Jake,0.48926117393107815,-0.3264972886310309
2000-02-16 16:45:00.000000000,970,Jake,0.8268790116585201,-0.12410157604302263
2000-02-16 19:45:00.000000000,1022,Jake,0.8942585912052905,0.7448731974474292
2000-02-16 20:00:00.000000000,1033,Jake,0.023366920554236836,-0.9958796663171001
2000-02-16 22:45:00.000000000,984,Jake,-0.21167703677258087,0.2618933064086699
2000-02-16 23:15:00.000000000,990,Jake,0.2921937886821988,0.9403854995513676
2000-02-17 00:45:00.000000000,951,Jake,-0.14789812241388245,-0.9004180084548443
2000-02-17 01:30:00.000000000,1029,Jake,0.32428119525910204,0.06687029548224777
2000-02-17 04:00:00.000000000,1043,Jake,0.6699197699501391,0.5442576965102055
2000-02-17 07:00:00.000000000,982,Jake,0.8484182643386049,-0.28874646806748494
2000-02-17 07:30:00.000000000,978,Jake,0.44367431426669457,0.5333657815090032
2000-02-17 08:45:00.000000000,1067,Jake,-0.47583440526681176,-0.7748453047711925
2000-02-17 09:15:00.000000000,988,Jake,0.8011934736600699,-0.8667245393665379
2000-02-17 10:30:00.000000000,1015,Jake,-0.15026538208275642,0.1035495042512613
2000-02-17 14:00:00.000000000,1000,Jake,-0.7871203635906994,0.8108351274675054
2000-02-17 14:15:00.000000000,943,Jake,0.2795664242429394,0.28022457540256895
2000-02-17 18:00:00.000000000,982,Jake,-0.2719953659949421,0.4463012808017961
2000-02-17 18:45:00.000000000,1034,Jake,-0.9638395490791432,0.29421942598988804
2000-02-17 19:30:00.000000000,988,Jake,0.04312026978290873,-0.5928643337055373
2000-02-17 23:15:00.000000000,982,Jake,-0.25689257995932757,-0.061818108936753324
2000-02-18 00:00:00.000000000,968,Jake,0.31020484583782504,0.9374973302300154
2000-02-18 00:15:00.000000000,973,Jake,-0.4647858870694477,-0.23430919386451055
2000-02-18 00:30:00.000000000,990,Jake,-0.23289485507735352,-0.8559788190025215
2000-02-18 01:30:00.000000000,1034,Jake,0.7145063895453161,-0.11656845669220317
2000-02-18 01:45:00.000000000,1042,Jake,0.13841456690843867,0.2436006896718983
2000-02-18 02:00:00.000000000,1003,Jake,0.4054915862123032,-0.3043295686376861
2000-02-18 03:30:00.000000000,1017,Jake,0.5883032370855339,0.49015670842251224
2000-02-18 08:30:00.000000000,1016,Jake,-0.8235265369797955,0.9400643262258805
2000-02-18 14:30:00.000000000,1008,Jake,0.9662870295778541,0.13036822396185377
2000-02-18 15:00:00.000000000,972,Jake,0.26135347245629736,-0.1903687635988487
2000-02-18 16:15:00.000000000,983,Jake,-0.5473081839557772,-0.8619385359193923
2000-02-18 16:45:00.000000000,1022,Jake,-0.4922567461161831,0.12069980443766437
2000-02-18 19:30:00.000000000,1017,Jake,-0.43710488902163536,-0.17703670377796255
2000-02-18 20:30:00.000000000,1021,Jake,0.3153660676480048,0.669850305330673
2000-02-18 21:15:00.000000000,1010,Jake,0.33672725605832254,0.4844445516884206
2000-02-18 23:15:00.000000000,1008,Jake,0.1754400084788914,0.6081125692061855
2000-02-18 23:45:00.000000000,938,Jake,-0.4944453560355342,-0.14610340494522744
2000-02-19 03:45:00.000000000,973,Jake,0.6523613139798494,0.8697407419643715
2000-02-19 04:45:00.000000000,972,Jake,-0.20791191287044297,0.7372908429715443
2000-02-19 06:00:00.000000000,1044,Jake,0.6391854359757516,-0.37333474936233535
2000-02-19 07:15:00.000000000,949,Jake,-0.6391851770621895,0.9985761886018281
2000-02-19 08:15:00.000000000,1007,Jake,0.6584493567892578,-0.26365329349497735
2000-02-19 10:00:00.000000000,990,Jake,0.5073709590297564,0.977717089986037
2000-02-19 11:30:00.000000000,988,Jake,0.7376145605653288,0.20748000949678436
2000-02-19 14:30:00.000000000,958,Jake,0.6921933186123364,-0.4520185374677128
2000-02-19 14:45:00.000000000,1013,Jake,-0.22520824474700407,0.17952824402745104
2000-02-19 17:15:00.000000000,1037,Jake,0.4355912215700901,0.1581894822439711
2000-02-19 17:45:00.000000000,1039,Jake,-0.42084520973096207,0.7671160338446135
2000-02-19 18:30:00.000000000,992,Jake,0.5804761985951437,0.7520129296826579
2000-02-19 19:00:00.000000000,1026,Jake,0.02721607136985016,-0.9326295585401436
2000-02-19 19:30:00.000000000,999,Jake,0.7325644619387659,0.2235594658780553
2000-02-19 21:15:00.000000000,1005,Jake,-0.1852394408906397,-0.6038453095495477
2000-02-19 21:30:00.000000000,940,Jake,-0.7964431045961027,-0.4505432216368863
2000-02-19 22:15:00.000000000,985,Jake,0.49566416450033346,0.666662939618403
2000-02-20 02:45:00.000000000,1041,Jake,-0.7031121362082562,0.7682554546620868
2000-02-20 03:00:00.000000000,1071,Jake,0.3657703479954253,-0.19671816941552467
2000-02-20 03:15:00.000000000,985,Jake,-0.24724583686861568,0.7734426799426952
2000-02-20 04:30:00.000000000,1011,Jake,-0.03276276209984186,-0.23379578944499269
2000-02-20 06:15:00.000000000,964,Jake,0.24205068148458087,-0.09230390427372015
2000-02-20 08:30:00.000000000,1033,Jake,-0.6274143059991533,0.3533106048610335
2000-02-20 09:00:00.000000000,1081,Jake,-0.2537477647886395,-0.9884650261549459
2000-02-20 09:30:00.000000000,1038,Jake,-0.2824889170748961,0.06747884684578498
2000-02-20 12:00:00.000000000,999,Jake,-0.3258516469459256,0.9105026075817655
2000-02-20 14:30:00.000000000,980,Jake,0.6588351797419674,-0.2549913178678931
2000-02-20 16:00:00.000000000,956,Jake,-0.8481855442104893,0.7868209534804542
2000-02-20 16:15:00.000000000,998,Jake,0.029014364587918617,-0.9920646011799819
2000-02-20 16:45:00.000000000,987,Jake,0.17480657322183601,0.8361858167260059
2000-02-20 18:00:00.000000000,980,Jake,0.7996022080593033,-0.027891120162088834
2000-02-20 18:15:00.000000000,999,Jake,0.2538135932194119,0.815949026510778
2000-02-20 19:45:00.000000000,993,Jake,-0.6335341115482822,-0.4866459471366693
2000-02-20 22:15:00.000000000,1023,Jake,0.9618189367734402,-0.46466314627485006
2000-02-21 02:15:00.000000000,1048,Jake,0.5801963830882315,-0.914522119508101
2000-02-21 02:30:00.000000000,1016,Jake,0.044361424563184704,0.38899292369950755
2000-02-21 03:00:00.000000000,1015,Jake,0.07124780430079669,0.13927972963903001
2000-02-21 03:45:00.000000000,994,Jake,-0.3655707763133156,0.4775733786302798
2000-02-21 04:00:00.000000000,1091,Jake,-0.5743409646534576,-0.9137679988360692
2000-02-21 04:15:00.000000000,1023,Jake,0.2691601009091842,0.45292519609752646
2000-02-21 05:15:00.000000000,999,Jake,-0.3625956550308065,0.5559210249230635
2000-02-21 06:30:00.000000000,973,Jake,-0.2864812355784774,0.0680969709764907
2000-02-21 07:30:00.000000000,996,Jake,0.9342315591499053,-0.7620947081105458
2000-02-21 08:30:00.000000000,1013,Jake,0.2462746292607907,0.5815407154289431
2000-02-21 09:30:00.000000000,990,Jake,-0.9507663363032501,-0.12005431610450024
2000-02-21 12:45:00.000000000,1046,Jake,0.19127742472503395,0.5723481562987458
2000-02-21 15:15:00.000000000,1016,Jake,0.16297726601801443,0.061353224359467884
2000-02-21 23:15:00.000000000,1005,Jake,0.5655125369172347,0.5371833016771135
2000-02-22 00:00:00.000000000,982,Jake,0.5083433291983148,-0.3905305992155603
2000-02-22 00:30:00.000000000,1003,Jake,0.27569851991323713,-0.8370656911557488
2000-02-22 02:45:00.000000000,982,Jake,-0.3174958658346452,-0.4944316796915009
2000-02-22 05:30:00.000000000,1073,Jake,-0.9573470187946951,0.19323064735452222
2000-02-22 06:30:00.000000000,996,Jake,-0.5721424314027921,-0.7540111266582203
2000-02-22 07:00:00.000000000,1021,Jake,-0.3131658902433472,-0.9791626416724872
2000-02-22 08:00:00.000000000,1008,Jake,-0.15443222758360986,-0.9193489651423083
2000-02-22 08:15:00.000000000,1023,Jake,-0.1802867942416264,-0.8246254505235833
2000-02-22 14:30:00.000000000,969,Jake,0.24115455492160898,0.031131875792825836
2000-02-22 16:45:00.000000000,972,Jake,0.03648003322560456,-0.9878310442705442
2000-02-22 18:15:00.000000000,1012,Jake,-0.3983515294505029,0.21982212462797723
2000-02-22 23:45:00.000000000,966,Jake,0.559134571656041,-0.7266535218201449
2000-02-23 00:30:00.000000000,967,Jake,-0.9569846593125113,0.5580658251467439
2000-02-23 02:45:00.000000000,1056,Jake,-0.6609939779070331,0.519427203843537
2000-02-23 03:45:00.000000000,960,Jake,-0.5239415597406616,0.2737009974138256
2000-02-23 04:30:00.000000000,958,Jake,0.10324009091404451,-0.32186781620044935
2000-02-23 08:45:00.000000000,1052,Jake,-0.11349105113758284,0.9931167229145663
2000-02-23 10:45:00.000000000,1001,Jake,0.3798560108246529,-0.7313672482493592
2000-02-23 13:00:00.000000000,984,Jake,0.08448614217086625,-0.2334936783586825
2000-02-23 13:30:00.000000000,1084,Jake,-0.8907362134825827,-0.14141159841217799
2000-02-23 14:30:00.000000000,989,Jake,0.7964543898571392,-0.6708001004886965
2000-02-23 15:00:00.000000000,989,Jake,0.8400661614165128,-0.6992139108423234
2000-02-23 16:45:00.000000000,994,Jake,0.6374580759410489,-0.8927026239377329
2000-02-23 18:30:00.000000000,951,Jake,0.7242979502118492,0.13807181832987325
2000-02-23 19:30:00.000000000,999,Jake,-0.5216675314600727,-0.6047604863271463
2000-02-23 21:45:00.000000000,991,Jake,-0.6858664741124076,-0.3478641617226754
2000-02-23 22:00:00.000000000,1000,Jake,0.6132062254282744,0.5285214940691916
2000-02-23 23:15:00.000000000,1003,Jake,0.1452699666621291,-0.7630447306130606
2000-02-24 00:30:00.000000000,985,Jake,-0.616419311733748,-0.7018730123289141
2000-02-24 01:00:00.000000000,957,Jake,0.4101018337719984,0.35461055541870756
2000-02-24 02:00:00.000000000,1025,Jake,-0.21467492769749064,-0.22585884491208752
2000-02-24 04:00:00.000000000,939,Jake,0.11933656117483493,-0.056778771432813624
2000-02-24 05:30:00.000000000,1017,Jake,-0.493483899116981,0.4307973931722895
2000-02-24 09:30:00.000000000,999,Jake,-0.1388565844300813,-0.9333628033827137
2000-02-24 11:45:00.000000000,1040,Jake,-0.7420592819744691,0.916821159843465
2000-02-24 12:00:00.000000000,964,Jake,0.8496831164507233,0.5146712227149055
2000-02-24 13:00:00.000000000,953,Jake,-0.27030015077168934,-0.2511339825957062
2000-02-24 13:15:00.000000000,1022,Jake,-0.7304188094210229,0.6603921361128497
2000-02-24 19:15:00.000000000,994,Jake,0.8808067138701619,-0.46447106080580447
2000-02-24 19:30:00.000000000,1010,Jake,0.11155819251845212,-0.982425056383613
2000-02-24 21:15:00.000000000,1017,Jake,-0.22274166293527675,0.7340536373928814
2000-02-24 23:00:00.000000000,965,Jake,-0.047624825129425785,0.41922287457373164
2000-02-25 01:15:00.000000000,1029,Jake,0.14376524178677563,-0.6394330827464079
2000-02-25 02:15:00.000000000,937,Jake,-0.6395796750345144,0.8669709836091468
2000-02-25 03:30:00.000000000,964,Jake,0.9216718112066566,-0.6515367992064005
2000-02-25 03:45:00.000000000,970,Jake,-0.6269817087470877,-0.6388888773602721
2000-02-25 04:15:00.000000000,1023,Jake,0.8269633011605728,-0.06432573653113205
2000-02-25 05:15:00.000000000,1028,Jake,-0.8144949284727006,-0.6158997694118755
2000-02-25 06:15:00.000000000,1021,Jake,0.8880988348925507,-0.8882615916393168
2000-02-25 07:45:00.000000000,1004,Jake,0.5713419935175916,-0.6294720558905935
2000-02-25 08:45:00.000000000,1070,Jake,0.7016735073096518,0.09256171280633252
2000-02-25 09:45:00.000000000,961,Jake,-0.7052539011395518,-0.8508360024974682
2000-02-25 10:15:00.000000000,1038,Jake,-0.1697087371986732,0.37197567443423973
2000-02-25 11:00:00.000000000,951,Jake,0.6823901059323305,0.7362287901306104
2000-02-25 11:30:00.000000000,992,Jake,-0.5852329515646033,0.7727833375448339
2000-02-25 12:00:00.000000000,1029,Jake,-0.13608672678378686,-0.9666435101743085
2000-02-25 12:45:00.000000000,1024,Jake,-0.45744610719005085,0.7684353809331215
2000-02-25 13:15:00.000000000,1043,Jake,-0.5664262365039361,0.5916981444439016
2000-02-25 14:30:00.000000000,997,Jake,0.6655292018029222,-0.10721866633208155
2000-02-25 14:45:00.000000000,994,Jake,-0.7077799041052706,0.03258491759662485
2000-02-25 16:00:00.000000000,1004,Jake,-0.03823872595608746,0.16358497088179336
2000-02-25 16:30:00.000000000,1104,Jake,0.8720499458258191,0.8737556135060882
2000-02-25 20:15:00.000000000,1014,Jake,0.8037414231601867,-0.9171681829291145
2000-02-26 01:15:00.000000000,1067,Jake,0.18707451479225412,0.7559722112345262
2000-02-26 01:45:00.000000000,952,Jake,-0.3385665896739394,0.9466342616989625
2000-02-26 03:45:00.000000000,1002,Jake,-0.9761954048433858,0.9236159366969763
2000-02-26 04:15:00.000000000,1024,Jake,-0.8043130605857653,-0.5636525763473756
2000-02-26 05:45:00.000000000,1034,Jake,0.4116785221888959,0.08916769458967844
2000-02-26 06:00:00.000000000,1001,Jake,0.39177642136623736,0.2942590625137642
2000-02-26 07:00:00.000000000,979,Jake,-0.1539884663228428,0.5287419297682923
2000-02-26 09:30:00.000000000,1034,Jake,-0.13452869003780998,-0.23186216432293327
2000-02-26 10:45:00.000000000,985,Jake,-0.24034206814192483,-0.43599418080089913
2000-02-26 13:00:00.000000000,966,Jake,0.9289132056159877,0.008956744277417883
2000-02-26 14:00:00.000000000,1014,Jake,0.6000724123959915,0.32199540416374184
2000-02-26 15:15:00.000000000,974,Jake,-0.6341404049137065,-0.8282307327415876
2000-02-26 19:00:00.000000000,1015,Jake,-0.9996257862739042,0.02117911824069063
2000-02-26 22:30:00.000000000,1038,Jake,-0.27290692749044876,-0.5493973156344527
2000-02-26 22:45:00.000000000,955,Jake,0.952521227251999,0.6493858499995966
2000-02-26 23:30:00.000000000,1014,Jake,0.09084504048740438,0.7628721625440837
2000-02-26 23:45:00.000000000,996,Jake,0.7838678480549244,-0.24921320189574958
2000-02-27 00:15:00.000000000,1018,Jake,0.15906223726095337,0.6791705700166979
2000-02-27 02:00:00.000000000,1024,Jake,-0.46066903085556055,-0.2920005145378093
2000-02-27 03:30:00.000000000,1063,Jake,0.6721681706919069,-0.7259216877207617
2000-02-27 04:30:00.000000000,1008,Jake,0.6504110416328466,0.3512197131015171
2000-02-27 05:00:00.000000000,1008,Jake,-0.6703130208355061,-0.9546172882005572
2000-02-27 05:45:00.000000000,1041,Jake,-0.12444412152910056,-0.7675525915168022
2000-02-27 06:00:00.000000000,984,Jake,0.31057664751351544,0.7616920868007198
2000-02-27 06:30:00.000000000,1030,Jake,-0.9818661680048839,0.8395730886197539
2000-02-27 11:15:00.000000000,1016,Jake,0.8581327979531266,0.8432649567579227
2000-02-27 15:30:00.000000000,1021,Jake,-0.5638817750431167,-0.853126631941086
2000-02-27 17:00:00.000000000,1045,Jake,0.8203798240092162,0.5167185339528693
2000-02-27 18:30:00.000000000,1000,Jake,-0.06143553348851327,-0.04993095342012577
2000-02-27 20:00:00.000000000,1061,Jake,0.6660970998773523,-0.016340727835994606
2000-02-27 20:15:00.000000000,985,Jake,-0.20846845326646068,-0.16918086367924334
2000-02-27 20:30:00.000000000,981,Jake,0.775200190284868,0.7361885884418133
2000-02-27 23:30:00.000000000,1014,Jake,0.4127445337386699,-0.6893791593092962
2000-02-28 01:30:00.000000000,948,Jake,0.4947768447783292,0.9634646907090134
2000-02-28 03:00:00.000000000,983,Jake,0.3429521881969402,-0.45616008977346123
2000-02-28 04:45:00.000000000,1025,Jake,-0.2439772748565332,0.044820693924669586
2000-02-28 06:45:00.000000000,993,Jake,-0.8983182503669696,-0.8648743185220733
2000-02-28 07:30:00.000000000,1052,Jake,0.6130803206551219,-0.5478862469862789
2000-02-28 10:30:00.000000000,1023,Jake,0.7223951120741712,0.37010835598124014
2000-02-28 12:00:00.000000000,997,Jake,-0.7333585818627368,-0.8596720148767565
2000-02-28 12:30:00.000000000,970,Jake,-0.5403035257614879,-0.4808256060267948
2000-02-28 12:45:00.000000000,1014,Jake,-0.39867232268151276,0.5268092881225925
2000-02-28 15:30:00.000000000,1032,Jake,0.5798865140403413,-0.8591800756000965
2000-02-28 17:30:00.000000000,1011,Jake,0.6838135790589155,0.7756226713824885
2000-02-28 18:15:00.000000000,989,Jake,-0.8959856321949078,-0.23074510405202253
2000-02-28 23:00:00.000000000,998,Jake,-0.8275607839631249,0.17901646034272045
2000-02-29 04:00:00.000000000,1003,Jake,-0.8345072643459723,-0.856171468373162
2000-02-29 08:00:00.000000000,1017,Jake,0.45738917189646644,0.3766014118959997
2000-02-29 09:30:00.000000000,942,Jake,0.7527972989792067,-0.7808676391378186
2000-02-29 10:15:00.000000000,973,Jake,-0.12499058127890117,0.5268323425019925
2000-02-29 11:15:00.000000000,1051,Jake,-0.4907524070128897,0.7405839204106137
2000-02-29 12:00:00.000000000,1003,Jake,0.49356882562016646,-0.142424638406343
2000-02-29 12:15:00.000000000,999,Jake,0.3851679393376646,-0.7187646836152639
2000-02-29 13:15:00.000000000,1050,Jake,0.46359671910446454,-0.6786638909110501
2000-02-29 13:30:00.000000000,983,Jake,0.8953121490125562,-0.015355650349076821
2000-02-29 15:30:00.000000000,989,Jake,0.46725023170107116,-0.5950013857580634
2000-02-29 16:15:00.000000000,990,Jake,-0.9438769061021746,-0.9326610717057482
2000-02-29 16:45:00.000000000,1028,Jake,0.5787953118219573,0.6078628642424913
2000-02-29 17:30:00.000000000,1050,Jake,-0.2854011513585837,0.25667176238194034
2000-02-29 19:30:00.000000000,996,Jake,-0.852270637521916,0.9673206962030882
2000-02-29 20:30:00.000000000,968,Jake,0.7379455110740614,-0.5493247030822948
2000-02-29 20:45:00.000000000,979,Jake,0.14412584431416775,-0.08729065417603032
2000-02-29 22:00:00.000000000,1011,Jake,0.17657856559994234,0.3980772918066162
2000-02-29 22:30:00.000000000,979,Jake,0.4858684662689692,-0.7455401764716687
2000-03-01 00:00:00.000000000,1002,Jake,-0.5686179382457119,0.9382407487928723
2000-03-01 00:15:00.000000000,954,Jake,-0.155885186283111,-0.9541393434527878
2000-03-01 00:45:00.000000000,995,Jake,0.40929654272103244,0.30163012507626963
2000-03-01 06:30:00.000000000,994,Jake,0.9928127399998612,-0.07427972890665013
2000-03-01 09:00:00.000000000,978,Jake,0.04825464536921342,0.38673849604549715
2000-03-01 09:15:00.000000000,1034,Jake,0.4594561861008586,0.5571661571755495
2000-03-01 14:15:00.000000000,986,Jake,-0.10598784817818796,-0.377635602992354
2000-03-01 15:15:00.000000000,983,Jake,-0.24977263836936614,0.6090930889339838
2000-03-01 17:00:00.000000000,1048,Jake,-0.4960324482311249,0.574834090920928
2000-03-01 20:00:00.000000000,986,Jake,-0.7880193783971252,-0.9194654512702438
2000-03-01 20:15:00.000000000,1004,Jake,0.9322248111257876,0.5911400064449546
2000-03-01 20:45:00.000000000,940,Jake,-0.28964856555699825,-0.7508553355971117
2000-03-01 21:00:00.000000000,999,Jake,0.342033804025041,0.2842501815701193
2000-03-02 00:30:00.000000000,913,Jake,-0.16491786441394507,0.9437583226652604
2000-03-02 02:45:00.000000000,1003,Jake,-0.20408783321974489,-0.39886701185700346
2000-03-02 03:45:00.000000000,1020,Jake,-0.6263739967637807,0.9159356432717467
2000-03-02 05:00:00.000000000,1039,Jake,-0.47596984738711523,0.5955361254092153
2000-03-02 05:30:00.000000000,1001,Jake,-0.44611934651693796,-0.7527365443905318
2000-03-02 09:45:00.000000000,1000,Jake,-0.16752578141828756,-0.11628859847169215
2000-03-02 10:30:00.000000000,1014,Jake,0.18960582325907005,0.16882766250402703
2000-03-02 11:00:00.000000000,1035,Jake,-0.3545785879402126,-0.09481431819948538
2000-03-02 12:15:00.000000000,1009,Jake,0.7396280831768542,0.8227208511855573
2000-03-02 14:45:00.000000000,1007,Jake,0.8056561753490359,0.3640294239942212
2000-03-02 15:45:00.000000000,991,Jake,-0.19368851604655113,0.9343740448925482
2000-03-02 16:45:00.000000000,988,Jake,0.6215958714007337,0.87588951635531
2000-03-02 18:30:00.000000000,986,Jake,-0.24086058209634387,-0.2637702173498402
2000-03-02 18:45:00.000000000,1008,Jake,-0.6322622586296018,0.9936787836902452
2000-03-02 19:45:00.000000000,1005,Jake,0.030790110126245773,-0.7146402027130614
2000-03-02 20:45:00.000000000,1020,Jake,-0.8829025300802062,-0.10251486662162934
2000-03-02 21:00:00.000000000,1019,Jake,-0.4834376574227537,-0.44045853877725083
2000-03-03 01:00:00.000000000,1016,Jake,-0.016234940160844147,0.8561489344457209
2000-03-03 03:00:00.000000000,955,Jake,-0.5086652221693417,-0.6942750851533859
2000-03-03 04:00:00.000000000,1015,Jake,-0.21726283566096538,-0.4420932188160924
2000-03-03 05:45:00.000000000,956,Jake,-0.7334914448435379,0.8891114820022126
2000-03-03 06:30:00.000000000,979,Jake,-0.42005249261202593,-0.5463524614372701
2000-03-03 06:45:00.000000000,983,Jake,-0.5124604905338086,0.4684117663961378
2000-03-03 10:15:00.000000000,938,Jake,0.9191294664073992,0.32910959490002933
2000-03-03 10:30:00.000000000,1006,Jake,-0.28249854628905946,-0.6603899639162771
2000-03-03 12:45:00.000000000,997,Jake,-0.015635316473927796,-0.9762392962542867
2000-03-03 15:00:00.000000000,1017,Jake,0.9225111018436245,0.10945323970712861
2000-03-03 16:15:00.000000000,994,Jake,0.975946773701043,0.276965297440084
2000-03-03 17:45:00.000000000,987,Jake,0.7567173440936235,-0.965857063704981
2000-03-03 18:15:00.000000000,1001,Jake,0.46885358129675403,-0.8954813243713398
2000-03-03 18:45:00.000000000,1030,Jake,0.8115879953460341,-0.7244090899581808
2000-03-03 20:15:00.000000000,962,Jake,0.47162156039739833,-0.8930963265374636
2000-03-03 22:00:00.000000000,984,Jake,-0.13330301573459669,-0.14499394266063126
2000-03-03 23:00:00.000000000,1086,Jake,-0.70769530811709,0.09729910083924054
2000-03-04 00:15:00.000000000,990,Jake,-0.05735796423348116,0.1548988532747213
2000-03-04 00:30:00.000000000,1026,Jake,0.9223168338990342,-0.5231227572684967
2000-03-04 02:00:00.000000000,961,Jake,-0.27961165904593144,0.007559656222104083
2000-03-04 02:30:00.000000000,1024,Jake,0.48321019304229984,0.4642129275196427
2000-03-04 02:45:00.000000000,988,Jake,0.5460601756209256,-0.8500015561612317
2000-03-04 05:00:00.000000000,977,Jake,0.360233203596507,-0.7943893747445332
2000-03-04 05:30:00.000000000,1043,Jake,0.5077589753544085,0.47271510665928274
2000-03-04 13:00:00.000000000,977,Jake,-0.3197298868226679,0.8279771029098597
2000-03-04 14:15:00.000000000,1018,Jake,0.7886561591997419,0.8359836857152523
2000-03-04 17:45:00.000000000,1006,Jake,-0.1354406404063513,-0.47080006593804336
2000-03-04 19:00:00.000000000,967,Jake,-0.028424358693076357,0.42308367896171806
2000-03-04 21:00:00.000000000,964,Jake,-0.015823698327841917,-0.19926278732391078
2000-03-04 22:30:00.000000000,944,Jake,0.09634416921608513,-0.1532424996375623
2000-03-05 00:00:00.000000000,1006,Jake,-0.9482493350700456,-0.6679367958298668
2000-03-05 00:45:00.000000000,1023,Jake,-0.1132467624192024,0.9331219524920875
2000-03-05 01:00:00.000000000,1034,Jake,-0.856964631470281,0.18201866830999736
2000-03-05 01:30:00.000000000,1043,Jake,0.020527315901218257,-0.08521429725887297
2000-03-05 03:15:00.000000000,1021,Jake,0.818533944023913,-0.11886788241741231
2000-03-05 06:00:00.000000000,1005,Jake,0.03723540641540879,0.918419497280722
2000-03-05 07:00:00.000000000,991,Jake,-0.3937486314820202,0.8995768254905288
2000-03-05 07:15:00.000000000,1029,Jake,0.07011110867757053,-0.08343358300567139
2000-03-05 08:30:00.000000000,976,Jake,-0.8149057899996908,-0.5982308346357337
2000-03-05 13:00:00.000000000,958,Jake,0.297707122546506,-0.2542487537779714
2000-03-05 16:45:00.000000000,1024,Jake,-0.6649236768240427,0.929691168299845
2000-03-05 17:15:00.000000000,969,Jake,-0.17701391180036907,-0.345541709932746
2000-03-05 17:45:00.000000000,991,Jake,-0.7654798772242131,0.7005658340754966
2000-03-05 19:15:00.000000000,956,Jake,-0.7622060043098067,-0.9970961992729102
2000-03-05 23:15:00.000000000,969,Jake,-0.8332851895954227,0.18540758825201653
2000-03-05 23:45:00.000000000,1040,Jake,-0.8170410640457682,0.33496428669471023
2000-03-06 01:15:00.000000000,946,Jake,-0.7709526474424024,0.36584423124472365
2000-03-06 02:30:00.000000000,1032,Jake,-0.15079049410221268,-0.18467929964952345
2000-03-06 04:45:00.000000000,981,Jake,0.8248291520061755,0.5273765921395623
2000-03-06 06:30:00.000000000,1002,Jake,0.9895605308744877,-0.5799854443902743
2000-03-06 09:15:00.000000000,1049,Jake,0.16614637428079648,0.8364085141910447
2000-03-06 10:30:00.000000000,960,Jake,0.7752372593351442,-0.9335971799438132
2000-03-06 10:45:00.000000000,1001,Jake,-0.6371012481817508,-0.8234610511621576
2000-03-06 17:00:00.000000000,989,Jake,0.25666981309421844,0.0436189142316763
2000-03-06 17:15:00.000000000,1008,Jake,0.3049604848605534,-0.9078202441822991
2000-03-06 19:15:00.000000000,980,Jake,0.485430503338921,-0.5566085448380775
2000-03-06 19:45:00.000000000,1022,Jake,-0.7862279444469851,0.1992922905972183
2000-03-06 20:15:00.000000000,1027,Jake,-0.4957139757961595,-0.06584198031224653
2000-03-06 20:30:00.000000000,977,Jake,0.4897913383038208,-0.04344769002150617
2000-03-06 21:30:00.000000000,959,Jake,-0.22342346078450093,-0.4847120807289813
2000-03-07 00:15:00.000000000,1006,Jake,-0.8528896290604953,-0.47760969165597666
2000-03-07 02:45:00.000000000,1004,Jake,0.7435908565157354,-0.4653536962767699
2000-03-07 05:00:00.000000000,925,Jake,0.4773357524706867,-0.38545317780852906
2000-03-07 05:45:00.000000000,1005,Jake,-0.2168404018986696,0.42734797273459724
2000-03-07 07:15:00.000000000,976,Jake,0.33849098627297636,0.754049704852491
2000-03-07 09:15:00.000000000,973,Jake,0.20759782431593754,-0.8513498690991832
2000-03-07 11:15:00.000000000,1011,Jake,0.5704451588648769,-0.7954704842287703
2000-03-07 12:30:00.000000000,974,Jake,0.01947951833162942,0.4615095303984891
2000-03-07 12:45:00.000000000,996,Jake,0.4376776913219069,0.18229479597663767
2000-03-07 14:45:00.000000000,1034,Jake,0.04440541863363645,-0.9374845823510942
2000-03-07 15:15:00.000000000,1006,Jake,0.7272712122980745,-0.1137971989623785
2000-03-07 16:15:00.000000000,1012,Jake,0.16322579612887433,-0.486671683340667
2000-03-07 16:45:00.000000000,1001,Jake,-0.8521044461828509,0.4811811141825395
2000-03-07 17:45:00.000000000,989,Jake,-0.8460229749961823,0.42405639304203024
2000-03-07 18:30:00.000000000,1027,Jake,-0.10313476274587319,-0.044711138599332845
2000-03-07 18:45:00.000000000,1008,Jake,0.4127975266795081,0.890251471246922
2000-03-07 19:30:00.000000000,1004,Jake,-0.3722146272972109,0.07089145928478513
2000-03-07 20:15:00.000000000,1007,Jake,-0.4125544106331114,-0.7480005552345861
2000-03-07 22:30:00.000000000,996,Jake,-0.051087103601019646,-0.3058361503685132
2000-03-07 22:45:00.000000000,953,Jake,-0.5361793960040753,-0.154434778218965
2000-03-07 23:30:00.000000000,1009,Jake,-0.768421209105941,0.8965741739044624
2000-03-08 00:15:00.000000000,1012,Jake,0.7929459623546147,0.32275600487571676
2000-03-08 02:00:00.000000000,979,Jake,0.8645883106459511,-0.16521018686239053
2000-03-08 08:15:00.000000000,1052,Jake,0.58816889730323,0.8610697398181291
2000-03-08 09:45:00.000000000,995,Jake,0.8057456554874984,0.9429173887297595
2000-03-08 11:30:00.000000000,986,Jake,-0.3666547472347814,0.5993669123711935
2000-03-08 11:45:00.000000000,1018,Jake,-0.8448196829489034,0.9526330779482501
2000-03-08 12:00:00.000000000,961,Jake,-0.282454097728988,0.24243526343592348
2000-03-08 14:00:00.000000000,1014,Jake,-0.3139859613804197,-0.7654000080129737
2000-03-08 14:45:00.000000000,986,Jake,0.7008956630522785,-0.5538364456551974
2000-03-08 15:00:00.000000000,1040,Jake,-0.8884030382746702,0.418851574248134
2000-03-08 15:15:00.000000000,1084,Jake,-0.10989175732489764,-0.07156394520238751
2000-03-08 16:00:00.000000000,1000,Jake,-0.3181718208081423,0.731740962501461
2000-03-08 16:15:00.000000000,969,Jake,-0.6939661328928832,0.5836617539261135
2000-03-08 17:15:00.000000000,989,Jake,0.2574684046014759,0.8977642658040075
2000-03-08 18:15:00.000000000,1003,Jake,0.3818060874501519,-0.8302892458732634
2000-03-08 18:45:00.000000000,979,Jake,0.0515831049174742,-0.8197032671438707
2000-03-08 20:30:00.000000000,1040,Jake,0.5673547246948003,0.04148581579381294
2000-03-08 20:45:00.000000000,1016,Jake,-0.5046440674526069,-0.32101599982206985
2000-03-08 21:45:00.000000000,1068,Jake,0.040338787555800115,0.9352098882624797
2000-03-09 00:45:00.000000000,1065,Jake,-0.9038228992610222,-0.16461625852436823
2000-03-09 05:30:00.000000000,956,Jake,-0.5465281690908563,-0.08425557047598242
2000-03-09 10:00:00.000000000,989,Jake,0.0776091657247362,0.14129460787624604
2000-03-09 10:45:00.000000000,968,Jake,0.962349936947136,-0.6623870442529414
2000-03-09 12:15:00.000000000,979,Jake,-0.2761519027143242,-0.07264605667755175
2000-03-09 17:30:00.000000000,1024,Jake,-0.5148900151264855,-0.1496443315503413
2000-03-09 17:45:00.000000000,994,Jake,-0.8715401103849387,0.2861615410499969
2000-03-09 19:00:00.000000000,998,Jake,0.7134269102225126,-0.0020426156553445818
2000-03-09 20:00:00.000000000,975,Jake,0.15860911881008022,0.05428777119429862
2000-03-09 20:30:00.000000000,999,Jake,0.09660731680166346,-0.43656661714735634
2000-03-10 01:45:00.000000000,985,Jake,0.8947009942470261,0.9406504687786064
2000-03-10 04:15:00.000000000,944,Jake,0.4730299345355964,0.21785312250995692
2000-03-10 04:45:00.000000000,1010,Jake,-0.9471305942053032,0.9274623544731233
2000-03-10 07:30:00.000000000,986,Jake,-0.8704440447143105,0.5589793594854311
2000-03-10 08:15:00.000000000,935,Jake,-0.9672508514381968,0.9990277530872207
2000-03-10 10:30:00.000000000,969,Jake,0.4570854937862534,0.2420626119242335
2000-03-10 10:45:00.000000000,994,Jake,-0.5829015993897544,-0.8937860715623773
2000-03-10 14:15:00.000000000,1012,Jake,0.4945606617163951,0.01578138064877832
2000-03-10 15:00:00.000000000,996,Jake,0.13408449730328376,-0.14217643707411987
2000-03-10 15:45:00.000000000,972,Jake,0.37049322493199477,0.9832166668148856
2000-03-10 19:45:00.000000000,1032,Jake,0.06649169115447329,-0.8123851773335566
2000-03-10 20:30:00.000000000,959,Jake,-0.1962150242187386,0.17002797462751817
2000-03-10 22:15:00.000000000,993,Jake,0.6133044980840416,0.39209740233889967
2000-03-11 02:15:00.000000000,962,Jake,0.7170981919508077,-0.838408534665164
2000-03-11 03:30:00.000000000,1057,Jake,-0.04015516393390128,-0.8115069432291022
2000-03-11 04:00:00.000000000,965,Jake,-0.08868378416538647,0.3473641708636064
2000-03-11 05:30:00.000000000,1010,Jake,-0.2836642962757665,0.7058016608136817
2000-03-11 05:45:00.000000000,1015,Jake,-0.7782705950856865,-0.6330498973290843
2000-03-11 08:30:00.000000000,990,Jake,-0.772441101533726,-0.9997086792385126
2000-03-11 10:45:00.000000000,1040,Jake,0.9795730541489256,-0.29728325725623095
2000-03-11 11:00:00.000000000,979,Jake,-0.19796692392577686,-0.6072716101753897
2000-03-11 12:30:00.000000000,1043,Jake,-0.619466851416413,-0.5242966731275049
2000-03-11 15:15:00.000000000,997,Jake,-0.9476163983030719,-0.8334589898006519
2000-03-11 18:00:00.000000000,1019,Jake,0.8805570787819781,-0.2169150749281079
2000-03-11 18:15:00.000000000,985,Jake,-0.23329718653552245,0.33533594847952886
2000-03-11 19:15:00.000000000,1011,Jake,0.011640433834742225,0.9155899493972897
2000-03-11 21:00:00.000000000,1012,Jake,0.10488453813883059,0.7295985231160056
2000-03-11 21:45:00.000000000,1006,Jake,0.09885462032713366,-0.6335045582573808
2000-03-11 23:15:00.000000000,1039,Jake,0.9197771037939935,-0.8759332790854353
2000-03-12 02:00:00.000000000,1017,Jake,-0.6165563780513208,-0.39876092599275226
2000-03-12 03:30:00.000000000,974,Jake,0.9996467241742835,0.08272152011556377
2000-03-12 03:45:00.000000000,1021,Jake,-0.8949526645203336,0.4324102980558733
2000-03-12 04:30:00.000000000,973,Jake,-0.5533314959927325,0.6757434472832855
2000-03-12 05:30:00.000000000,985,Jake,0.1863411499316041,-0.8680476406132238
2000-03-12 06:15:00.000000000,1004,Jake,0.755856815988768,0.5659579898527538
2000-03-12 07:00:00.000000000,1035,Jake,-0.007425980516055031,0.05453509387567146
2000-03-12 09:15:00.000000000,986,Jake,0.4984038063638849,-0.5741099973682804
2000-03-12 10:30:00.000000000,1002,Jake,0.9837561318693575,-0.8741581690891613
2000-03-12 15:45:00.000000000,987,Jake,0.4971592801619924,-0.24089714932329986
2000-03-12 16:45:00.000000000,990,Jake,0.751611478373126,-0.12075308442938937
2000-03-12 17:00:00.000000000,971,Jake,-0.33893965417564065,-0.039537327866004945
2000-03-12 17:30:00.000000000,961,Jake,0.928987873075759,0.9377401043253395
2000-03-12 19:15:00.000000000,994,Jake,-0.824554741773005,-0.30439601607101885
2000-03-13 04:00:00.000000000,1034,Jake,-0.5315102626385875,0.5040030638978217
2000-03-13 04:15:00.000000000,1033,Jake,0.2266697359272536,0.22167906360233003
2000-03-13 07:00:00.000000000,1001,Jake,-0.32809390574645403,0.8661267703596252
2000-03-13 09:45:00.000000000,1002,Jake,0.3007591464856738,-0.25399014561293676
2000-03-13 10:15:00.000000000,1061,Jake,0.9681053670262874,0.09549804711073206
2000-03-13 12:45:00.000000000,963,Jake,-0.422019682849301,0.9892043963452868
2000-03-13 14:45:00.000000000,959,Jake,-0.1863097953930879,-0.9581796780613876
2000-03-13 18:15:00.000000000,982,Jake,-0.9842994488120271,-0.20788906362954407
2000-03-13 20:30:00.000000000,1018,Jake,-0.6588821262685538,0.029693584437009646
2000-03-13 22:15:00.000000000,1004,Jake,0.6745387955116686,0.9156229791981334
2000-03-14 00:15:00.000000000,960,Jake,-0.17751419029388815,0.7639508957469312
2000-03-14 02:00:00.000000000,1007,Jake,-0.5602578964111029,0.9177573047283507
2000-03-14 02:15:00.000000000,994,Jake,0.09921759073813052,0.5488271852255486
2000-03-14 06:45:00.000000000,1006,Jake,-0.08541808164203091,-0.04999035946924679
2000-03-14 08:15:00.000000000,1017,Jake,0.16642825880917123,-0.20191963496634413
2000-03-14 08:30:00.000000000,956,Jake,-0.12414996076229134,-0.649741928563863
2000-03-14 09:00:00.000000000,1008,Jake,0.9349668678607947,0.4689200106422009
2000-03-14 09:15:00.000000000,972,Jake,-0.9502308117684872,-0.24604947500195662
2000-03-14 09:30:00.000000000,981,Jake,-0.5210186381910615,-0.4400454874215556
2000-03-14 09:45:00.000000000,977,Jake,0.4850025174639596,0.3927608843387116
2000-03-14 10:15:00.000000000,1002,Jake,-0.16928673300349595,0.5798835266767335
2000-03-14 12:00:00.000000000,1054,Jake,0.44286346271550636,0.9540902992073919
2000-03-14 13:15:00.000000000,976,Jake,-0.7316411790928612,0.49517465450930875
2000-03-14 14:45:00.000000000,994,Jake,-0.3169080726915483,0.5544868828512195
2000-03-14 15:15:00.000000000,1051,Jake,0.5410943917781008,0.23514824559937253
2000-03-14 17:15:00.000000000,1027,Jake,0.040734003453270606,0.6788828059710046
2000-03-14 18:45:00.000000000,963,Jake,0.5004858132020129,-0.27966832980349765
2000-03-14 19:30:00.000000000,999,Jake,-0.42908905615258974,-0.3317528410563064
2000-03-14 21:15:00.000000000,1004,Jake,0.975945248409303,-0.17549593072075753
2000-03-14 22:00:00.000000000,994,Jake,-0.4641682581146569,0.7224618560192504
2000-03-14 23:00:00.000000000,990,Jake,0.23681659822605794,0.5855045608918557
2000-03-14 23:15:00.000000000,1045,Jake,0.7049230515145037,-0.7805412123904403
2000-03-15 00:00:00.000000000,1013,Jake,0.04527923287341551,0.23852815479615552
2000-03-15 01:15:00.000000000,1026,Jake,-0.16203003526675475,0.9093191610952536
2000-03-15 01:30:00.000000000,960,Jake,0.6416838238446883,0.6930413285713879
2000-03-15 04:00:00.000000000,1032,Jake,0.9829585675929522,-0.14900712572500008
2000-03-15 04:15:00.000000000,974,Jake,-0.5021297111483243,0.8894572331372856
2000-03-15 06:00:00.000000000,968,Jake,-0.7383255195779921,0.8776568355285661
2000-03-15 10:30:00.000000000,947,Jake,-0.34313733164554816,-0.5542365649345529
2000-03-15 10:45:00.000000000,1026,Jake,0.9305111691945185,0.012469953222349783
2000-03-15 12:00:00.000000000,985,Jake,0.9487249023716051,-0.39573390667933994
2000-03-15 13:30:00.000000000,950,Jake,0.7883131696034889,-0.5474221254521472
2000-03-15 17:00:00.000000000,1048,Jake,0.9643752039746272,0.49144138177645846
2000-03-15 17:30:00.000000000,1030,Jake,-0.16209347912991334,0.23921917896116263
2000-03-15 21:30:00.000000000,1049,Jake,-0.3908852897026962,0.9708242566808427
2000-03-15 22:00:00.000000000,1020,Jake,0.20849369250341643,0.10776634305298916
2000-03-15 22:45:00.000000000,988,Jake,-0.26113658354352,-0.20018983527679324
2000-03-16 08:30:00.000000000,970,Jake,0.0481013247463935,0.25848659413292085
2000-03-16 09:15:00.000000000,970,Jake,0.10754770097796373,-0.16959947819072196
2000-03-16 09:30:00.000000000,954,Jake,0.2181491904632189,-0.6734200914538471
2000-03-16 09:45:00.000000000,1047,Jake,-0.20240172898578623,-0.04066123503344343
2000-03-16 10:15:00.000000000,993,Jake,-0.7787590182389625,-0.48758065815817786
2000-03-16 11:30:00.000000000,1002,Jake,0.02861764065578809,-0.16426226137509392
2000-03-16 12:15:00.000000000,1006,Jake,0.050973065220182745,0.3170227998780264
2000-03-16 13:00:00.000000000,1009,Jake,0.4690151391670896,-0.8814286649816645
2000-03-16 13:30:00.000000000,983,Jake,-0.04166294764140788,-0.6353760618352651
2000-03-16 14:30:00.000000000,1023,Jake,0.33187539302926794,0.6193011969415714
2000-03-16 15:00:00.000000000,1059,Jake,-0.42815925956807455,-0.32383802160387565
2000-03-16 16:30:00.000000000,1026,Jake,-0.12131964021591757,0.7359986861658234
2000-03-16 19:15:00.000000000,970,Jake,0.06206685261505607,-0.6870420211774828
2000-03-16 21:00:00.000000000,1035,Jake,-0.7710856571569351,-0.2277008894429875
2000-03-16 23:00:00.000000000,973,Jake,-0.83742680689348,-0.8652774149687832
2000-03-16 23:30:00.000000000,999,Jake,-0.09584439804137612,0.8727286067492677
2000-03-16 23:45:00.000000000,968,Jake,-0.3258752349494136,-0.69533593762099
2000-03-17 05:15:00.000000000,1003,Jake,-0.32718489809091467,-0.07406274723739803
2000-03-17 05:30:00.000000000,1004,Jake,-0.6186346274285932,-0.22291307867025334
2000-03-17 05:45:00.000000000,942,Jake,-0.09225682149012004,0.09955765714054143
2000-03-17 07:30:00.000000000,979,Jake,-0.5077988466584598,-0.0066684430758878754
2000-03-17 09:00:00.000000000,1018,Jake,-0.4311149693473668,-0.5387180254005384
2000-03-17 10:00:00.000000000,989,Jake,0.9128069569465871,-0.7788321506784011
2000-03-17 10:30:00.000000000,996,Jake,-0.8312888958124804,0.49218962065377325
2000-03-17 11:45:00.000000000,998,Jake,0.3089240186963873,-0.22301044114075408
2000-03-17 12:00:00.000000000,1021,Jake,-0.9220041393420848,-0.6281321330959406
2000-03-17 13:15:00.000000000,977,Jake,0.29953840033288404,-0.21066663824225285
2000-03-17 14:30:00.000000000,1055,Jake,-0.9750958302814376,0.5360863242056977
2000-03-17 15:00:00.000000000,984,Jake,-0.06863862183039693,-0.8163699371151891
2000-03-17 16:30:00.000000000,963,Jake,0.31531183504010274,-0.772085659864836
2000-03-17 16:45:00.000000000,1021,Jake,-0.0472917228710632,0.759972284413821
2000-03-17 19:45:00.000000000,988,Jake,0.4129914434830899,-0.3323311597415284
2000-03-18 03:00:00.000000000,1039,Jake,0.6994507633377385,0.5578029714446231
2000-03-18 04:15:00.000000000,1003,Jake,0.7953401746684372,0.64119615455117
2000-03-18 04:45:00.000000000,1008,Jake,0.05754726900707663,0.9991007020679836
2000-03-18 06:45:00.000000000,1038,Jake,-0.491255559693462,-0.7235794295313454
2000-03-18 07:00:00.000000000,984,Jake,0.5200025533032593,-0.9646709046044102
2000-03-18 07:45:00.000000000,1052,Jake,0.1582657173335802,-0.8369356851381153
2000-03-18 08:15:00.000000000,1025,Jake,0.4933632523001188,0.012244927879099476
2000-03-18 10:00:00.000000000,1002,Jake,-0.5824206875869229,-0.795423305324163
2000-03-18 11:00:00.000000000,1023,Jake,0.7579708808588415,0.13609539705637674
2000-03-18 12:00:00.000000000,1064,Jake,-0.8180923094502563,0.21097857164041334
2000-03-18 16:00:00.000000000,1029,Jake,-0.011172698729778663,0.7575998813143094
2000-03-18 16:30:00.000000000,973,Jake,0.46335628566626164,-0.05046613746087636
2000-03-18 18:15:00.000000000,951,Jake,-0.18890087927799293,-0.590975828295996
2000-03-18 20:15:00.000000000,1017,Jake,-0.632437478026767,-0.8508722640429873
2000-03-18 22:45:00.000000000,1014,Jake,-0.23664467601254202,-0.31251585386104086
2000-03-18 23:30:00.000000000,1022,Jake,-0.9823487042933874,0.4939596708868448
2000-03-19 01:15:00.000000000,990,Jake,-0.5960583814929579,0.5488604297472999
2000-03-19 04:00:00.000000000,1053,Jake,-0.31006673969310805,-0.3561519087486369
2000-03-19 06:00:00.000000000,988,Jake,-0.5636930579916739,-0.5121514086372243
2000-03-19 09:00:00.000000000,969,Jake,-0.30695421223638664,-0.3320610499360275
2000-03-19 10:00:00.000000000,971,Jake,0.5546897572833087,0.3992700557436413
2000-03-19 11:30:00.000000000,1007,Jake,-0.9101274752340776,0.8017973559924612
2000-03-19 12:15:00.000000000,971,Jake,0.3520232118351494,0.7380737722752087
2000-03-19 13:45:00.000000000,1001,Jake,-0.8911878615926543,-0.01620309942435938
2000-03-19 15:15:00.000000000,987,Jake,-0.8605144400721514,0.7899362843261122
2000-03-19 16:30:00.000000000,997,Jake,0.2617011689573152,-0.23931606311990228
2000-03-19 21:15:00.000000000,995,Jake,0.5861662765558384,0.40913712005391845
2000-03-19 21:45:00.000000000,958,Jake,-0.008781793111537928,0.5838423065362226
2000-03-19 23:00:00.000000000,1013,Jake,-0.24533295617281614,0.18793729018658012
2000-03-20 00:30:00.000000000,967,Jake,0.30450721426897687,-0.7712960633594701
2000-03-20 02:15:00.000000000,1020,Jake,0.8359208935364959,-0.4599858166703392
2000-03-20 03:00:00.000000000,958,Jake,-0.5589466429437919,-0.5932046561854132
2000-03-20 03:45:00.000000000,958,Jake,0.06664338943122217,0.3580698168150136
2000-03-20 05:15:00.000000000,1003,Jake,-0.716025879719967,0.6276867735754401
2000-03-20 07:45:00.000000000,971,Jake,-0.9926904518698534,0.9234153703811336
2000-03-20 15:00:00.000000000,1005,Jake,-0.5848585712644039,-0.697770554127676
2000-03-20 16:00:00.000000000,968,Jake,-0.1604373881271699,0.5339765146507729
2000-03-20 16:30:00.000000000,1017,Jake,0.41223263650740294,0.8744940285661336
2000-03-20 17:30:00.000000000,1006,Jake,-0.35442102449004387,0.40283946454861885
2000-03-20 17:45:00.000000000,1043,Jake,-0.37682226826925547,-0.7462516757710644
2000-03-20 19:00:00.000000000,1067,Jake,-0.6793749295273697,-0.04773065916374164
2000-03-20 22:30:00.000000000,988,Jake,-0.48473970478536965,-0.21113545562635516
2000-03-21 01:15:00.000000000,981,Jake,0.46829254457701963,0.28980331548311233
2000-03-21 02:00:00.000000000,1009,Jake,0.7268728180270094,-0.20349030208134056
2000-03-21 02:45:00.000000000,957,Jake,0.7623346984237218,0.9032710650660734
2000-03-21 05:00:00.000000000,989,Jake,-0.5841162573801948,0.09189213315046785
2000-03-21 05:15:00.000000000,1076,Jake,0.4621038754832878,-0.5787068516082166
2000-03-21 05:45:00.000000000,999,Jake,-0.9032923180164336,0.6524437487712493
2000-03-21 07:45:00.000000000,1010,Jake,0.4914851571780223,0.019691270753742218
2000-03-21 09:45:00.000000000,995,Jake,0.30464817454782156,0.5056995198783725
2000-03-21 12:15:00.000000000,996,Jake,-0.8681565341450557,-0.9925813827824459
2000-03-21 14:15:00.000000000,994,Jake,-0.03423754667950041,0.8421399804771272
2000-03-21 16:00:00.000000000,979,Jake,0.993305338013478,0.2426262373034056
2000-03-21 17:30:00.000000000,1037,Jake,-0.878743851893012,0.9656161563756516
2000-03-21 18:45:00.000000000,1026,Jake,-0.7688110133234218,-0.8440760250992332
2000-03-21 19:15:00.000000000,972,Jake,-0.06181970795912006,0.3343110961529452
2000-03-21 20:00:00.000000000,1019,Jake,0.12055736987254062,-0.862182461066848
2000-03-21 21:15:00.000000000,964,Jake,0.5418562068184503,-0.050105887060380994
2000-03-21 23:30:00.000000000,945,Jake,0.9696240070628748,0.5243235513283062
2000-03-22 02:15:00.000000000,976,Jake,-0.9134524396700336,0.1873170498887442
2000-03-22 02:45:00.000000000,997,Jake,0.6248081664688512,-0.0030015155258003023
2000-03-22 03:30:00.000000000,1015,Jake,-0.9211268659673066,0.4682993592562934
2000-03-22 03:45:00.000000000,1043,Jake,-0.4881100689962632,-0.8059267645071562
2000-03-22 05:15:00.000000000,1022,Jake,-0.7663568838209174,-0.6975896476472401
2000-03-22 07:15:00.000000000,1028,Jake,-0.6027256454135441,0.2589937888265894
2000-03-22 08:45:00.000000000,976,Jake,0.1369836602118526,0.04800502946788976
2000-03-22 09:30:00.000000000,1000,Jake,0.13871867244682434,0.17472245800414088
2000-03-22 11:30:00.000000000,973,Jake,0.7891678963945972,-0.9345763539587095
2000-03-22 11:45:00.000000000,977,Jake,-0.8068383263647243,-0.4837733974602161
2000-03-22 12:30:00.000000000,957,Jake,-0.12729571588825306,-0.25312177470672537
2000-03-22 15:45:00.000000000,1035,Jake,-0.4203671999643488,-0.9648332500426453
2000-03-22 18:15:00.000000000,1017,Jake,-0.36277631779900754,0.378796889387536
2000-03-22 19:00:00.000000000,1010,Jake,-0.06082596318324551,0.5182592351740576
2000-03-22 20:30:00.000000000,949,Jake,0.8768534872585094,0.3172047666707647
2000-03-22 21:00:00.000000000,979,Jake,-0.968252746974952,0.9885010812204595
2000-03-22 22:00:00.000000000,942,Jake,-0.7368620331324671,-0.713187764487788
2000-03-22 22:30:00.000000000,1016,Jake,0.24197258351330242,0.12122326776491699
2000-03-23 00:00:00.000000000,1000,Jake,-0.9539675393880593,-0.44752503723480674
2000-03-23 01:45:00.000000000,932,Jake,0.4933350834330963,0.38627776388886437
2000-03-23 04:15:00.000000000,1009,Jake,0.4537863851992243,0.951353233841405
2000-03-23 06:15:00.000000000,988,Jake,0.21308016577893607,-0.25866263466346484
2000-03-23 07:30:00.000000000,955,Jake,0.041552773906930796,-0.40586229361354853
2000-03-23 09:45:00.000000000,1026,Jake,0.35881140785937915,-0.5559349141121102
2000-03-23 10:45:00.000000000,1004,Jake,-0.7005894707671549,-0.9552632227001172
2000-03-23 11:15:00.000000000,994,Jake,0.21614273167154696,0.1269519964162913
2000-03-23 14:45:00.000000000,977,Jake,-0.8220757586094294,0.43206189476281365
2000-03-23 16:00:00.000000000,1020,Jake,0.0682428063616447,-0.11639778403715195
2000-03-23 16:30:00.000000000,999,Jake,0.3752563704184564,0.3456044767479547
2000-03-23 16:45:00.000000000,991,Jake,0.48956904830781767,-0.565551609368411
2000-03-23 20:00:00.000000000,979,Jake,-0.6909535592152405,-0.1943630777905201
2000-03-23 20:15:00.000000000,1005,Jake,-0.2033271288374352,0.08393544205787262
2000-03-23 21:15:00.000000000,993,Jake,0.7396511531458887,-0.2515330825414148
2000-03-23 21:30:00.000000000,1023,Jake,0.2577336410154174,-0.11490715616869829
2000-03-23 22:15:00.000000000,991,Jake,-0.47012172143660624,0.5601152152010558
2000-03-23 22:30:00.000000000,1079,Jake,0.42705694605076405,0.5404366929238962
2000-03-24 01:45:00.000000000,994,Jake,0.17351610141480123,0.5348135053280756
2000-03-24 06:00:00.000000000,1020,Jake,-0.5411544210321027,0.06543844496154017
2000-03-24 09:45:00.000000000,1016,Jake,-0.47701814018943733,0.7695899249814382
2000-03-24 10:45:00.000000000,1021,Jake,-0.9863207447149931,0.11583577330609995
2000-03-24 11:00:00.000000000,977,Jake,-0.29361785614862956,0.3526802380343699
2000-03-24 14:00:00.000000000,1004,Jake,0.036705141286093035,0.8294182284218135
2000-03-24 15:15:00.000000000,950,Jake,0.10756587443907639,-0.45391140866498736
2000-03-24 16:00:00.000000000,973,Jake,0.7098732369260217,-0.7134938885535078
2000-03-24 16:15:00.000000000,1011,Jake,-0.25766653269420337,-0.5814951422922299
2000-03-24 16:30:00.000000000,1006,Jake,0.43192815792914097,-0.1421321466168053
2000-03-24 17:45:00.000000000,1010,Jake,0.048144264184498686,0.15317169571614886
2000-03-24 18:00:00.000000000,983,Jake,-0.7037529442470805,0.1835543313153445
2000-03-24 20:00:00.000000000,1024,Jake,-0.039909067504171336,-0.09228555350842971
2000-03-24 20:45:00.000000000,1025,Jake,-0.7514153284607745,-0.5879315908929299
2000-03-24 23:30:00.000000000,960,Jake,0.09812532194424017,-0.6641896946566817
2000-03-24 23:45:00.000000000,1016,Jake,0.5079003984284189,0.4195965465997564
2000-03-25 00:15:00.000000000,1019,Jake,0.45666922713076996,0.8561627936002421
2000-03-25 00:45:00.000000000,969,Jake,0.9003223850226654,0.39548020368424375
2000-03-25 01:45:00.000000000,1030,Jake,0.5252430992604622,0.016065990543659092
2000-03-25 04:15:00.000000000,963,Jake,-0.7104230018441136,0.22854029597922443
2000-03-25 04:30:00.000000000,1002,Jake,0.6040171034996753,0.9481673431693523
2000-03-25 05:00:00.000000000,1004,Jake,-0.25993146948847157,-0.559020861601166
2000-03-25 06:30:00.000000000,993,Jake,-0.7684384732508771,-0.02866252227884014
2000-03-25 07:30:00.000000000,956,Jake,0.3409622970687012,0.9989885626695678
2000-03-25 13:00:00.000000000,985,Jake,-0.38960166427067544,-0.8421520965589264
2000-03-25 14:00:00.000000000,991,Jake,-0.31586824339621367,0.8311325493705795
2000-03-25 14:15:00.000000000,998,Jake,-0.3150220578781606,0.41880558609712515
2000-03-25 15:15:00.000000000,986,Jake,-0.9883429991602046,0.5087786935442997
2000-03-25 16:30:00.000000000,963,Jake,0.7057057999378329,-0.5221279083247223
2000-03-25 17:30:00.000000000,1021,Jake,-0.12508682319473396,0.46292134736410717
2000-03-25 19:15:00.000000000,1004,Jake,0.9606513400420069,-0.560586080856319
2000-03-25 22:00:00.000000000,991,Jake,-0.26838605261736137,0.9284806413522138
2000-03-26 00:45:00.000000000,1020,Jake,-0.9857905872084098,0.9239472433348437
2000-03-26 01:30:00.000000000,1017,Jake,0.5446422813638438,0.32780084270202203
2000-03-26 03:30:00.000000000,1038,Jake,-0.8693268940082581,-0.26994271491532995
2000-03-26 03:45:00.000000000,994,Jake,-0.20769481747186114,0.10159490070626775
2000-03-26 07:00:00.000000000,1003,Jake,0.12548570684192994,-0.8154525807005437
2000-03-26 09:00:00.000000000,1001,Jake,0.17854028701157287,0.7849610913196339
2000-03-26 11:15:00.000000000,974,Jake,0.5304814370197546,-0.5595878427334806
2000-03-26 11:45:00.000000000,1009,Jake,-0.9105487227188649,0.8562134957527952
2000-03-26 12:00:00.000000000,1062,Jake,-0.808952109207363,0.5947436428095081
2000-03-26 12:45:00.000000000,966,Jake,-0.9686161643616884,0.12958089624000224
2000-03-26 14:15:00.000000000,998,Jake,0.7425598439220298,-0.5624236666316165
2000-03-26 17:00:00.000000000,1025,Jake,0.7997186270852101,0.3865053930945239
2000-03-26 17:30:00.000000000,1006,Jake,0.806845021086827,0.9185040753763409
2000-03-26 19:45:00.000000000,1022,Jake,0.28596800795049093,-0.6862335317763841
2000-03-26 20:30:00.000000000,990,Jake,-0.8542564792140737,0.11526470309572212
2000-03-26 22:45:00.000000000,1018,Jake,0.6743237785024472,-0.11900127131033833
2000-03-27 01:30:00.000000000,1047,Jake,-0.27899669661043314,0.5861179829320349
2000-03-27 01:45:00.000000000,1020,Jake,0.7421435867292279,-0.4962881095413183
2000-03-27 05:00:00.000000000,982,Jake,-0.9697975751522969,-0.3845973601170867
2000-03-27 05:45:00.000000000,1017,Jake,0.20814676128129395,-0.03773447847847722
2000-03-27 06:30:00.000000000,1002,Jake,-0.9119724412605315,0.20649158693291803
2000-03-27 07:00:00.000000000,1024,Jake,-0.15725917946111134,-0.3205367797317984
2000-03-27 07:15:00.000000000,997,Jake,-0.25323716810594554,-0.7083436604684381
2000-03-27 08:30:00.000000000,1012,Jake,0.45236531677764114,-0.0728680254785381
2000-03-27 12:45:00.000000000,978,Jake,-0.8025819003704995,-0.061232259391700294
2000-03-27 14:15:00.000000000,995,Jake,0.061352093451327416,-0.4611339301880626
2000-03-27 15:45:00.000000000,1027,Jake,-0.007241037237314396,0.986071921742355
2000-03-27 17:15:00.000000000,1037,Jake,0.4585687409998451,0.5793450218045393
2000-03-27 18:00:00.000000000,944,Jake,0.5204238765191671,-0.31087440219065887
2000-03-27 19:15:00.000000000,992,Jake,-0.03555156941722126,-0.9853358864416246
2000-03-27 20:00:00.000000000,1057,Jake,-0.3560180655296059,-0.8561648571684244
2000-03-28 00:30:00.000000000,1018,Jake,-0.8410365510563746,0.7962201235877633
2000-03-28 04:15:00.000000000,1011,Jake,0.37856669536439913,0.180066816425416
2000-03-28 06:00:00.000000000,1005,Jake,-0.14875761994767323,-0.5767488127979199
2000-03-28 08:15:00.000000000,992,Jake,-0.12644876738083521,0.335585276249605
2000-03-28 09:30:00.000000000,1031,Jake,-0.10558634421834467,0.3058273840173267
2000-03-28 11:15:00.000000000,1002,Jake,-0.3472432097397038,-0.40983167077998206
2000-03-28 11:30:00.000000000,966,Jake,-0.00959726863689414,0.08361620463899899
2000-03-28 11:45:00.000000000,1011,Jake,0.6673786198760114,-0.8979488314166908
2000-03-28 12:15:00.000000000,973,Jake,-0.9177887883225744,-0.550606904997752
2000-03-28 14:00:00.000000000,980,Jake,-0.10992813283776215,-0.6687984044665354
2000-03-28 16:15:00.000000000,1040,Jake,-0.8296387911346847,-0.22156193028215032
2000-03-28 17:30:00.000000000,1011,Jake,0.25340295425131854,-0.7840943323741698
2000-03-28 18:00:00.000000000,1059,Jake,-0.10389863792289344,0.41941444251316473
2000-03-28 18:15:00.000000000,1047,Jake,0.5871154935405982,-0.258589049365604
2000-03-28 19:00:00.000000000,1022,Jake,0.7103416936507552,-0.45443404824849565
2000-03-28 19:30:00.000000000,995,Jake,-0.7073934182290691,0.14518897574459078
2000-03-28 20:45:00.000000000,972,Jake,-0.8504013680901332,0.832956584240768
2000-03-28 22:00:00.000000000,969,Jake,-0.17210189029396084,-0.6242438389107363
2000-03-28 23:30:00.000000000,962,Jake,0.7110340169367391,-0.9013987702062052
2000-03-29 03:45:00.000000000,1001,Jake,0.405635343103091,0.7511832498192368
2000-03-29 05:00:00.000000000,970,Jake,-0.8375498660520824,0.8263227571597953
2000-03-29 06:00:00.000000000,930,Jake,-0.004675469395692522,0.2102829024062145
2000-03-29 06:30:00.000000000,1003,Jake,-0.34663506147031975,0.719706943207169
2000-03-29 10:45:00.000000000,932,Jake,-0.08585437880039004,-0.10670140743933532
2000-03-29 11:15:00.000000000,998,Jake,-0.24691366939317128,0.559706754189071
2000-03-29 11:45:00.000000000,968,Jake,-0.5476095461190569,0.20572675053905298
2000-03-29 16:45:00.000000000,1038,Jake,0.010787789746894427,0.4815852456050602
2000-03-29 21:45:00.000000000,978,Jake,-0.4284884063042811,0.4374216412511098
2000-03-29 22:00:00.000000000,997,Jake,-0.4355265458440276,-0.08505089111220743
2000-03-30 03:15:00.000000000,1028,Jake,-0.6922983619490559,0.77130611469283
2000-03-30 03:30:00.000000000,991,Jake,0.8155712901405832,0.9014387525501706
2000-03-30 06:30:00.000000000,992,Jake,-0.5265486524178442,0.14264483298628527
2000-03-30 07:00:00.000000000,971,Jake,0.9997301988990648,-0.7091090273723784
2000-03-30 07:30:00.000000000,1000,Jake,0.19163233192155626,0.9093780941715588
2000-03-30 08:15:00.000000000,982,Jake,-0.5419469010183371,-0.011168538244437975
2000-03-30 09:45:00.000000000,1013,Jake,-0.506856468632777,0.45972241285291804
2000-03-30 12:30:00.000000000,940,Jake,0.4162596543045327,-0.5985772714671396
2000-03-30 13:15:00.000000000,1035,Jake,0.9384942004551824,-0.057068391211339664
2000-03-30 13:30:00.000000000,1018,Jake,-0.6585446809109334,0.924918375318627
2000-03-30 14:00:00.000000000,989,Jake,-0.7828496565819825,-0.23248205103528652
2000-03-30 14:15:00.000000000,1000,Jake,-0.7680920680723424,-0.6915024001561101
2000-03-30 14:45:00.000000000,964,Jake,-0.7308447540838237,0.41682049153505685
2000-03-30 15:30:00.000000000,1023,Jake,0.4361110374464574,-0.8808491342365963
2000-03-30 16:15:00.000000000,960,Jake,0.5679715617133116,0.38065758311270614
2000-03-30 18:45:00.000000000,985,Jake,-0.8077374873222283,0.25563302623587836
2000-03-30 19:45:00.000000000,985,Jake,-0.19450201401218936,-0.5677020727968214
2000-03-30 21:15:00.000000000,1027,Jake,0.05515511127832706,0.527039919628773
2000-03-30 21:45:00.000000000,1003,Jake,-0.7476313667257612,-0.4405774130002751
2000-01-01 00:45:00.000000000,990,Julia,0.40329690424212594,-0.341210334299459
2000-01-01 01:00:00.000000000,992,Julia,-0.38667490944316785,0.5174083812945225
2000-01-01 01:15:00.000000000,946,Julia,-0.42421303988849535,0.11759542782968624
2000-01-01 01:45:00.000000000,1023,Julia,0.4283967424743831,-0.6361112772771877
2000-01-01 06:00:00.000000000,1025,Julia,-0.867594044352159,-0.11970784828872616
2000-01-01 06:30:00.000000000,1010,Julia,0.9820686971872206,0.5999785845717605
2000-01-01 07:30:00.000000000,1036,Julia,-0.9716137630394284,0.7569291156727556
2000-01-01 08:15:00.000000000,963,Julia,-0.8676516195849906,-0.05939812091604835
2000-01-01 08:45:00.000000000,992,Julia,0.4546286629444303,-0.76954056957049
2000-01-01 09:00:00.000000000,1032,Julia,0.9714799301892563,0.5511395569870423
2000-01-01 11:00:00.000000000,1000,Julia,-0.8468395967630418,0.21968939450315106
2000-01-01 11:15:00.000000000,992,Julia,-0.6019684991535084,-0.9110955809023642
2000-01-01 16:30:00.000000000,1011,Julia,0.7268444246131891,-0.45578703044561863
2000-01-01 16:45:00.000000000,1014,Julia,-0.04697632504748106,0.4636911599435236
2000-01-01 17:15:00.000000000,1020,Julia,0.5022685429868177,-0.7243878714157785
2000-01-01 17:45:00.000000000,961,Julia,0.809619051416429,0.10568569850827769
2000-01-01 19:15:00.000000000,974,Julia,-0.016242303807789904,0.5230685736564924
2000-01-01 20:15:00.000000000,1011,Julia,0.8778374574506647,0.04285566448468714
2000-01-01 21:45:00.000000000,999,Julia,0.14411790927918244,-0.0888541672119525
2000-01-02 00:00:00.000000000,1013,Julia,-0.6341286829481385,0.4106089946395557
2000-01-02 02:30:00.000000000,1008,Julia,0.977917204103639,0.21020806873429376
2000-01-02 05:00:00.000000000,948,Julia,0.32983370489697794,-0.032006831344446596
2000-01-02 05:30:00.000000000,957,Julia,-0.5218625983438128,0.7690525701266779
2000-01-02 06:30:00.000000000,1014,Julia,0.4728753891857358,0.6558735708247125
2000-01-02 06:45:00.000000000,1010,Julia,-0.9418942771460963,0.8433577703260464
2000-01-02 07:00:00.000000000,994,Julia,0.39449320133568566,-0.6085498413357682
2000-01-02 07:30:00.000000000,1018,Julia,0.12964018487485118,-0.4209399607782567
2000-01-02 08:30:00.000000000,998,Julia,-0.49893287286826027,-0.999951579328173
2000-01-02 10:00:00.000000000,1009,Julia,-0.015868659676527175,0.34066792292139314
2000-01-02 10:30:00.000000000,1041,Julia,0.7532465783204869,-0.03337689921557274
2000-01-02 11:00:00.000000000,1029,Julia,-0.7044776670660093,-0.6875603586208696
2000-01-02 12:00:00.000000000,1008,Julia,0.8646271551147398,-0.7840999117315381
2000-01-02 12:30:00.000000000,1043,Julia,-0.2802900756668907,0.5507920640720401
2000-01-02 14:30:00.000000000,1038,Julia,-0.4737906411841437,-0.5523988926417451
2000-01-02 15:00:00.000000000,991,Julia,0.6753772394844664,0.34358433687955414
2000-01-02 16:15:00.000000000,1030,Julia,0.8609932293008018,0.2809879571519025
2000-01-02 17:45:00.000000000,995,Julia,0.11466343011895375,-0.4397351580191575
2000-01-02 19:00:00.000000000,986,Julia,0.6594516747021777,0.6527144230175583
2000-01-02 19:30:00.000000000,1018,Julia,0.6218027770318544,-0.2646065431093405
2000-01-02 20:45:00.000000000,1059,Julia,0.5353022261153291,0.663949732802908
2000-01-02 23:45:00.000000000,973,Julia,-0.6815376815978067,-0.8172300408451596
2000-01-03 01:00:00.000000000,1045,Julia,-0.8375190333226861,-0.5951215321415313
2000-01-03 01:15:00.000000000,1004,Julia,-0.47791219874365054,-0.07834537077963488
2000-01-03 03:30:00.000000000,985,Julia,0.46854506311079147,-0.3719104309003576
2000-01-03 05:30:00.000000000,965,Julia,-0.9152954335355072,-0.26026447644497375
2000-01-03 06:00:00.000000000,1011,Julia,0.8118841805764732,0.44739619778351836
2000-01-03 06:45:00.000000000,1010,Julia,-0.8477805698825458,-0.6082614119733234
2000-01-03 07:30:00.000000000,993,Julia,-0.761826028647105,0.10257593560418266
2000-01-03 08:00:00.000000000,975,Julia,-0.7907139235078082,-0.3130400724695235
2000-01-03 09:00:00.000000000,1022,Julia,0.20401043707973998,-0.7160731283969806
2000-01-03 10:30:00.000000000,1049,Julia,-0.47778771293101485,0.3796987690909537
2000-01-03 10:45:00.000000000,992,Julia,-0.9814964942678182,-0.9632181992757556
2000-01-03 11:30:00.000000000,977,Julia,-0.8845628838084709,-0.7956227511533549
2000-01-03 12:30:00.000000000,1001,Julia,-0.26345857564981,0.579807394940975
2000-01-03 12:45:00.000000000,1015,Julia,-0.5017166939497901,0.5892135410039723
2000-01-03 13:45:00.000000000,1012,Julia,-0.8315614212394731,-0.12079051051049428
2000-01-03 14:45:00.000000000,973,Julia,0.20742044064290255,-0.2985574874590238
2000-01-03 15:30:00.000000000,1041,Julia,0.25540170765584636,-0.6562590131771917
2000-01-03 19:00:00.000000000,1003,Julia,0.6408002249673328,-0.743583881809524
2000-01-03 21:30:00.000000000,980,Julia,-0.5305221094889265,-0.4113789487151698
2000-01-03 22:00:00.000000000,980,Julia,-0.8109480426596181,-0.27506268930927047
2000-01-03 23:30:00.000000000,1026,Julia,-0.8384604196229362,0.46663930680745414
2000-01-04 00:00:00.000000000,989,Julia,0.17000784586299034,0.9256853532866285
2000-01-04 04:30:00.000000000,1002,Julia,0.5562507993384467,-0.09188587528853409
2000-01-04 05:00:00.000000000,1019,Julia,-0.7748589722049268,-0.7516659538527444
2000-01-04 06:00:00.000000000,949,Julia,-0.3393802110732027,-0.911144253803746
2000-01-04 06:15:00.000000000,963,Julia,0.8874324628544035,0.33655349953262603
2000-01-04 08:30:00.000000000,992,Julia,0.7717795712803381,0.7777795040946032
2000-01-04 09:15:00.000000000,1013,Julia,0.5135251316376339,0.21183266136191614
2000-01-04 11:45:00.000000000,998,Julia,0.2255544478133935,-0.902966725505677
2000-01-04 12:00:00.000000000,961,Julia,0.3479635703802053,-0.5021038820650516
2000-01-04 12:45:00.000000000,984,Julia,-0.33432579217562175,-0.016500611829618705
2000-01-04 13:15:00.000000000,990,Julia,-0.5214035523689591,0.6482075637091638
2000-01-04 13:45:00.000000000,1019,Julia,0.39069704782839954,0.4148655721495855
2000-01-04 15:45:00.000000000,1055,Julia,0.10072804168073102,0.8019892428600846
2000-01-04 18:15:00.000000000,1001,Julia,-0.16360945899448764,-0.6178588630976349
2000-01-04 18:45:00.000000000,1019,Julia,0.47420419661021795,-0.790160033308472
2000-01-04 20:45:00.000000000,965,Julia,-0.1280387919027801,0.5041347558761891
2000-01-04 22:45:00.000000000,992,Julia,0.3237082303487204,-0.11179265139167693
2000-01-04 23:00:00.000000000,953,Julia,0.8252837977394689,0.9191328352382644
2000-01-04 23:15:00.000000000,959,Julia,-0.3425448231438568,0.7285807391089725
2000-01-05 00:30:00.000000000,1022,Julia,-0.03190841428405977,-0.9225165404117475
2000-01-05 01:15:00.000000000,980,Julia,-0.5941594913433901,0.24232862881183626
2000-01-05 03:30:00.000000000,1052,Julia,-0.4945514604437935,0.0967795927467694
2000-01-05 04:30:00.000000000,1015,Julia,0.6092405263131413,0.02957903698853448
2000-01-05 08:30:00.000000000,995,Julia,-0.24408296245718897,0.7445134094738459
2000-01-05 13:30:00.000000000,974,Julia,-0.17722759872191785,-0.6313904250990778
2000-01-05 14:15:00.000000000,992,Julia,-0.46329497990333945,0.3516590844252576
2000-01-05 14:45:00.000000000,991,Julia,0.5887740628977725,-0.9367372552444255
2000-01-05 16:00:00.000000000,1049,Julia,-0.2666226883507903,0.4047866554544419
2000-01-05 17:45:00.000000000,988,Julia,-0.602887066928439,-0.8336576471071091
2000-01-05 20:30:00.000000000,1007,Julia,0.3255768028186887,-0.22772509956721487
2000-01-05 20:45:00.000000000,978,Julia,-0.6109591587420813,0.7039403694175821
2000-01-05 21:45:00.000000000,990,Julia,0.12764497319451307,0.9985076238629245
2000-01-05 22:00:00.000000000,980,Julia,0.8536377713049574,0.5509647668317974
2000-01-05 22:15:00.000000000,981,Julia,0.21194925020055866,-0.14812638420088464
2000-01-06 00:00:00.000000000,968,Julia,-0.9082416871993737,-0.22602688001754223
2000-01-06 00:15:00.000000000,1021,Julia,-0.17547450425316913,-0.20419695418617856
2000-01-06 02:45:00.000000000,1001,Julia,0.45829477818303,0.9237647675875396
2000-01-06 03:15:00.000000000,1011,Julia,-0.8286984992195803,-0.4985309605366739
2000-01-06 06:15:00.000000000,1036,Julia,-0.28448895869232604,0.5862460577245869
2000-01-06 08:15:00.000000000,1015,Julia,0.8447148926733894,0.021314323490414067
2000-01-06 08:45:00.000000000,953,Julia,-0.0375055171091534,0.4147874425863127
2000-01-06 09:15:00.000000000,1008,Julia,0.47034062998578907,-0.646636496527266
2000-01-06 09:45:00.000000000,997,Julia,-0.371557382651039,0.6508865554997549
2000-01-06 10:30:00.000000000,1026,Julia,0.9480851013537606,0.7077128118467975
2000-01-06 10:45:00.000000000,993,Julia,-0.4263992833720205,-0.1397804060427119
2000-01-06 11:15:00.000000000,965,Julia,0.3665800354391875,-0.41779743663017554
2000-01-06 12:30:00.000000000,968,Julia,0.42854004392907363,-0.11384822776554415
2000-01-06 13:15:00.000000000,1019,Julia,-0.1603099458763928,-0.3423126305772042
2000-01-06 14:00:00.000000000,965,Julia,-0.407816702855049,0.8636295616852023
2000-01-06 14:30:00.000000000,974,Julia,0.17584750719130726,-0.963127715815814
2000-01-06 15:00:00.000000000,884,Julia,0.5751031374338604,-0.11737099159625641
2000-01-06 15:45:00.000000000,982,Julia,-0.49062112220285337,0.8424848469122068
2000-01-06 16:30:00.000000000,1014,Julia,-0.6135500266765785,0.9148842066624214
2000-01-06 18:30:00.000000000,1009,Julia,0.7914982227685006,0.8832024405150811
2000-01-06 19:00:00.000000000,1033,Julia,0.41089170301733824,-0.4045808516298617
2000-01-06 22:15:00.000000000,1004,Julia,-0.09255329154937364,-0.5171213137232662
2000-01-07 00:00:00.000000000,988,Julia,0.3936939009121836,-0.959673968013492
2000-01-07 02:00:00.000000000,1028,Julia,-0.0851975399764684,0.7332519478366357
2000-01-07 03:30:00.000000000,1065,Julia,-0.7832932789755518,0.03549681634441537
2000-01-07 05:45:00.000000000,993,Julia,0.090433157298623,0.8708523626042237
2000-01-07 09:15:00.000000000,1003,Julia,0.18417261449844946,0.7552918764279413
2000-01-07 10:30:00.000000000,991,Julia,-0.6739456675621751,0.7379408966335255
2000-01-07 12:30:00.000000000,1006,Julia,-0.6517433062877682,-0.2108226532219133
2000-01-07 13:15:00.000000000,1041,Julia,0.1819285360895433,-0.08063265558961574
2000-01-07 13:30:00.000000000,995,Julia,-0.28372002938320007,0.6445264816759615
2000-01-07 14:30:00.000000000,992,Julia,0.6032992551445098,0.6414807989609297
2000-01-07 15:45:00.000000000,1015,Julia,0.43611290890477905,0.9635551522790091
2000-01-07 17:30:00.000000000,1038,Julia,0.2058560625508583,-0.6093563269426647
2000-01-07 18:00:00.000000000,991,Julia,0.021026780139536516,-0.9802946022676797
2000-01-07 18:30:00.000000000,1000,Julia,0.4832442474571186,-0.23807348811196838
2000-01-07 22:15:00.000000000,994,Julia,-0.4338257991859218,-0.2168957450500164
2000-01-07 23:15:00.000000000,983,Julia,-0.6598220286636662,-0.410896359533113
2000-01-07 23:45:00.000000000,1014,Julia,-0.31805607577217443,-0.1227860979421258
2000-01-08 00:45:00.000000000,991,Julia,-0.45541833710007995,-0.3592276803459744
2000-01-08 01:15:00.000000000,970,Julia,-0.7060627160219821,0.07474919670621061
2000-01-08 03:30:00.000000000,977,Julia,-0.01129464282877124,-0.810663094793177
2000-01-08 06:30:00.000000000,1020,Julia,-0.5607371285266782,-0.389601755582653
2000-01-08 08:45:00.000000000,1007,Julia,0.7378586814416865,-0.34811159583828943
2000-01-08 09:45:00.000000000,1003,Julia,0.17659244787885053,-0.38434515769904953
2000-01-08 11:45:00.000000000,996,Julia,-0.3415192069996873,0.34170439947866393
2000-01-08 14:00:00.000000000,960,Julia,0.5212721251653034,-0.9508183501230625
2000-01-08 15:15:00.000000000,1039,Julia,-0.9850111203169074,-0.48150112127463274
2000-01-09 00:00:00.000000000,1013,Julia,0.23026336954348792,-0.6403503370687704
2000-01-09 03:00:00.000000000,1016,Julia,-0.8200138928263305,0.6284275569889561
2000-01-09 04:00:00.000000000,1007,Julia,-0.1665156050592025,-0.5681069700386796
2000-01-09 04:30:00.000000000,979,Julia,0.3421457676599011,-0.8311101665170448
2000-01-09 05:30:00.000000000,937,Julia,0.0075514194910073495,-0.0666627130318791
2000-01-09 05:45:00.000000000,1017,Julia,0.6228563696982854,0.2801774464153586
2000-01-09 06:00:00.000000000,987,Julia,0.6177942978150011,0.34078994610843116
2000-01-09 06:30:00.000000000,1005,Julia,-0.4640987735827231,0.4195299364816103
2000-01-09 07:45:00.000000000,990,Julia,0.4437374191638257,-0.09194670167247576
2000-01-09 11:15:00.000000000,973,Julia,0.5796816692283517,0.22242873533081808
2000-01-09 12:30:00.000000000,1005,Julia,-0.6246455035995779,-0.6318313482817748
2000-01-09 13:45:00.000000000,996,Julia,-0.7998629287283734,0.3869292061802123
2000-01-09 15:00:00.000000000,1008,Julia,-0.921324547680527,-0.6088403170550947
2000-01-09 15:30:00.000000000,948,Julia,-0.5533297131451536,0.2108273227592512
2000-01-09 20:15:00.000000000,992,Julia,-0.8929023689376494,-0.379943494085482
2000-01-09 23:15:00.000000000,997,Julia,-0.3261567272792527,0.36945635685161515
2000-01-10 00:00:00.000000000,976,Julia,0.30304878832553306,-0.14137604412252203
2000-01-10 01:45:00.000000000,995,Julia,-0.6596574186158799,-0.11725453526410812
2000-01-10 03:45:00.000000000,1019,Julia,-0.6205983183578758,-0.5083035563019647
2000-01-10 04:15:00.000000000,1002,Julia,0.7181250198604474,-0.7916865828545878
2000-01-10 09:00:00.000000000,974,Julia,-0.5488623604581162,0.08436282187274347
2000-01-10 10:00:00.000000000,940,Julia,0.3499039958872796,0.44488975142886433
2000-01-10 10:30:00.000000000,1009,Julia,-0.34657838350223313,-0.36435186165571665
2000-01-10 11:30:00.000000000,979,Julia,0.5461172170250854,0.1415152607600656
2000-01-10 12:00:00.000000000,1002,Julia,-0.6023290671920403,0.41644977168257546
2000-01-10 13:45:00.000000000,986,Julia,0.7018514787431676,-0.7212384000998302
2000-01-10 14:00:00.000000000,957,Julia,-0.9904268129174614,-0.17201701869097197
2000-01-10 17:30:00.000000000,961,Julia,0.912558607404399,0.8921752162406587
2000-01-10 18:45:00.000000000,1052,Julia,0.023495727966475588,-0.6616965206202874
2000-01-10 19:00:00.000000000,1042,Julia,0.6009977555381205,-0.5964920346097424
2000-01-10 21:15:00.000000000,1003,Julia,0.909775682151923,0.11403135474829584
2000-01-10 21:45:00.000000000,998,Julia,0.3792471227140437,0.6390112498892597
2000-01-10 23:30:00.000000000,1004,Julia,-0.5071325371295645,-0.1835613580711084
2000-01-11 03:30:00.000000000,1056,Julia,-0.11349008947551797,-0.3597972166676082
2000-01-11 04:00:00.000000000,1005,Julia,-0.5965410762594485,0.7876214344465122
2000-01-11 04:30:00.000000000,996,Julia,-0.44549570938808425,-0.7103799049121693
2000-01-11 04:45:00.000000000,1033,Julia,-0.8070396560841346,-0.1426275685238978
2000-01-11 08:30:00.000000000,960,Julia,-0.7670805340262044,0.7268197404445562
2000-01-11 09:30:00.000000000,959,Julia,-0.7004615424017748,0.19877788391825169
2000-01-11 12:00:00.000000000,1001,Julia,0.7020128654405959,0.09215335769990318
2000-01-11 12:15:00.000000000,996,Julia,0.6279891395203339,-0.3603313813192035
2000-01-11 12:45:00.000000000,1017,Julia,-0.6062876643064421,0.18819141723683352
2000-01-11 17:30:00.000000000,967,Julia,-0.648570425169021,-0.7914051260382466
2000-01-11 18:15:00.000000000,1011,Julia,0.27555985769282687,-0.7815970519552462
2000-01-11 18:45:00.000000000,1043,Julia,0.24360298665085534,0.0014668038945402362
2000-01-11 20:45:00.000000000,993,Julia,-0.663495680389742,0.1977091782356335
2000-01-11 21:30:00.000000000,990,Julia,0.5231073893559426,-0.04207669111533541
2000-01-11 23:15:00.000000000,1028,Julia,0.9167380268673269,0.6500413100203817
2000-01-11 23:45:00.000000000,1064,Julia,0.6894153904811597,0.11661529329880316
2000-01-12 00:15:00.000000000,998,Julia,-0.9165511363065166,0.7327963492056213
2000-01-12 01:00:00.000000000,1021,Julia,0.5330033101465734,0.6983582943419999
2000-01-12 01:15:00.000000000,1055,Julia,0.8520920460969634,0.19087358968469204
2000-01-12 02:15:00.000000000,971,Julia,-0.7459523752466566,-0.8988137811911556
2000-01-12 03:30:00.000000000,1012,Julia,0.8395164275302909,-0.38614734071419177
2000-01-12 04:15:00.000000000,980,Julia,0.7798821767754429,-0.0664458754049122
2000-01-12 05:15:00.000000000,951,Julia,-0.5582248424718637,0.7945806948770495
2000-01-12 06:00:00.000000000,988,Julia,0.5153231290459426,-0.4890152822390932
2000-01-12 06:30:00.000000000,1019,Julia,-0.21347682515875466,0.03737451344823617
2000-01-12 07:15:00.000000000,995,Julia,0.8747526223616777,0.05950447741554199
2000-01-12 07:30:00.000000000,1010,Julia,-0.06576993187582825,0.13261536554131093
2000-01-12 10:15:00.000000000,992,Julia,0.5100191221404897,-0.896933435396942
2000-01-12 11:00:00.000000000,972,Julia,0.6439670269600704,0.35721633822094456
2000-01-12 11:30:00.000000000,976,Julia,0.7107270699772812,0.6491898369040523
2000-01-12 13:45:00.000000000,993,Julia,0.15928410157549355,0.17726030567936957
2000-01-12 14:15:00.000000000,1013,Julia,0.5758943627015349,-0.4805140006076243
2000-01-12 18:00:00.000000000,1020,Julia,0.33447130448285023,0.9424113662393607
2000-01-12 19:30:00.000000000,1058,Julia,-0.77833350344921,0.5474322252618549
2000-01-12 19:45:00.000000000,992,Julia,0.77317833429558,0.3151276537814347
2000-01-12 22:00:00.000000000,1015,Julia,-0.11106101171688354,0.18119925517665836
2000-01-12 23:30:00.000000000,1000,Julia,0.23284611010276635,0.5772537085243483
2000-01-12 23:45:00.000000000,1024,Julia,-0.6821552157719737,0.6687821747007305
2000-01-13 01:00:00.000000000,1017,Julia,-0.36512076536291516,0.4014479241286226
2000-01-13 03:30:00.000000000,1027,Julia,0.9034700430189195,-0.479349785318379
2000-01-13 04:00:00.000000000,978,Julia,-0.9565641214685612,0.7609078729928413
2000-01-13 04:45:00.000000000,1035,Julia,-0.09695576641009662,-0.011401616311397023
2000-01-13 11:45:00.000000000,1055,Julia,0.09860613242606897,0.7967278903329418
2000-01-13 12:30:00.000000000,969,Julia,-0.7856860649430504,-0.5782055041381959
2000-01-13 12:45:00.000000000,980,Julia,0.2825446194846768,0.8128646404057216
2000-01-13 14:00:00.000000000,1012,Julia,0.9865556429772626,-0.3850700746588902
2000-01-13 14:45:00.000000000,1018,Julia,0.28773996810981606,0.3264000949508994
2000-01-13 15:00:00.000000000,1043,Julia,-0.20109228851018512,0.1981984120607081
2000-01-13 16:00:00.000000000,1009,Julia,0.6016535769793059,0.5355469569140452
2000-01-13 17:45:00.000000000,1025,Julia,0.9348675706440868,-0.49609292510405534
2000-01-13 19:30:00.000000000,989,Julia,-0.6743543071118023,0.8496751145625945
2000-01-13 20:15:00.000000000,1015,Julia,0.9051479569096261,0.6773761781295191
2000-01-13 23:00:00.000000000,1055,Julia,-0.4933446602118077,0.19947019537809996
2000-01-13 23:15:00.000000000,993,Julia,0.34422704643984714,-0.4236568760233219
2000-01-13 23:30:00.000000000,993,Julia,-0.5659235478831481,-0.9246692531615166
2000-01-14 02:15:00.000000000,1005,Julia,-0.41637372807310746,0.8268686565312293
2000-01-14 03:30:00.000000000,1002,Julia,0.46189285773160504,0.06607683704728728
2000-01-14 03:45:00.000000000,952,Julia,0.769069037747826,0.16254373296078417
2000-01-14 09:30:00.000000000,991,Julia,0.3100784967091712,0.3731029835481705
2000-01-14 12:30:00.000000000,979,Julia,0.34013916472794525,0.10521097522609346
2000-01-14 13:00:00.000000000,981,Julia,0.5934482617296033,0.037827610935231126
2000-01-14 13:45:00.000000000,998,Julia,0.22705986518761723,-0.2466340639175677
2000-01-14 14:15:00.000000000,1003,Julia,0.18431677161183146,-0.7675775385852956
2000-01-14 14:45:00.000000000,1017,Julia,-0.08145454913393424,-0.389083856131762
2000-01-14 15:45:00.000000000,1037,Julia,-0.3702330421097255,0.712666515903956
2000-01-14 16:15:00.000000000,1015,Julia,-0.898281827432365,0.9774607385934262
2000-01-14 16:30:00.000000000,1018,Julia,0.768653284305941,-0.6441064840624902
2000-01-14 17:15:00.000000000,1008,Julia,0.15123047021765013,-0.02395837040848381
2000-01-14 17:30:00.000000000,1049,Julia,-0.8486840392130557,0.9321005332501848
2000-01-14 21:45:00.000000000,1027,Julia,-0.3197222226463874,0.5489863109784583
2000-01-14 22:30:00.000000000,979,Julia,0.5118649202599146,-0.7292862757761309
2000-01-14 23:15:00.000000000,995,Julia,0.48855403100831674,-0.7184003280748459
2000-01-15 01:15:00.000000000,943,Julia,0.958429910665652,-0.5080389933375844
2000-01-15 05:00:00.000000000,998,Julia,0.548696884203375,-0.8540469351423248
2000-01-15 08:30:00.000000000,944,Julia,0.43842870327421246,0.877225605109444
2000-01-15 09:00:00.000000000,970,Julia,0.2885261783459958,-0.8526625603375206
2000-01-15 09:45:00.000000000,975,Julia,0.26098027919995825,0.576289996017243
2000-01-15 11:00:00.000000000,1037,Julia,-0.45967920876478074,0.4292642260980626
2000-01-15 13:00:00.000000000,976,Julia,0.29611851713890225,-0.8620201726897587
2000-01-15 13:30:00.000000000,1027,Julia,-0.9447956860360127,0.18977716712111214
2000-01-15 14:00:00.000000000,996,Julia,0.5401345911995958,0.1453716933039766
2000-01-15 15:00:00.000000000,1024,Julia,0.7937813848471711,-0.39815400557968705
2000-01-15 20:30:00.000000000,1007,Julia,0.08489365985613717,-0.735515945909913
2000-01-15 21:00:00.000000000,961,Julia,0.5325011408315017,0.6542150662113373
2000-01-15 22:00:00.000000000,973,Julia,-0.08660517572144832,-0.10886217067756498
2000-01-16 02:15:00.000000000,992,Julia,0.3607670382398378,0.5664195561159284
2000-01-16 02:45:00.000000000,1025,Julia,0.44165940075922827,-0.7665370839454788
2000-01-16 03:45:00.000000000,1034,Julia,-0.7888642174827394,-0.8111675102645943
2000-01-16 05:45:00.000000000,980,Julia,-0.29343244721675443,-0.3642484336316789
2000-01-16 06:15:00.000000000,988,Julia,0.22470639253892566,0.14846858394067608
2000-01-16 06:30:00.000000000,1002,Julia,-0.48938997985686505,-0.7775374494786218
2000-01-16 08:30:00.000000000,966,Julia,-0.12267680718295582,-0.7991991164712999
2000-01-16 08:45:00.000000000,1019,Julia,-0.32317618901260836,-0.7881098825948094
2000-01-16 09:15:00.000000000,924,Julia,-0.3393912384946929,0.3153749591892636
2000-01-16 10:45:00.000000000,1028,Julia,0.1591183974628818,0.6631920391957145
2000-01-16 12:45:00.000000000,978,Julia,-0.044687275883918964,0.2591222991031348
2000-01-16 13:00:00.000000000,1000,Julia,-0.4653057643451748,0.4355530088602615
2000-01-16 15:45:00.000000000,1004,Julia,0.6517165333260926,0.3546664665539332
2000-01-16 16:15:00.000000000,1018,Julia,0.4033956129158842,0.5472601498230909
2000-01-16 17:00:00.000000000,1016,Julia,0.8027089537039505,0.2973910716644099
2000-01-16 19:15:00.000000000,940,Julia,-0.9136092366094144,0.4867014485862433
2000-01-16 20:15:00.000000000,988,Julia,0.4551216607253412,0.870684493187956
2000-01-16 23:00:00.000000000,1035,Julia,0.2934035543532669,-0.8058579682802685
2000-01-17 04:00:00.000000000,1029,Julia,0.9624283793646773,0.034699078602426825
2000-01-17 04:15:00.000000000,946,Julia,0.9758256815973583,-0.4342168518776621
2000-01-17 04:30:00.000000000,979,Julia,-0.8128467997347237,0.36764817512278447
2000-01-17 04:45:00.000000000,951,Julia,-0.7816748040303889,0.46975931253546843
2000-01-17 08:00:00.000000000,1020,Julia,-0.9134261827749603,-0.72456043634327
2000-01-17 09:15:00.000000000,1041,Julia,-0.20469773842718064,-0.8599664232001822
2000-01-17 13:45:00.000000000,994,Julia,0.5989896728986037,0.18501080438667783
2000-01-17 15:15:00.000000000,1015,Julia,0.2918198193482666,0.17886723631644563
2000-01-17 17:30:00.000000000,1020,Julia,-0.7192478310829411,0.5157255579069215
2000-01-17 21:30:00.000000000,999,Julia,0.34613111519273354,0.344362781608887
2000-01-17 21:45:00.000000000,971,Julia,0.6391571421326898,0.8317414620014121
2000-01-17 22:45:00.000000000,974,Julia,-0.21543249164526168,0.5534473828712971
2000-01-17 23:45:00.000000000,1002,Julia,0.8795559102251385,0.8654866086116495
2000-01-18 00:30:00.000000000,997,Julia,-0.4643217640825954,0.6369208771995931
2000-01-18 01:45:00.000000000,976,Julia,-0.5261381605679776,-0.2592331138387356
2000-01-18 03:45:00.000000000,998,Julia,0.2750840263613532,-0.46160910866967453
2000-01-18 05:45:00.000000000,1063,Julia,0.00937819969963205,-0.26269066592777945
2000-01-18 06:45:00.000000000,1010,Julia,-0.8521207473866295,0.20769278190538976
2000-01-18 08:15:00.000000000,968,Julia,0.4191757795763309,-0.30228262511314874
2000-01-18 08:30:00.000000000,1016,Julia,0.7197661715630941,-0.48698893871726434
2000-01-18 08:45:00.000000000,996,Julia,-0.13839612671907764,0.586579445008633
2000-01-18 11:15:00.000000000,1011,Julia,0.689957075197104,-0.1383794200451045
2000-01-18 12:30:00.000000000,989,Julia,-0.5002030308653846,-0.8573052396400738
2000-01-18 13:00:00.000000000,1046,Julia,-0.4756024691787948,0.8960321713427009
2000-01-18 13:30:00.000000000,1006,Julia,-0.42584561426239076,-0.33514161041634805
2000-01-18 19:45:00.000000000,985,Julia,0.8604112241116055,-0.27758103247577237
2000-01-18 20:30:00.000000000,1030,Julia,0.7236698761473106,-0.523423275715829
2000-01-18 21:45:00.000000000,973,Julia,0.9826409731268664,-0.9009352892566305
2000-01-18 22:45:00.000000000,1012,Julia,0.9086004955690277,-0.02156403467088297
2000-01-18 23:15:00.000000000,934,Julia,0.7893550480542622,-0.16795960399876253
2000-01-18 23:45:00.000000000,986,Julia,0.03791831757080777,0.6796880493476385
2000-01-19 01:00:00.000000000,1008,Julia,-0.3494207603469792,0.4685471367000702
2000-01-19 03:45:00.000000000,927,Julia,0.33653940941172955,0.0205499228491568
2000-01-19 05:30:00.000000000,977,Julia,0.7145785409901682,-0.40952283094181485
2000-01-19 06:00:00.000000000,1016,Julia,0.38519519645675215,0.1313158190737691
2000-01-19 08:15:00.000000000,1002,Julia,-0.657433501141889,0.6343557230518939
2000-01-19 11:15:00.000000000,1007,Julia,0.35408983919981396,0.8670499637319953
2000-01-19 12:00:00.000000000,1013,Julia,-0.7381068855079733,0.9518559232678903
2000-01-19 12:30:00.000000000,999,Julia,0.1187744559899655,-0.06369893118058778
2000-01-19 13:45:00.000000000,1046,Julia,-0.7007737847949422,0.5209941244951821
2000-01-19 15:15:00.000000000,974,Julia,0.46864931043213076,0.5623231214028992
2000-01-19 15:30:00.000000000,1008,Julia,-0.8111808544522179,0.35373798857138117
2000-01-19 17:00:00.000000000,955,Julia,-0.5821615244517724,0.4901582488394538
2000-01-19 17:45:00.000000000,1024,Julia,-0.2746297539343543,-0.13886066927763907
2000-01-19 20:45:00.000000000,967,Julia,0.5674652143792365,0.062119667771864284
2000-01-20 00:45:00.000000000,991,Julia,-0.6853619122872414,0.17775553295029423
2000-01-20 01:00:00.000000000,998,Julia,0.2600582669121059,-0.5527023190281208
2000-01-20 02:15:00.000000000,974,Julia,0.9483056812578867,-0.3738280674877368
2000-01-20 02:30:00.000000000,977,Julia,0.8201810128645872,0.8408959006814525
2000-01-20 04:30:00.000000000,1018,Julia,0.9547114910201677,-0.03792059163500916
2000-01-20 05:45:00.000000000,990,Julia,-0.3062874374390081,-0.6463086582010018
2000-01-20 06:15:00.000000000,982,Julia,-0.8798657217524077,-0.6279380076332004
2000-01-20 08:30:00.000000000,1038,Julia,0.9157439364002362,-0.5086925699808227
2000-01-20 09:00:00.000000000,990,Julia,-0.23245273394337507,0.0632114458594244
2000-01-20 11:15:00.000000000,1016,Julia,0.1645723139869384,0.06771705059784505
2000-01-20 13:45:00.000000000,994,Julia,-0.11981088734164747,0.7234183633103264
2000-01-20 14:00:00.000000000,1007,Julia,0.295537404798192,0.6341416385239644
2000-01-20 15:00:00.000000000,960,Julia,0.21458660799217943,0.808630736516464
2000-01-20 15:15:00.000000000,994,Julia,0.034403799397574986,-0.0590148718749941
2000-01-20 16:30:00.000000000,1036,Julia,-0.982507006328581,0.27446116749815763
2000-01-20 16:45:00.000000000,978,Julia,0.3168309522658803,-0.6297085277474834
2000-01-20 17:45:00.000000000,1024,Julia,-0.49370385748145673,-0.11791213730574479
2000-01-20 18:15:00.000000000,931,Julia,-0.674755442185963,0.23697642820304843
2000-01-20 20:45:00.000000000,977,Julia,0.7594021635208239,0.26660369428827146
2000-01-20 21:00:00.000000000,1034,Julia,-0.292986225435665,0.5822556340741194
2000-01-20 22:00:00.000000000,1009,Julia,0.9855629404065778,0.696836196499534
2000-01-20 22:30:00.000000000,997,Julia,-0.07899153441951312,-0.8483993216375538
2000-01-20 22:45:00.000000000,985,Julia,0.1542943768518783,0.4948934096348716
2000-01-20 23:15:00.000000000,995,Julia,0.39417580481607284,0.5696871926109699
2000-01-21 01:00:00.000000000,952,Julia,0.9071518111966039,0.5806044372472048
2000-01-21 01:15:00.000000000,1010,Julia,-0.04862033311221636,0.7662998433276482
2000-01-21 02:30:00.000000000,1044,Julia,-0.4781088643145024,-0.6613480581957931
2000-01-21 04:30:00.000000000,981,Julia,0.587547113989646,-0.7042232625596465
2000-01-21 06:00:00.000000000,952,Julia,0.6894552114656061,0.9483986139489262
2000-01-21 07:15:00.000000000,1012,Julia,-0.5218156300841756,0.1809537565562669
2000-01-21 07:30:00.000000000,994,Julia,-0.345776645156596,-0.8614644885721785
2000-01-21 09:45:00.000000000,980,Julia,0.4168905202291895,-0.620152829470676
2000-01-21 15:00:00.000000000,971,Julia,-0.3554309759967962,-0.533641576037251
2000-01-21 16:00:00.000000000,1017,Julia,0.21154726887447883,-0.5683285325753689
2000-01-21 16:45:00.000000000,983,Julia,0.5016090158184472,-0.451118019030436
2000-01-21 18:30:00.000000000,1030,Julia,0.1284471893602226,-0.200042341508891
2000-01-21 20:15:00.000000000,916,Julia,0.17542054580249689,-0.6087868715805325
2000-01-21 20:30:00.000000000,972,Julia,-0.3052793457881553,0.8429658060581744
2000-01-21 21:30:00.000000000,1018,Julia,0.7315393296443218,-0.48498877401252316
2000-01-21 21:45:00.000000000,961,Julia,-0.29769231017593123,-0.4311534575409155
2000-01-21 22:00:00.000000000,942,Julia,-0.5481552619459258,-0.9549193753062017
2000-01-21 22:30:00.000000000,1005,Julia,-0.44946207937727145,-0.8272898996623359
2000-01-21 22:45:00.000000000,1032,Julia,-0.4111270013155832,-0.9450459754761493
2000-01-22 00:30:00.000000000,968,Julia,-0.5309331050247872,0.1978764968876887
2000-01-22 00:45:00.000000000,967,Julia,0.42209414511578336,-0.21367663393203662
2000-01-22 01:00:00.000000000,988,Julia,0.8247179961709483,-0.34472551065478707
2000-01-22 05:00:00.000000000,995,Julia,-0.39004721619441973,-0.8694379355274986
2000-01-22 05:30:00.000000000,1024,Julia,-0.5911766591908547,-0.4362293455154971
2000-01-22 06:15:00.000000000,974,Julia,0.926691354519334,-0.27112075046124584
2000-01-22 07:30:00.000000000,1033,Julia,-0.1326963574695439,-0.7577483565821912
2000-01-22 08:15:00.000000000,994,Julia,-0.22201985759648246,-0.2016873333284901
2000-01-22 08:30:00.000000000,936,Julia,-0.22595538184983877,-0.1630118720515119
2000-01-22 09:00:00.000000000,992,Julia,-0.0016785236535630244,-0.6898368586073975
2000-01-22 09:45:00.000000000,932,Julia,0.7606770683199586,0.05774190106941335
2000-01-22 10:15:00.000000000,1009,Julia,-0.7574211799787938,-0.3233290312626351
2000-01-22 10:30:00.000000000,976,Julia,0.8314381306896779,0.166196851105761
2000-01-22 11:00:00.000000000,959,Julia,0.049687602783077045,-0.527747693859689
2000-01-22 16:00:00.000000000,1033,Julia,-0.24685955061775666,-0.017902382593095956
2000-01-22 17:30:00.000000000,971,Julia,0.45860385837345885,0.9483183889275324
2000-01-22 18:45:00.000000000,970,Julia,0.8435647559213633,-0.17418050660414863
2000-01-22 19:45:00.000000000,998,Julia,0.6707916184231546,0.510485926948337
2000-01-23 02:30:00.000000000,1020,Julia,0.24607144901711475,-0.6362731077218655
2000-01-23 04:15:00.000000000,947,Julia,-0.38073178298362387,0.5467216268577699
2000-01-23 05:30:00.000000000,984,Julia,-0.5794802607824041,0.0017234654595250642
2000-01-23 06:30:00.000000000,953,Julia,-0.08947113684570485,-0.5025889554063387
2000-01-23 07:45:00.000000000,963,Julia,-0.8123577111102918,0.6990485767730665
2000-01-23 08:00:00.000000000,1061,Julia,-0.07286264431732548,0.5176083017524808
2000-01-23 11:00:00.000000000,929,Julia,-0.4244348721827089,0.5835716425225792
2000-01-23 12:30:00.000000000,1022,Julia,-0.18565100770812948,-0.4680742249638956
2000-01-23 13:45:00.000000000,1007,Julia,-0.42308407594640185,-0.16828501168949184
2000-01-23 14:30:00.000000000,1018,Julia,-0.12590578734720959,-0.6194901274237665
2000-01-23 15:00:00.000000000,1002,Julia,-0.052462139067433355,-0.23987963102270093
2000-01-23 18:30:00.000000000,971,Julia,0.8959941416957322,0.3478450341269117
2000-01-23 19:30:00.000000000,977,Julia,0.6769121772128772,0.8755244378857177
2000-01-24 00:15:00.000000000,1041,Julia,0.3159620053874468,-0.8303073939175032
2000-01-24 01:00:00.000000000,1056,Julia,0.6483771191686525,-0.16550629403585182
2000-01-24 02:00:00.000000000,1048,Julia,-0.9490552826943526,0.6008135882294605
2000-01-24 02:30:00.000000000,1010,Julia,0.40046032840692103,0.3167197285006187
2000-01-24 03:30:00.000000000,1012,Julia,0.09717445068593,0.5682706395508503
2000-01-24 05:00:00.000000000,989,Julia,0.169117775845254,0.11685226539772842
2000-01-24 05:30:00.000000000,993,Julia,0.9767999376930743,0.33999515480880005
2000-01-24 06:30:00.000000000,1012,Julia,-0.6209737670324058,-0.12127135347583629
2000-01-24 07:30:00.000000000,978,Julia,-0.9198831681433264,0.8316810220838138
2000-01-24 08:15:00.000000000,1003,Julia,0.267485560946908,-0.6436882392336924
2000-01-24 09:45:00.000000000,1034,Julia,0.815962042745213,0.8714947168084182
2000-01-24 10:00:00.000000000,1025,Julia,0.9122801233283986,-0.18218613939592632
2000-01-24 10:45:00.000000000,973,Julia,0.9911492579855496,0.8681849230502123
2000-01-24 11:15:00.000000000,1040,Julia,0.287383516430302,-0.8023706297184385
2000-01-24 12:45:00.000000000,1016,Julia,0.5383597803789901,-0.3829022490443488
2000-01-24 13:00:00.000000000,960,Julia,0.9873602299672908,0.7072549679126747
2000-01-24 13:15:00.000000000,992,Julia,0.7527516490093749,0.38060861760550013
2000-01-24 15:15:00.000000000,952,Julia,-0.695179237644187,0.5470976861533281
2000-01-24 15:30:00.000000000,955,Julia,0.7173349059663721,-0.7896129678285204
2000-01-24 17:30:00.000000000,960,Julia,0.10855074235364626,-0.1096519505577298
2000-01-24 17:45:00.000000000,973,Julia,0.11676386896521085,0.17957857852885062
2000-01-24 19:00:00.000000000,1012,Julia,-0.3849632139674548,-0.3635973667227008
2000-01-24 19:15:00.000000000,999,Julia,0.3117688914297192,0.24524049926454494
2000-01-24 22:45:00.000000000,1029,Julia,0.15635889499959532,0.8129329416840878
2000-01-25 01:00:00.000000000,966,Julia,-0.0359173205148442,0.23401703260485784
2000-01-25 01:45:00.000000000,983,Julia,0.8606923291369837,-0.127558075804592
2000-01-25 02:45:00.000000000,1050,Julia,-0.7931921843373266,0.17848674489652994
2000-01-25 04:15:00.000000000,935,Julia,0.9152997030801642,-0.5010325942002758
2000-01-25 07:00:00.000000000,989,Julia,-0.2559194810285115,-0.05798890009628499
2000-01-25 08:00:00.000000000,1067,Julia,-0.19126606740765117,0.8882954215971226
2000-01-25 09:15:00.000000000,1021,Julia,-0.5432950054283079,-0.5670198415296175
2000-01-25 09:30:00.000000000,1003,Julia,-0.09111800125213287,-0.8532174958808958
2000-01-25 13:15:00.000000000,1091,Julia,-0.6931096143820714,-0.3747296921253871
2000-01-25 14:45:00.000000000,987,Julia,0.3697237525274166,0.1583805024263516
2000-01-25 15:45:00.000000000,1007,Julia,-0.20258394357120868,-0.057954075373800595
2000-01-25 16:00:00.000000000,1000,Julia,0.39679487233843447,0.593736070157487
2000-01-25 19:00:00.000000000,1060,Julia,0.011155861824027502,0.8216571374630957
2000-01-25 19:30:00.000000000,999,Julia,0.07662189019534238,0.8783905891243071
2000-01-25 21:00:00.000000000,1034,Julia,-0.8071109015444391,-0.42783236349341536
2000-01-25 22:15:00.000000000,1010,Julia,-0.3193342294242887,-0.32963808080539003
2000-01-26 00:15:00.000000000,1012,Julia,-0.8574984341520651,-0.2183124278472688
2000-01-26 00:45:00.000000000,1007,Julia,0.6509878085378795,-0.8044498164693545
2000-01-26 01:00:00.000000000,978,Julia,0.029341188102951055,-0.7593455648496203
2000-01-26 01:15:00.000000000,1002,Julia,0.2686335420970325,0.17253911584360626
2000-01-26 01:30:00.000000000,1006,Julia,-0.5193316108102821,0.5450081366200814
2000-01-26 02:30:00.000000000,1003,Julia,0.7846855048549852,-0.8611591740257245
2000-01-26 02:45:00.000000000,1002,Julia,0.11274998102346023,0.9310269799674193
2000-01-26 06:00:00.000000000,973,Julia,0.5232278062451834,-0.847745365134309
2000-01-26 06:30:00.000000000,970,Julia,0.759119898845245,-0.4328844580857092
2000-01-26 06:45:00.000000000,987,Julia,0.24781317138676595,-0.8214519650147372
2000-01-26 07:15:00.000000000,986,Julia,-0.8958112175496726,-0.9645148411982463
2000-01-26 08:30:00.000000000,1015,Julia,-0.5708017468615871,-0.3651178468976317
2000-01-26 09:00:00.000000000,948,Julia,0.9520474181211669,-0.047303994628373536
2000-01-26 09:45:00.000000000,990,Julia,-0.07284920052630528,0.8770278649908747
2000-01-26 10:45:00.000000000,1010,Julia,-0.6344390413650232,0.23338791875232157
2000-01-26 11:00:00.000000000,1023,Julia,0.7709095645278705,-0.618857995383709
2000-01-26 14:00:00.000000000,970,Julia,-0.6067234302278919,0.3942293789677782
2000-01-26 15:45:00.000000000,1024,Julia,-0.21618464727720021,0.6927461905396939
2000-01-26 17:45:00.000000000,976,Julia,-0.3497082750260321,0.7724302657360986
2000-01-26 18:30:00.000000000,962,Julia,-0.07375973111417267,0.8028087123617049
2000-01-26 18:45:00.000000000,1013,Julia,0.29255647507521476,0.8370266805374738
2000-01-26 23:30:00.000000000,1079,Julia,0.8449580643593146,0.9034290891693546
2000-01-27 00:30:00.000000000,955,Julia,0.493240691732002,-0.25822391940550693
2000-01-27 00:45:00.000000000,988,Julia,-0.2002170417976259,0.11345538471231187
2000-01-27 03:45:00.000000000,1030,Julia,0.8471599149150921,0.9106910406550977
2000-01-27 05:45:00.000000000,949,Julia,0.5790609130997755,-0.23210264516831658
2000-01-27 08:00:00.000000000,1010,Julia,-0.19746481483455725,0.7019072818499397
2000-01-27 08:30:00.000000000,1008,Julia,-0.20642172157212202,-0.08693481855032825
2000-01-27 09:00:00.000000000,982,Julia,0.5290728002836429,0.3775896538274448
2000-01-27 12:45:00.000000000,1013,Julia,-0.6496880015077395,0.29062300622052617
2000-01-27 15:15:00.000000000,994,Julia,0.03054001140393603,-0.9403348760414185
2000-01-27 16:30:00.000000000,1024,Julia,-0.15916851226825757,-0.7028698647736547
2000-01-28 00:00:00.000000000,1006,Julia,0.1941041176373035,-0.9680762399728493
2000-01-28 01:45:00.000000000,1036,Julia,0.022551025248407353,0.6903769204065777
2000-01-28 02:00:00.000000000,1012,Julia,-0.9322655075728123,-0.6833559129113187
2000-01-28 03:30:00.000000000,970,Julia,-0.47224360474005933,0.3170680363615348
2000-01-28 05:45:00.000000000,930,Julia,-0.22547289517506863,0.6607144519691048
2000-01-28 06:00:00.000000000,1040,Julia,0.8587999636923416,-0.47872938790098796
2000-01-28 06:30:00.000000000,960,Julia,0.9344191018876147,-0.2366928145771625
2000-01-28 07:00:00.000000000,962,Julia,0.5073759895572136,0.4983904736215059
2000-01-28 07:30:00.000000000,989,Julia,0.5665502356613583,0.09487748844006605
2000-01-28 08:00:00.000000000,1038,Julia,-0.06406447201037091,0.11090649632771643
2000-01-28 10:00:00.000000000,964,Julia,-0.5326456148387166,0.09538666724651734
2000-01-28 10:45:00.000000000,996,Julia,0.7754698158558333,-0.6461160441203662
2000-01-28 11:00:00.000000000,987,Julia,-0.7939234483764981,-0.569659617570671
2000-01-28 12:30:00.000000000,991,Julia,0.6710078986552179,0.5447826556913096
2000-01-28 12:45:00.000000000,972,Julia,-0.6508167377458178,-0.2726644856824971
2000-01-28 13:15:00.000000000,1063,Julia,0.9748716972478684,-0.9956281770616633
2000-01-28 15:45:00.000000000,1037,Julia,-0.7978894111005272,-0.9236373933531414
2000-01-28 16:15:00.000000000,984,Julia,0.7712568021866619,0.962723745547754
2000-01-28 16:30:00.000000000,958,Julia,0.47227584537620193,0.39945898993737305
2000-01-28 23:00:00.000000000,976,Julia,0.33770579202288764,0.9943738555612653
2000-01-29 00:15:00.000000000,974,Julia,-0.1473220571303404,0.98444847500111
2000-01-29 01:45:00.000000000,1030,Julia,-0.5839797029107285,-0.3284579339876048
2000-01-29 02:45:00.000000000,1015,Julia,-0.24323367714302346,-0.40237314889273557
2000-01-29 04:15:00.000000000,1037,Julia,-0.5909872811114683,-0.47940786927330703
2000-01-29 05:00:00.000000000,953,Julia,0.2151420197790026,-0.578220506395559
2000-01-29 05:30:00.000000000,1023,Julia,0.020157598739079408,0.6588709690661647
2000-01-29 05:45:00.000000000,1001,Julia,-0.9543184113773633,-0.7385436984782059
2000-01-29 07:00:00.000000000,983,Julia,-0.20599946415433368,0.9537711626265875
2000-01-29 09:00:00.000000000,978,Julia,-0.5781377871625992,-0.9383889239068441
2000-01-29 12:00:00.000000000,957,Julia,-0.4813885077024327,0.14177808779899514
2000-01-29 12:30:00.000000000,984,Julia,-0.6210019168939676,-0.47458411178840776
2000-01-29 14:00:00.000000000,1025,Julia,0.37671919850843727,-0.1735355495937243
2000-01-29 14:30:00.000000000,977,Julia,0.32528613685000796,0.519110215707582
2000-01-29 15:00:00.000000000,1002,Julia,-0.07358356846979075,0.3433755921161721
2000-01-29 16:30:00.000000000,1049,Julia,0.01252694537254384,-0.09160797703749579
2000-01-29 18:30:00.000000000,990,Julia,0.14430930223318494,-0.7391330285278432
2000-01-29 20:00:00.000000000,1028,Julia,0.5788994533527281,0.4309707395451181
2000-01-29 20:15:00.000000000,989,Julia,-0.8286389080651984,-0.7757123333212275
2000-01-29 20:45:00.000000000,960,Julia,0.9114248928992386,-0.02395726809555554
2000-01-29 21:00:00.000000000,1048,Julia,0.32632254581324727,0.5168352214452643
2000-01-29 21:30:00.000000000,1062,Julia,0.06805139003902405,-0.5151642184005303
2000-01-29 23:30:00.000000000,1013,Julia,0.5873316453198385,-0.5621478900721266
2000-01-30 01:15:00.000000000,1029,Julia,-0.6137187502349799,0.6110589668522655
2000-01-30 02:00:00.000000000,965,Julia,-0.9359691542901301,-0.43779353515752395
2000-01-30 03:00:00.000000000,1030,Julia,0.47105237310141,-0.5745378456018351
2000-01-30 03:45:00.000000000,1041,Julia,0.4665059636209703,-0.8528991261858301
2000-01-30 06:30:00.000000000,977,Julia,-0.19873901025942886,0.6327285074171942
2000-01-30 06:45:00.000000000,966,Julia,0.44481158092091344,0.4843779392258578
2000-01-30 09:30:00.000000000,1041,Julia,-0.04313259597875785,-0.9130031998300359
2000-01-30 10:30:00.000000000,962,Julia,-0.758725625135922,-0.9123896806069658
2000-01-30 11:45:00.000000000,985,Julia,-0.9143629159474078,-0.436372846197973
2000-01-30 12:15:00.000000000,979,Julia,-0.821774038586357,0.1640843351227721
2000-01-30 16:15:00.000000000,979,Julia,0.5549906060532366,0.10134373492871362
2000-01-30 21:30:00.000000000,1019,Julia,-0.25585065278812125,0.35654844306718614
2000-01-30 22:45:00.000000000,1018,Julia,0.6463404836272053,-0.4763895417217314
2000-01-30 23:00:00.000000000,990,Julia,0.9555288812477427,-0.1581159891754289
2000-01-31 00:00:00.000000000,1015,Julia,0.81584709848129,-0.9820080375399671
2000-01-31 01:45:00.000000000,999,Julia,0.9060772729840152,0.019497925444129205
2000-01-31 02:00:00.000000000,1043,Julia,-0.37820824625798455,0.49781614456304646
2000-01-31 02:45:00.000000000,983,Julia,-0.7257298016919407,-0.18108885696709276
2000-01-31 03:15:00.000000000,984,Julia,-0.4554677343730371,-0.45168560091034493
2000-01-31 04:15:00.000000000,986,Julia,-0.5833781211973788,0.7255892146345315
2000-01-31 04:30:00.000000000,981,Julia,-0.4021197246838999,-0.5083672556160885
2000-01-31 05:45:00.000000000,985,Julia,0.23040881852107442,0.6803675350428011
2000-01-31 06:45:00.000000000,977,Julia,0.6831561804314925,0.9780639055507687
2000-01-31 11:15:00.000000000,1012,Julia,0.6105793449742016,-0.40209587597597585
2000-01-31 11:45:00.000000000,1000,Julia,0.5589975822956288,-0.47506148030162354
2000-01-31 16:45:00.000000000,1019,Julia,-0.9610093556263106,0.7354237522831164
2000-01-31 19:30:00.000000000,1050,Julia,-0.7281170364799974,-0.838552520279777
2000-01-31 19:45:00.000000000,1000,Julia,0.7977227284116291,-0.9400138608800721
2000-01-31 20:15:00.000000000,1000,Julia,0.46426743827928774,0.7600290659777014
2000-01-31 21:00:00.000000000,966,Julia,-0.10953151462794164,0.7280556608472271
2000-01-31 23:30:00.000000000,922,Julia,-0.09198016441654766,0.4214913039254531
2000-01-31 23:45:00.000000000,986,Julia,-0.23931577110303248,0.5065769225353347
2000-02-01 01:00:00.000000000,984,Julia,0.3891838845606026,0.30372046899053173
2000-02-01 01:30:00.000000000,1031,Julia,0.31222097876054633,0.533418852386879
2000-02-01 02:00:00.000000000,991,Julia,0.7722230062583701,0.208272446797247
2000-02-01 02:30:00.000000000,995,Julia,-0.5070284039236959,-0.8511321876577642
2000-02-01 02:45:00.000000000,978,Julia,0.9019124703771779,-0.20485012494911503
2000-02-01 04:00:00.000000000,1001,Julia,-0.7630381177222854,0.2985967054191345
2000-02-01 04:45:00.000000000,1008,Julia,-0.6409918894740909,0.6027053415288872
2000-02-01 07:15:00.000000000,999,Julia,-0.06266410361993446,-0.5119911812273217
2000-02-01 09:30:00.000000000,1034,Julia,0.10414322407995513,0.5285160367811861
2000-02-01 12:15:00.000000000,1022,Julia,-0.38209714605836087,0.28878161950885106
2000-02-01 12:30:00.000000000,963,Julia,0.4636482520326457,-0.5233373012434137
2000-02-01 14:30:00.000000000,1042,Julia,0.11633426964539173,-0.7746631368899703
2000-02-01 14:45:00.000000000,971,Julia,0.7369391572107953,-0.7442783438798444
2000-02-01 15:00:00.000000000,982,Julia,-0.9481173220714663,-0.7029039210526886
2000-02-01 18:00:00.000000000,1009,Julia,-0.30237448742800055,0.09910962228891607
2000-02-01 20:15:00.000000000,1019,Julia,-0.2522933702593344,0.7104964393343178
2000-02-01 23:00:00.000000000,1032,Julia,0.1054834151883619,-0.484477508499763
2000-02-01 23:15:00.000000000,1007,Julia,0.0006889272374608346,0.07573345453072622
2000-02-01 23:30:00.000000000,1038,Julia,0.019939952180149323,-0.010193114229479106
2000-02-02 00:00:00.000000000,990,Julia,-0.6739754881166211,-0.4095391802390016
2000-02-02 01:00:00.000000000,976,Julia,0.03376392907325676,0.21934843484566358
2000-02-02 04:45:00.000000000,1033,Julia,0.4929963571919618,-0.430814256709934
2000-02-02 05:00:00.000000000,989,Julia,0.8688369975504902,-0.12268973506904723
2000-02-02 05:15:00.000000000,939,Julia,0.6795165414659916,0.0829517984928152
2000-02-02 09:45:00.000000000,994,Julia,0.7318636027810983,0.4870498207196381
2000-02-02 10:30:00.000000000,1030,Julia,-0.25198996094636317,-0.5454972333963548
2000-02-02 13:15:00.000000000,996,Julia,-0.9744639084393472,-0.7532704706410016
2000-02-02 13:45:00.000000000,991,Julia,-0.31349509630181216,0.7084011423835082
2000-02-02 15:15:00.000000000,995,Julia,0.5701499081653363,-0.5230546058319281
2000-02-02 15:30:00.000000000,1021,Julia,-0.7066823267316718,0.9303012900917735
2000-02-02 17:45:00.000000000,950,Julia,-0.4415286706635151,0.8585062431941135
2000-02-02 18:15:00.000000000,991,Julia,-0.12375508585329809,-0.2837566531600939
2000-02-02 18:30:00.000000000,1052,Julia,-0.8425898763374584,0.4844495618632265
2000-02-02 20:15:00.000000000,1013,Julia,-0.9148225249735427,0.24720519992231327
2000-02-02 21:15:00.000000000,1055,Julia,-0.20939537374378947,-0.2231834634803167
2000-02-02 22:00:00.000000000,980,Julia,0.0855573704267385,0.6165921791724192
2000-02-02 22:15:00.000000000,1003,Julia,0.8986222368372487,0.5251317456509415
2000-02-02 22:45:00.000000000,976,Julia,-0.9283561496298067,0.10442381590101268
2000-02-03 01:30:00.000000000,1028,Julia,-0.8206011159972542,-0.4337378868086943
2000-02-03 02:15:00.000000000,1025,Julia,0.9388892318986459,0.8775197541594426
2000-02-03 04:45:00.000000000,975,Julia,0.9042427091040184,0.882938252911873
2000-02-03 09:15:00.000000000,1022,Julia,-0.15905909680294172,0.3869877743067043
2000-02-03 09:45:00.000000000,992,Julia,-0.1534000909369586,-0.16415373138730183
2000-02-03 10:15:00.000000000,962,Julia,0.15718427534155066,-0.9253639529672266
2000-02-03 10:45:00.000000000,1010,Julia,0.3177006064714649,-0.2622537675004044
2000-02-03 13:15:00.000000000,949,Julia,-0.20291711962115833,0.8023145724541072
2000-02-03 14:15:00.000000000,985,Julia,0.9232845340418303,-0.47864316222381054
2000-02-03 15:00:00.000000000,998,Julia,0.9730544141441473,0.26626594120821867
2000-02-03 16:15:00.000000000,974,Julia,0.9438206497370001,-0.7861901197694365
2000-02-03 16:45:00.000000000,994,Julia,-0.5853099397019232,-0.8042224782465457
2000-02-03 17:15:00.000000000,986,Julia,0.5174666857540151,0.3998399303711957
2000-02-03 17:45:00.000000000,1005,Julia,0.7836071041513335,0.4312420168270772
2000-02-03 19:00:00.000000000,1000,Julia,-0.639619774968595,0.9501617607836637
2000-02-03 19:15:00.000000000,989,Julia,0.28903476550974894,0.6015212181759413
2000-02-03 19:30:00.000000000,1012,Julia,-0.11547528913214933,0.46853163585949753
2000-02-03 20:30:00.000000000,1030,Julia,-0.4313055506817147,-0.009182161943749323
2000-02-03 21:15:00.000000000,974,Julia,-0.7838702890244544,-0.9354171720221023
2000-02-04 00:15:00.000000000,936,Julia,-0.12176673517725956,-0.42112628209710357
2000-02-04 02:15:00.000000000,1008,Julia,0.8944897956952831,-0.945055917379739
2000-02-04 03:45:00.000000000,956,Julia,-0.46133427317749853,-0.5513227407076775
2000-02-04 04:15:00.000000000,942,Julia,0.7895875948024109,-0.9920423849792919
2000-02-04 06:00:00.000000000,1004,Julia,0.585270343570439,0.11157004916197644
2000-02-04 07:15:00.000000000,988,Julia,0.24727916006899986,-0.09442890000975246
2000-02-04 08:30:00.000000000,1035,Julia,0.9248877012549641,0.969064031064709
2000-02-04 10:00:00.000000000,1033,Julia,-0.5711859139029427,0.3078029787470371
2000-02-04 10:15:00.000000000,1007,Julia,-0.4621934456180372,0.7810802765148108
2000-02-04 10:45:00.000000000,1004,Julia,0.6874050285173363,-0.20970690513500245
2000-02-04 11:30:00.000000000,982,Julia,0.017602687621322666,0.9320271585816375
2000-02-04 12:00:00.000000000,951,Julia,-0.1749030404199028,-0.3917596546478519
2000-02-04 12:30:00.000000000,1017,Julia,0.8718804654733301,0.2844216749973878
2000-02-04 14:30:00.000000000,967,Julia,-0.5767528296021842,0.6756389474392095
2000-02-04 16:45:00.000000000,1035,Julia,-0.4567737996169974,0.7800042105615148
2000-02-04 17:30:00.000000000,982,Julia,0.7131997760476514,0.25311989738600693
2000-02-04 18:00:00.000000000,998,Julia,0.8622372112213086,-0.2959036276583331
2000-02-04 18:45:00.000000000,998,Julia,-0.7825617135782721,0.4040977212986492
2000-02-04 19:15:00.000000000,1007,Julia,-0.2905457500778299,-0.7433620206713392
2000-02-04 19:30:00.000000000,1023,Julia,-0.027205399130799224,0.029423997672644475
2000-02-04 20:00:00.000000000,1001,Julia,0.4331581848889159,0.888845913535061
2000-02-04 20:15:00.000000000,995,Julia,0.519557608282929,0.317675505478328
2000-02-04 20:30:00.000000000,1038,Julia,0.9172270307146999,0.5616321489793616
2000-02-04 20:45:00.000000000,1018,Julia,-0.26216465569555236,0.9249766240678492
2000-02-04 21:00:00.000000000,1034,Julia,-0.1827389393819503,-0.9839637751213841
2000-02-05 01:00:00.000000000,983,Julia,0.7456003393255042,0.4865996321019288
2000-02-05 01:45:00.000000000,972,Julia,-0.9515161641729046,0.8374702444862294
2000-02-05 02:15:00.000000000,997,Julia,-0.6138598254318286,-0.6003138687659901
2000-02-05 02:45:00.000000000,1020,Julia,-0.05042759623045634,-0.11275998825632483
2000-02-05 03:00:00.000000000,1029,Julia,-0.8763141311709199,-0.41371162229415814
2000-02-05 04:45:00.000000000,1041,Julia,-0.9857534839780677,-0.96983301042858
2000-02-05 05:15:00.000000000,992,Julia,-0.5658053339286937,-0.1396688741822052
2000-02-05 06:15:00.000000000,1050,Julia,0.8689326191835296,-0.33215681610214065
2000-02-05 07:00:00.000000000,1041,Julia,0.856708203264593,-0.6009386732523674
2000-02-05 09:45:00.000000000,1014,Julia,0.31665571348729404,-0.49614781361941396
2000-02-05 11:30:00.000000000,964,Julia,0.11502412203552947,0.7948253173444098
2000-02-05 12:15:00.000000000,986,Julia,0.43216538821693695,0.5037342324562915
2000-02-05 13:00:00.000000000,1003,Julia,-0.6427466353443023,-0.3923785766584189
2000-02-05 14:00:00.000000000,1003,Julia,0.2731650698319754,0.23315149348686104
2000-02-05 14:15:00.000000000,1020,Julia,0.44928668676239036,0.26955102712219103
2000-02-05 15:45:00.000000000,987,Julia,-0.28422151952186714,-0.787074573724893
2000-02-05 18:00:00.000000000,993,Julia,-0.6882077982836288,-0.27766414033745535
2000-02-06 01:30:00.000000000,1004,Julia,-0.8875602078324778,0.8951176478080869
2000-02-06 03:30:00.000000000,966,Julia,0.05319000014667341,-0.044211117450516646
2000-02-06 04:30:00.000000000,1035,Julia,-0.6748345135734415,-0.5742895492482907
2000-02-06 05:45:00.000000000,954,Julia,-0.07482263716195359,-0.027466311230860185
2000-02-06 08:15:00.000000000,961,Julia,-0.7922076974828789,0.017637658664837685
2000-02-06 10:00:00.000000000,1005,Julia,0.9635222199443809,-0.3580658354529096
2000-02-06 12:00:00.000000000,966,Julia,-0.1864282357887681,0.4922333516461481
2000-02-06 14:15:00.000000000,1001,Julia,-0.7449574982369549,-0.6134521760862688
2000-02-06 15:30:00.000000000,1033,Julia,-0.42981721808555173,0.7472185604549144
2000-02-06 19:00:00.000000000,949,Julia,-0.03936661010684417,-0.6436111373122941
2000-02-06 19:30:00.000000000,984,Julia,-0.5457906655631546,-0.13710493952285696
2000-02-06 21:15:00.000000000,1048,Julia,-0.6315529855700837,-0.7734631930179747
2000-02-06 21:45:00.000000000,978,Julia,0.6439121975726037,-0.2024621593715239
2000-02-06 22:15:00.000000000,1066,Julia,-0.25694876676013023,0.06288060513750193
2000-02-06 23:15:00.000000000,1001,Julia,-0.04278650567987485,-0.055510066149120796
2000-02-06 23:30:00.000000000,1012,Julia,-0.02265232322257238,-0.2579984389402419
2000-02-06 23:45:00.000000000,956,Julia,0.671926007736446,-0.3588946017478005
2000-02-07 00:00:00.000000000,967,Julia,0.2679360735194969,-0.6189082048102506
2000-02-07 01:30:00.000000000,1015,Julia,0.008044843503716592,0.9160435400352689
2000-02-07 03:15:00.000000000,978,Julia,-0.7650600657060689,-0.5215509465855912
2000-02-07 05:45:00.000000000,1009,Julia,-0.7733401874258397,-0.8127670100848015
2000-02-07 08:15:00.000000000,1024,Julia,0.21729750401118353,-0.6882518463471448
2000-02-07 09:00:00.000000000,942,Julia,0.6678770830926721,0.9814860495906903
2000-02-07 13:15:00.000000000,985,Julia,-0.09884042552382466,-0.16475902902680528
2000-02-07 19:45:00.000000000,974,Julia,-0.5728601002094178,0.5627383194145177
2000-02-07 22:15:00.000000000,989,Julia,0.42997681903877805,0.9725202471705072
2000-02-08 05:00:00.000000000,1017,Julia,0.4972368176099473,-0.5800632054501706
2000-02-08 09:45:00.000000000,1014,Julia,-0.3840555272188564,0.576130334760877
2000-02-08 13:30:00.000000000,1018,Julia,-0.7622326922013754,0.380314742121592
2000-02-08 16:00:00.000000000,1044,Julia,0.7028376064200383,-0.7800709053823585
2000-02-08 17:15:00.000000000,1001,Julia,0.07824995146501523,0.44347969539223797
2000-02-08 18:45:00.000000000,997,Julia,0.18157145031952626,-0.82724816135005
2000-02-08 19:45:00.000000000,1030,Julia,-0.610950030344902,0.8122907085932756
2000-02-08 20:15:00.000000000,992,Julia,0.7552245090417247,-0.5152791113031194
2000-02-08 21:00:00.000000000,987,Julia,-0.5130880386106198,0.28588453160933724
2000-02-08 21:30:00.000000000,992,Julia,-0.7180434388582333,0.7849674699117277
2000-02-08 22:15:00.000000000,1014,Julia,-0.4490636569274242,0.753159029302962
2000-02-09 02:30:00.000000000,992,Julia,0.4756205289598745,0.0385119278494761
2000-02-09 03:00:00.000000000,1019,Julia,-0.06687777761668867,0.1600821524460696
2000-02-09 03:45:00.000000000,996,Julia,0.28519973661176157,-0.8795599638736971
2000-02-09 04:00:00.000000000,987,Julia,-0.1362508206175599,0.7651386402327436
2000-02-09 05:15:00.000000000,1001,Julia,0.47833274119983793,0.3161249852058159
2000-02-09 05:30:00.000000000,962,Julia,0.2804110297868676,0.6236744210511487
2000-02-09 06:15:00.000000000,1022,Julia,-0.0015877114076057186,-0.6753109608740056
2000-02-09 07:15:00.000000000,1025,Julia,-0.30264244439979926,-0.855138085061621
2000-02-09 07:30:00.000000000,1043,Julia,0.012039998473551528,-0.16113808563614906
2000-02-09 10:30:00.000000000,1037,Julia,0.8185152295460023,0.841786307638537
2000-02-09 10:45:00.000000000,918,Julia,-0.3324485730141078,-0.3591521480765625
2000-02-09 12:15:00.000000000,1015,Julia,0.6483353341292419,-0.31993452178997805
2000-02-09 12:30:00.000000000,1002,Julia,0.939096381130587,0.30571552557840387
2000-02-09 12:45:00.000000000,1015,Julia,0.9894814670027148,0.9214853451917933
2000-02-09 19:15:00.000000000,972,Julia,0.1056707829091228,-0.4102296504358651
2000-02-09 20:15:00.000000000,991,Julia,-0.263879899434897,0.2526369445816312
2000-02-09 21:45:00.000000000,954,Julia,0.5769756664283756,-0.15908680461780111
2000-02-09 22:00:00.000000000,1022,Julia,0.20722811994007095,0.5063998622753674
2000-02-09 23:45:00.000000000,919,Julia,0.12174825662493727,-0.8124013992254082
2000-02-10 04:15:00.000000000,963,Julia,0.11321720260709967,-0.7652311512530297
2000-02-10 04:45:00.000000000,1054,Julia,0.2769346313247638,-0.20312025116522725
2000-02-10 05:15:00.000000000,955,Julia,-0.23201817600702035,-0.7483304986845656
2000-02-10 07:00:00.000000000,953,Julia,-0.5385818212890983,0.8133670742795034
2000-02-10 07:15:00.000000000,993,Julia,-0.6182400498500742,-0.2893560673715809
2000-02-10 09:15:00.000000000,1007,Julia,0.9056691055221384,-0.6787795168318471
2000-02-10 11:15:00.000000000,1000,Julia,-0.3816638648864821,-0.12013140685900603
2000-02-10 16:15:00.000000000,1002,Julia,0.6758260679309722,0.24527554977956
2000-02-10 18:00:00.000000000,1016,Julia,-0.477313494790254,-0.9067107108611197
2000-02-10 20:45:00.000000000,1025,Julia,-0.9242926496138197,0.2887798697594617
2000-02-10 21:45:00.000000000,954,Julia,0.15147191426778583,-0.7439431517888215
2000-02-10 22:00:00.000000000,993,Julia,0.17916997219396769,-0.45865077460375314
2000-02-10 23:45:00.000000000,1003,Julia,0.05000513830465847,0.00466004663858266
2000-02-11 00:00:00.000000000,1020,Julia,-0.47201776454163014,-0.26733091605282233
2000-02-11 00:45:00.000000000,984,Julia,-0.27147794590719276,0.3757294928461159
2000-02-11 01:30:00.000000000,1008,Julia,-0.835176396222304,0.5234138621838813
2000-02-11 02:00:00.000000000,1043,Julia,-0.5436574973397481,0.856396530185209
2000-02-11 02:15:00.000000000,1014,Julia,-0.6480771722536061,-0.8608822276793195
2000-02-11 02:30:00.000000000,992,Julia,-0.17354230570793527,0.9094102111400262
2000-02-11 02:45:00.000000000,1001,Julia,0.2849026220603197,-0.7433591039102689
2000-02-11 04:00:00.000000000,1067,Julia,0.5946074477866019,-0.020610224322770376
2000-02-11 05:45:00.000000000,998,Julia,-0.2622368165509079,-0.1056961802808487
2000-02-11 09:30:00.000000000,959,Julia,-0.3847297800710163,-0.7493336922344316
2000-02-11 11:30:00.000000000,970,Julia,0.9594769288452611,0.4001931394245317
2000-02-11 14:45:00.000000000,988,Julia,0.7767073374560682,-0.98697603205504
2000-02-11 17:15:00.000000000,968,Julia,0.455791231153134,-0.6177432958099456
2000-02-11 20:00:00.000000000,994,Julia,-0.6201455466158985,0.634907526200359
2000-02-11 20:30:00.000000000,1049,Julia,0.7149043067577883,0.9615651967787839
2000-02-11 21:00:00.000000000,964,Julia,-0.6499661813660986,-0.6585513792199715
2000-02-11 21:30:00.000000000,1073,Julia,-0.42285223109951553,-0.9096804173699127
2000-02-12 02:30:00.000000000,955,Julia,-0.9519234172614486,-0.924948207680274
2000-02-12 04:45:00.000000000,1056,Julia,0.7316568575542308,0.204983874595839
2000-02-12 05:15:00.000000000,983,Julia,-0.3480381236956849,-0.6338915574959709
2000-02-12 05:30:00.000000000,965,Julia,-0.20752595975896693,-0.6819649531284484
2000-02-12 08:00:00.000000000,991,Julia,0.4530490755046377,-0.9507449931233538
2000-02-12 10:30:00.000000000,1002,Julia,0.8195683221623022,-0.9602207050782225
2000-02-12 10:45:00.000000000,988,Julia,-0.6366116251291092,-0.4873550080125362
2000-02-12 11:15:00.000000000,1028,Julia,-0.2908456685035312,0.7329488611888435
2000-02-12 12:30:00.000000000,951,Julia,0.5303125452704005,0.7873692881043393
2000-02-12 12:45:00.000000000,986,Julia,-0.04805427409468854,-0.062079739173502624
2000-02-12 13:00:00.000000000,1025,Julia,-0.0719530802503916,-0.555979076498138
2000-02-12 14:30:00.000000000,1033,Julia,-0.8587545856200136,-0.392906365265524
2000-02-12 15:30:00.000000000,1029,Julia,-0.7890844898896221,-0.21820534530861946
2000-02-12 16:00:00.000000000,986,Julia,-0.791040235991525,-0.47375257555757044
2000-02-12 16:15:00.000000000,1037,Julia,-0.3628580321092991,0.015178583517149846
2000-02-12 17:15:00.000000000,974,Julia,0.22750143100300235,0.805904522313734
2000-02-12 21:45:00.000000000,990,Julia,-0.3391660990089791,0.7091421273337897
2000-02-12 23:30:00.000000000,988,Julia,-0.4367508363589512,0.3215828432380481
2000-02-13 00:00:00.000000000,966,Julia,-0.566312407135326,-0.005756197976365396
2000-02-13 00:15:00.000000000,1004,Julia,0.2433835335586556,0.5668079205407761
2000-02-13 04:00:00.000000000,1016,Julia,-0.8383634442915513,0.30065903270251093
2000-02-13 06:30:00.000000000,1017,Julia,-0.959872185044534,0.20580121212881664
2000-02-13 07:00:00.000000000,1020,Julia,0.8455702223702433,0.3509726807702478
2000-02-13 11:00:00.000000000,1008,Julia,0.8211387865910618,0.6687514281044131
2000-02-13 11:45:00.000000000,950,Julia,0.3068423204147259,0.03886961514419851
2000-02-13 16:15:00.000000000,1023,Julia,0.2333482795365136,-0.4123068964329424
2000-02-13 18:00:00.000000000,921,Julia,-0.7029683712390238,0.2625694240683858
2000-02-13 19:00:00.000000000,984,Julia,-0.6989283433346443,-0.16936166780342465
2000-02-13 22:30:00.000000000,1023,Julia,-0.07987112612429725,-0.19049008158798442
2000-02-13 23:30:00.000000000,989,Julia,-0.918017398606628,0.15095273569864487
2000-02-14 00:45:00.000000000,1022,Julia,0.7162998243641219,-0.7013588783721145
2000-02-14 03:00:00.000000000,945,Julia,-0.3043010852597492,-0.5039004508367475
2000-02-14 05:30:00.000000000,950,Julia,-0.851837397519003,0.786605445640032
2000-02-14 06:00:00.000000000,1000,Julia,-0.5725830510565926,-0.061956562581303
2000-02-14 06:15:00.000000000,1016,Julia,0.3561717667239017,-0.5921734136624948
2000-02-14 07:30:00.000000000,1002,Julia,0.11463281157251504,-0.9102661020410978
2000-02-14 08:45:00.000000000,1027,Julia,-0.182924831663001,-0.9655972423718973
2000-02-14 09:15:00.000000000,986,Julia,-0.46421688738177225,0.46290946855886195
2000-02-14 10:00:00.000000000,999,Julia,0.06511720914988262,0.4701850127317362
2000-02-14 13:15:00.000000000,1033,Julia,0.5281617737397479,0.9162030957805134
2000-02-14 14:45:00.000000000,1005,Julia,-0.9429296312869784,0.8944962634178808
2000-02-14 16:00:00.000000000,1034,Julia,-0.746938798804744,0.7797855861045189
2000-02-14 19:15:00.000000000,1005,Julia,0.6384578764030768,0.6801041350866466
2000-02-14 20:30:00.000000000,1017,Julia,0.7110970659727307,-0.0032715692215858905
2000-02-14 22:30:00.000000000,1026,Julia,-0.5073525644429477,0.21320221563461694
2000-02-14 23:00:00.000000000,1006,Julia,0.10831679758642432,0.8044821236866386
2000-02-15 00:15:00.000000000,982,Julia,-0.03253674862325462,-0.753202973905913
2000-02-15 00:45:00.000000000,1013,Julia,-0.08283876539887025,0.36267347928236027
2000-02-15 01:00:00.000000000,1050,Julia,-0.8267435081114296,0.618178607632923
2000-02-15 01:45:00.000000000,997,Julia,-0.9811173373120452,0.18422827406475917
2000-02-15 04:30:00.000000000,1018,Julia,-0.3101179374574776,-0.5295391920233792
2000-02-15 05:15:00.000000000,1042,Julia,0.02695880279665852,-0.8315538152896307
2000-02-15 12:00:00.000000000,1027,Julia,-0.28039391508691547,-0.5664171446173538
2000-02-15 12:30:00.000000000,965,Julia,0.012229930156111513,0.4398952233101219
2000-02-15 17:15:00.000000000,1053,Julia,0.5915215585711884,-0.016872646060926755
2000-02-15 18:30:00.000000000,957,Julia,0.6138555211127612,-0.7607066682976553
2000-02-15 19:45:00.000000000,1041,Julia,0.18346677156175595,-0.7853917396744978
2000-02-15 21:00:00.000000000,976,Julia,-0.3871314177600551,0.412486860890217
2000-02-16 01:45:00.000000000,1053,Julia,0.6081912587732898,0.6603017693599202
2000-02-16 04:30:00.000000000,1004,Julia,0.7693734406586328,0.325432808930773
2000-02-16 06:00:00.000000000,996,Julia,0.5339263704279014,-0.2630046585518544
2000-02-16 06:30:00.000000000,1042,Julia,0.8766042903999696,-0.7923885954368468
2000-02-16 09:45:00.000000000,1047,Julia,-0.5925304761842769,-0.933809147250267
2000-02-16 10:15:00.000000000,1035,Julia,0.47497107572042574,-0.9419880755146419
2000-02-16 10:45:00.000000000,988,Julia,-0.36948630531098536,0.9865858177410387
2000-02-16 13:00:00.000000000,974,Julia,0.2647101279799051,0.634580776498171
2000-02-16 13:15:00.000000000,958,Julia,-0.10078033076148674,-0.5874498687627934
2000-02-16 14:45:00.000000000,994,Julia,-0.8929146312009473,0.2606790661237326
2000-02-16 16:30:00.000000000,983,Julia,0.36917989000881746,-0.12672299678429155
2000-02-16 20:15:00.000000000,1015,Julia,-0.46294161106592635,-0.3405939591274003
2000-02-17 03:00:00.000000000,1029,Julia,-0.8718879064106382,0.18953445778848543
2000-02-17 09:30:00.000000000,1055,Julia,-0.7679258030064131,-0.31716393921539376
2000-02-17 10:15:00.000000000,946,Julia,0.3270128421851326,-0.8380654326438384
2000-02-17 13:15:00.000000000,984,Julia,-0.9315364544483977,-0.44717935280588383
2000-02-17 13:30:00.000000000,957,Julia,-0.561995757088132,-0.7286448488107353
2000-02-17 15:30:00.000000000,1064,Julia,0.8281681364816471,0.13452120772031106
2000-02-17 16:00:00.000000000,1008,Julia,0.6984759407476164,-0.46899899482308127
2000-02-17 20:00:00.000000000,950,Julia,0.23627762984357314,-0.6194465227592301
2000-02-17 22:15:00.000000000,1027,Julia,-0.33546764931662,-0.19992311765967496
2000-02-17 23:45:00.000000000,1008,Julia,0.20392507697951423,0.37657266055795224
2000-02-18 01:00:00.000000000,958,Julia,0.19755186162866112,0.8948794116143082
2000-02-18 07:15:00.000000000,1008,Julia,0.22043971599431367,-0.6577764766665095
2000-02-18 09:00:00.000000000,1011,Julia,-0.8813422287348991,0.3419612907181029
2000-02-18 10:45:00.000000000,977,Julia,-0.14564579195877037,-0.19367753973746304
2000-02-18 11:30:00.000000000,1031,Julia,-0.2696411945781738,-0.47373904339466333
2000-02-18 12:45:00.000000000,1023,Julia,-0.45831819786155137,-0.047845168705210384
2000-02-18 13:00:00.000000000,1027,Julia,-0.6615185176731202,-0.4783251971325879
2000-02-18 13:15:00.000000000,1001,Julia,-0.30591209401770336,-0.6026355453489611
2000-02-18 17:00:00.000000000,1002,Julia,-0.5945793736706697,-0.677809328867262
2000-02-18 19:15:00.000000000,948,Julia,0.674240907276179,0.5309757725620654
2000-02-18 20:45:00.000000000,912,Julia,-0.706028225554314,0.8252254258798042
2000-02-19 00:00:00.000000000,1011,Julia,-0.7898579756099768,-0.884292127977605
2000-02-19 05:45:00.000000000,995,Julia,-0.8221076883287481,-0.3289769828773679
2000-02-19 06:45:00.000000000,1044,Julia,0.019361397986413786,0.8583122730635706
2000-02-19 09:45:00.000000000,985,Julia,-0.9385495356936067,0.1656604824281549
2000-02-19 12:00:00.000000000,938,Julia,0.7617923765737378,-0.8612508082204768
2000-02-19 13:45:00.000000000,1035,Julia,0.2359986353954635,0.9864479574512164
2000-02-19 16:15:00.000000000,992,Julia,0.8702174703094954,-0.8121789439411924
2000-02-19 18:00:00.000000000,993,Julia,-0.4676751833596724,0.42858803688248437
2000-02-19 18:45:00.000000000,963,Julia,-0.941461843707692,0.258387166177632
2000-02-19 19:15:00.000000000,1047,Julia,-0.940976813868537,0.022365198601841607
2000-02-19 21:45:00.000000000,1020,Julia,0.9079067490761987,-0.8891819313329143
2000-02-19 23:00:00.000000000,956,Julia,-0.5446300091431895,-0.1419560841764751
2000-02-20 00:00:00.000000000,985,Julia,-0.8920160320575063,-0.4530310273115252
2000-02-20 01:00:00.000000000,1100,Julia,0.1429043872181477,0.8686663835117989
2000-02-20 01:15:00.000000000,1022,Julia,-0.9794192090050275,-0.4389257633331547
2000-02-20 02:15:00.000000000,1037,Julia,-0.15287802589227195,0.40277974701316666
2000-02-20 05:00:00.000000000,990,Julia,0.15203360133445343,0.5048819798342739
2000-02-20 05:45:00.000000000,1073,Julia,-0.47119703252313405,-0.7359276422874819
2000-02-20 06:45:00.000000000,1036,Julia,-0.9665079061964938,0.8276276531322035
2000-02-20 10:15:00.000000000,1021,Julia,0.20845295125187624,0.1742380576572493
2000-02-20 11:30:00.000000000,987,Julia,0.24822056156529726,0.031001217824135674
2000-02-20 14:15:00.000000000,985,Julia,0.45791059750850516,0.19531943800807827
2000-02-20 14:45:00.000000000,941,Julia,-0.20552409555816253,-0.21897703142778702
2000-02-20 17:15:00.000000000,1011,Julia,-0.09972309760049725,0.14508846610031645
2000-02-20 17:30:00.000000000,1052,Julia,0.36140897640548375,0.3329165654335071
2000-02-20 17:45:00.000000000,1011,Julia,-0.06949328963910584,0.36691527972460225
2000-02-20 18:45:00.000000000,960,Julia,-0.9678832003769695,-0.5036382880800001
2000-02-20 19:00:00.000000000,981,Julia,0.9396450249006236,-0.02049883776810213
2000-02-20 20:30:00.000000000,971,Julia,0.2033927068450152,0.5509264589488443
2000-02-20 21:45:00.000000000,1026,Julia,0.21574601477478672,0.756775443362631
2000-02-21 00:45:00.000000000,1036,Julia,-0.9559542433813666,-0.9936896882123984
2000-02-21 01:30:00.000000000,951,Julia,0.7096415458044274,-0.7281168500498434
2000-02-21 02:45:00.000000000,1018,Julia,0.5740167655261026,-0.016566781986253165
2000-02-21 05:45:00.000000000,995,Julia,0.8673118259023418,0.7434046785364521
2000-02-21 10:15:00.000000000,999,Julia,-0.09410681844825008,0.012120716412166832
2000-02-21 11:45:00.000000000,968,Julia,-0.6974078861059809,0.1591087232254893
2000-02-21 13:15:00.000000000,981,Julia,-0.22874335445755234,-0.2202460821808454
2000-02-21 14:30:00.000000000,957,Julia,-0.5379356027299562,-0.07503728619009165
2000-02-21 17:15:00.000000000,971,Julia,-0.6928575248058699,0.7018864463864498
2000-02-21 18:15:00.000000000,1013,Julia,0.013599532970884232,-0.3192172446129784
2000-02-21 18:45:00.000000000,1020,Julia,-0.15595267847702554,0.7866867617194455
2000-02-21 19:30:00.000000000,992,Julia,-0.7578029783946698,0.8566182478814026
2000-02-21 20:15:00.000000000,926,Julia,-0.07349526816590779,0.49684841588627715
2000-02-21 22:00:00.000000000,1009,Julia,0.11874953798855481,-0.423726276006287
2000-02-21 23:45:00.000000000,950,Julia,-0.9589725997331544,-0.1341813102565934
2000-02-22 01:30:00.000000000,1031,Julia,0.7421624679503878,0.693342541569467
2000-02-22 03:00:00.000000000,1041,Julia,0.7576282825906571,-0.9696056709013208
2000-02-22 03:15:00.000000000,1034,Julia,0.05324879424645257,0.8886487664173874
2000-02-22 05:45:00.000000000,1057,Julia,0.30143513773422526,0.1589806075262057
2000-02-22 06:45:00.000000000,967,Julia,0.04211693331248023,-0.28745098389677026
2000-02-22 08:45:00.000000000,941,Julia,-0.3464906615089103,-0.8694510986507706
2000-02-22 10:00:00.000000000,1010,Julia,0.7620522261671119,0.0936017659505286
2000-02-22 12:00:00.000000000,1039,Julia,0.658907058364141,0.43776019283117384
2000-02-22 13:15:00.000000000,1000,Julia,0.33282803326385735,0.7309934555658373
2000-02-22 15:00:00.000000000,949,Julia,-0.16367062270866417,-0.3602622376115967
2000-02-22 15:30:00.000000000,996,Julia,-0.6406761226843829,-0.20300354071214088
2000-02-22 18:45:00.000000000,987,Julia,-0.5007447017172704,-0.8234503383432292
2000-02-22 19:15:00.000000000,1017,Julia,-0.548496304498505,0.6495570800144317
2000-02-22 23:00:00.000000000,987,Julia,0.6318942873975606,-0.38864068599807267
2000-02-23 00:15:00.000000000,1002,Julia,-0.7744425667658643,0.3370585926786136
2000-02-23 01:00:00.000000000,1054,Julia,0.164407391411711,0.12019111457485332
2000-02-23 03:00:00.000000000,1060,Julia,0.2110398646242846,-0.22731938274561259
2000-02-23 03:30:00.000000000,1002,Julia,0.21078044985539934,-0.2925981101761437
2000-02-23 04:00:00.000000000,1008,Julia,0.8387432185823471,0.27700293769199025
2000-02-23 05:00:00.000000000,1036,Julia,-0.48849721306469296,0.48147430218965215
2000-02-23 07:15:00.000000000,961,Julia,-0.8509553358594011,0.7117935314678732
2000-02-23 08:00:00.000000000,970,Julia,-0.2944656424457244,0.6088620195445855
2000-02-23 08:15:00.000000000,985,Julia,-0.39513351173103106,0.9394493642889288
2000-02-23 08:30:00.000000000,982,Julia,0.5156369050438816,0.9979851492782912
2000-02-23 09:45:00.000000000,1024,Julia,0.8492861432980969,-0.02734448658827282
2000-02-23 11:15:00.000000000,979,Julia,0.024463166162725036,-0.843906148141226
2000-02-23 11:45:00.000000000,991,Julia,0.6067946250086038,-0.14287594800949943
2000-02-23 13:45:00.000000000,1001,Julia,-0.5890171050488258,-0.8047391814337006
2000-02-23 14:00:00.000000000,1039,Julia,0.7878939934656946,0.837320619663225
2000-02-23 16:00:00.000000000,949,Julia,0.057275967728819044,-0.043552429795213676
2000-02-23 16:30:00.000000000,978,Julia,-0.3972482071793175,-0.604335800966213
2000-02-23 18:45:00.000000000,1012,Julia,-0.6002097570763871,0.08887546610576291
2000-02-23 19:45:00.000000000,991,Julia,-0.45402731848243705,-0.3802980348585552
2000-02-23 20:15:00.000000000,983,Julia,-0.37824494739788084,0.2167928771579013
2000-02-23 20:30:00.000000000,940,Julia,-0.6705566448338804,-0.565498528638986
2000-02-23 21:15:00.000000000,1001,Julia,-0.06126639965324587,0.8469678043881923
2000-02-23 23:45:00.000000000,1038,Julia,-0.4046941203533647,0.16469859099837292
2000-02-24 02:15:00.000000000,988,Julia,-0.16183531811714658,0.6649321195404116
2000-02-24 02:30:00.000000000,944,Julia,0.8928108487080983,-0.547953280730527
2000-02-24 03:00:00.000000000,1003,Julia,-0.010526201473402885,0.6363250270528806
2000-02-24 03:30:00.000000000,1024,Julia,-0.05256527427155455,0.3941333950005741
2000-02-24 03:45:00.000000000,994,Julia,-0.31171189876134364,0.6592399309193544
2000-02-24 04:45:00.000000000,1042,Julia,-0.06695894313278594,0.26223878273828594
2000-02-24 07:30:00.000000000,980,Julia,-0.03327022372490385,0.710077785003218
2000-02-24 08:15:00.000000000,977,Julia,0.8812973063032412,0.3327920207950832
2000-02-24 08:30:00.000000000,1007,Julia,-0.6649811222665416,-0.11634530504801166
2000-02-24 09:45:00.000000000,1054,Julia,-0.13287291402349166,-0.3362334723205507
2000-02-24 11:00:00.000000000,1034,Julia,0.12850298031674834,-0.7849389985783273
2000-02-24 12:45:00.000000000,994,Julia,0.4436952126524518,0.9615336539755781
2000-02-24 13:30:00.000000000,1015,Julia,-0.37694038352803494,0.15775923167922135
2000-02-24 14:00:00.000000000,933,Julia,0.6073458258992126,-0.7642412482874645
2000-02-24 14:15:00.000000000,951,Julia,-0.9231097243432305,-0.6181350878146403
2000-02-24 15:00:00.000000000,1019,Julia,-0.7092547942948411,-0.10042280799825298
2000-02-24 15:15:00.000000000,1011,Julia,0.5354644107929198,0.7042597967232713
2000-02-24 16:45:00.000000000,1060,Julia,0.16705795904303034,-0.5955669040705256
2000-02-24 17:15:00.000000000,992,Julia,0.931313806177144,-0.4792186612481384
2000-02-24 18:00:00.000000000,1028,Julia,0.7222327649158977,-0.2811253071939097
2000-02-24 20:00:00.000000000,1008,Julia,-0.6619029904645521,0.6897433359898038
2000-02-24 20:15:00.000000000,1004,Julia,0.054367911046937945,0.259254115022832
2000-02-24 21:00:00.000000000,1014,Julia,-0.6622474313066149,-0.7852221324772675
2000-02-24 23:45:00.000000000,1028,Julia,0.2053617567308712,-0.5992539938023449
2000-02-25 00:00:00.000000000,970,Julia,0.0855931128524492,-0.061550418919877004
2000-02-25 00:30:00.000000000,985,Julia,-0.24195457490344685,-0.18243043598469888
2000-02-25 04:30:00.000000000,953,Julia,0.7086685456393347,-0.7536257505969015
2000-02-25 04:45:00.000000000,986,Julia,-0.16645651616430168,0.46258378919563703
2000-02-25 08:30:00.000000000,965,Julia,-0.952693342448258,0.8638175386925233
2000-02-25 11:15:00.000000000,1037,Julia,0.14889487259380663,0.8594962007651596
2000-02-25 12:30:00.000000000,1003,Julia,0.5286357543454581,0.2543090953555347
2000-02-25 13:45:00.000000000,918,Julia,0.6260830413653793,0.9613724477095023
2000-02-25 14:15:00.000000000,1023,Julia,-0.3921783386811797,-0.40372912789284743
2000-02-25 17:15:00.000000000,971,Julia,-0.9701784790845807,-0.33889611942951503
2000-02-25 18:45:00.000000000,968,Julia,-0.5579880096159735,0.022520511004755717
2000-02-25 19:45:00.000000000,988,Julia,0.8882661705696897,0.4879247609902757
2000-02-25 21:45:00.000000000,948,Julia,0.3329777037471844,0.17390169511796705
2000-02-26 00:00:00.000000000,1018,Julia,0.3787141662039897,0.6378628357065232
2000-02-26 03:15:00.000000000,991,Julia,0.9367706371883096,0.5345013166095909
2000-02-26 04:00:00.000000000,1019,Julia,-0.10275655846646381,0.655919322053397
2000-02-26 05:00:00.000000000,979,Julia,0.9408574811463053,0.7608165981060606
2000-02-26 09:15:00.000000000,985,Julia,-0.08902041573496966,0.18075149488728037
2000-02-26 11:45:00.000000000,980,Julia,-0.05231888038420163,-0.6967267944627811
2000-02-26 12:00:00.000000000,956,Julia,0.5380016843909321,0.9255493240756933
2000-02-26 12:15:00.000000000,1026,Julia,0.4076854798781193,0.9482998390353439
2000-02-26 13:45:00.000000000,987,Julia,0.217512476273086,0.46088465825876357
2000-02-26 15:00:00.000000000,1007,Julia,0.761132343992732,-0.6225038161879402
2000-02-26 15:45:00.000000000,977,Julia,-0.967191782634141,-0.7741140922106993
2000-02-26 17:00:00.000000000,1014,Julia,-0.6365010352242115,0.12576476481023446
2000-02-26 19:30:00.000000000,1003,Julia,0.11684314721398437,-0.671169959840471
2000-02-26 19:45:00.000000000,1017,Julia,0.5240218017879417,0.7012947425005698
2000-02-26 22:15:00.000000000,990,Julia,-0.2201582877118542,-0.4401648461568397
2000-02-26 23:00:00.000000000,1022,Julia,-0.34588088943447826,0.5847636739768549
2000-02-27 00:30:00.000000000,1063,Julia,0.5267085094088335,0.14268761425212073
2000-02-27 01:45:00.000000000,1022,Julia,-0.9094984421384451,-0.6217499983957155
2000-02-27 04:15:00.000000000,962,Julia,-0.4849256942874449,0.49996140018367785
2000-02-27 06:45:00.000000000,1017,Julia,0.044229802488306325,-0.4438523228320028
2000-02-27 08:15:00.000000000,998,Julia,0.7691387563097549,-0.8368426492203107
2000-02-27 08:30:00.000000000,969,Julia,0.8589397802614887,0.05038100737814877
2000-02-27 09:45:00.000000000,1019,Julia,0.6095260515250978,-0.29492943229925417
2000-02-27 10:45:00.000000000,1009,Julia,0.36021768865014914,0.21443749750110008
2000-02-27 12:45:00.000000000,1016,Julia,0.28642732756554823,-0.8281817771100211
2000-02-27 15:00:00.000000000,1041,Julia,0.6310641651540656,-0.6861539199286235
2000-02-27 15:15:00.000000000,978,Julia,0.2416132366543895,-0.6395377204477237
2000-02-27 16:30:00.000000000,998,Julia,0.6185293945583412,-0.6266733626373338
2000-02-27 18:00:00.000000000,998,Julia,0.34871234477445623,0.6398600835655985
2000-02-27 19:30:00.000000000,993,Julia,0.6293434525645678,0.9110616578475679
2000-02-27 21:00:00.000000000,1030,Julia,-0.4283484774693358,0.3609884615608001
2000-02-27 21:30:00.000000000,1059,Julia,-0.8811851432991731,-0.19163493873595194
2000-02-27 22:00:00.000000000,1004,Julia,0.09072775705229263,-0.4810264619440052
2000-02-28 00:15:00.000000000,1019,Julia,-0.8100634152652977,0.001654566897145715
2000-02-28 06:00:00.000000000,1020,Julia,-0.5013287518345437,-0.5161108074770462
2000-02-28 07:00:00.000000000,1016,Julia,0.4991463020574336,0.3319799090306963
2000-02-28 09:15:00.000000000,1003,Julia,0.32349497792606363,0.8759784875746817
2000-02-28 09:45:00.000000000,975,Julia,-0.04015632350049936,-0.35489412962911904
2000-02-28 11:00:00.000000000,1002,Julia,0.847105623455304,0.9709208245717098
2000-02-28 11:45:00.000000000,1070,Julia,-0.19589450659198993,0.5023262447288244
2000-02-28 13:00:00.000000000,1047,Julia,0.22803869348807515,0.6427050714150724
2000-02-28 16:30:00.000000000,976,Julia,0.9797783800960849,-0.9011695838132554
2000-02-28 16:45:00.000000000,1013,Julia,-0.17143337544976212,-0.1994572247347799
2000-02-28 18:30:00.000000000,1005,Julia,-0.9598732946789106,-0.8079418115673627
2000-02-28 20:00:00.000000000,948,Julia,-0.9859768460935785,-0.3331900550958431
2000-02-28 22:00:00.000000000,1042,Julia,0.5230962973855569,0.6406397602836245
2000-02-29 02:00:00.000000000,944,Julia,0.6218457286508396,-0.5237182596434058
2000-02-29 02:15:00.000000000,1012,Julia,0.954816277128492,-0.17332081358607732
2000-02-29 03:00:00.000000000,1015,Julia,0.5609668052291548,-0.6247981287359787
2000-02-29 05:00:00.000000000,982,Julia,0.10842527920253042,0.9995423908439078
2000-02-29 08:30:00.000000000,978,Julia,0.38649230623006026,0.6966784617167427
2000-02-29 10:00:00.000000000,971,Julia,-0.05106551063440179,0.9005495034956021
2000-02-29 11:30:00.000000000,976,Julia,-0.770333772381997,-0.2206237312237609
2000-02-29 15:15:00.000000000,990,Julia,0.3342658743907072,-0.8375232927600134
2000-02-29 15:45:00.000000000,1027,Julia,-0.9790971442103629,-0.7489698344777456
2000-02-29 16:00:00.000000000,925,Julia,-0.8230622324083057,-0.6571226601948992
2000-02-29 18:00:00.000000000,987,Julia,0.4452480722855765,-0.85605763299583
2000-02-29 19:45:00.000000000,1056,Julia,-0.36443241491392286,0.5574036288747879
2000-02-29 20:00:00.000000000,958,Julia,-0.48879311551701576,-0.4414330251615819
2000-02-29 23:30:00.000000000,961,Julia,0.7608065442404379,0.771496620719692
2000-03-01 01:15:00.000000000,1016,Julia,-0.9275806672177076,0.24085280011245747
2000-03-01 01:45:00.000000000,988,Julia,-0.4278583227309911,-0.36953134314017655
2000-03-01 02:00:00.000000000,976,Julia,0.8831576731168296,-0.6507077139414668
2000-03-01 03:00:00.000000000,1023,Julia,-0.436099052813969,0.8992288288519565
2000-03-01 05:45:00.000000000,1068,Julia,0.7770916253993514,0.4790634431909315
2000-03-01 07:45:00.000000000,1000,Julia,-0.3154861559551161,0.7402579094611126
2000-03-01 08:15:00.000000000,1034,Julia,0.029687964832962876,-0.43859599430590146
2000-03-01 09:45:00.000000000,958,Julia,0.3178474170147163,0.15021813237769255
2000-03-01 10:30:00.000000000,1038,Julia,0.39358496363353734,0.18412124738429947
2000-03-01 13:30:00.000000000,1007,Julia,-0.7552875252926412,0.9388048795106521
2000-03-01 16:30:00.000000000,1047,Julia,-0.23286810484557852,-0.6857665347281923
2000-03-01 19:15:00.000000000,962,Julia,0.7219197146623078,-0.22361912242490822
2000-03-02 03:00:00.000000000,938,Julia,-0.6800511458271139,-0.3535557067921671
2000-03-02 04:45:00.000000000,983,Julia,-0.6331002586242584,0.17868125075420194
2000-03-02 05:45:00.000000000,1027,Julia,-0.7837688876459332,-0.9706311256494708
2000-03-02 08:00:00.000000000,977,Julia,-0.7908962849123986,-0.4558005360721946
2000-03-02 10:00:00.000000000,990,Julia,-0.4897906385461668,-0.20319593227993504
2000-03-02 10:45:00.000000000,990,Julia,0.6490071140531499,0.38638999894600956
2000-03-02 12:00:00.000000000,1009,Julia,0.7003626033500792,-0.259943036165017
2000-03-02 13:00:00.000000000,1038,Julia,-0.13999587467309849,0.6534779801194313
2000-03-02 15:15:00.000000000,994,Julia,-0.11908239697888234,-0.7145380525862957
2000-03-02 16:15:00.000000000,1037,Julia,-0.5638325011107475,-0.752474320998374
2000-03-02 17:15:00.000000000,972,Julia,-0.4570549148211296,0.6919096394920079
2000-03-02 17:30:00.000000000,977,Julia,-0.05846034766139785,0.8819177448183937
2000-03-02 17:45:00.000000000,980,Julia,-0.7630657739065927,0.5335143162703426
2000-03-02 21:30:00.000000000,1054,Julia,0.2825234261060756,0.5442103301804038
2000-03-02 22:15:00.000000000,930,Julia,0.11119413569530678,-0.8030871046079091
2000-03-02 23:30:00.000000000,979,Julia,0.9789773866118667,-0.8257458096952652
2000-03-03 00:30:00.000000000,1050,Julia,0.36609756926062476,-0.129821361474322
2000-03-03 02:00:00.000000000,1003,Julia,-0.7405495869581638,0.9344351326335902
2000-03-03 02:15:00.000000000,962,Julia,-0.9898001592382357,0.04297562534058219
2000-03-03 03:30:00.000000000,1012,Julia,0.2906948695014031,0.07435025085872926
2000-03-03 05:15:00.000000000,994,Julia,-0.6120857267236264,-0.36547183039140796
2000-03-03 06:15:00.000000000,973,Julia,0.3929941343483563,0.8336905300171165
2000-03-03 07:15:00.000000000,1066,Julia,-0.2105613431670612,0.5626460529606321
2000-03-03 07:45:00.000000000,1020,Julia,0.07088826456867969,-0.8487792471154856
2000-03-03 08:00:00.000000000,1007,Julia,-0.21267123865441673,-0.10892004420413026
2000-03-03 10:45:00.000000000,1090,Julia,-0.2851832388553146,0.30843283265969945
2000-03-03 11:45:00.000000000,1038,Julia,0.6729430753788255,-0.5191417367738145
2000-03-03 12:15:00.000000000,1015,Julia,0.8501133756231956,-0.8134492124603032
2000-03-03 13:00:00.000000000,995,Julia,-0.2611450402865909,-0.4867893416410156
2000-03-03 13:45:00.000000000,1001,Julia,0.6410071505924915,0.5028303561715508
2000-03-03 16:00:00.000000000,989,Julia,-0.4460982066506476,0.5104406884214956
2000-03-03 17:30:00.000000000,987,Julia,0.5163275370319147,-0.2916225561366206
2000-03-03 18:30:00.000000000,1006,Julia,0.9764298030612621,0.3646608207317428
2000-03-03 19:45:00.000000000,984,Julia,-0.509830661302578,0.031235040459548724
2000-03-03 21:15:00.000000000,948,Julia,0.6288341804846109,-0.3138770286375465
2000-03-03 21:30:00.000000000,1004,Julia,0.3078538894532836,-0.6488647075584437
2000-03-03 22:30:00.000000000,1022,Julia,-0.9883065778020022,0.5793414154369971
2000-03-03 23:15:00.000000000,1051,Julia,0.2952968501553064,-0.19400963975459473
2000-03-04 00:00:00.000000000,953,Julia,0.7966187351424385,-0.3138109213084854
2000-03-04 03:00:00.000000000,1045,Julia,-0.7416854828106254,-0.6508074701401818
2000-03-04 04:15:00.000000000,1011,Julia,0.8117840493577992,-0.12505546078148622
2000-03-04 05:15:00.000000000,947,Julia,-0.249315927012834,0.25156510764838824
2000-03-04 06:00:00.000000000,984,Julia,0.1355612166730673,-0.022745661252375537
2000-03-04 06:45:00.000000000,1044,Julia,0.22774791980259712,-0.06165018501451991
2000-03-04 08:00:00.000000000,1013,Julia,0.025684754617692818,-0.044166602569558844
2000-03-04 09:45:00.000000000,1037,Julia,0.14480667831036365,-0.2524094376253492
2000-03-04 11:15:00.000000000,943,Julia,-0.614761095662165,-0.49891249870460297
2000-03-04 14:45:00.000000000,1045,Julia,0.11009429372696289,0.1479097857449474
2000-03-04 16:15:00.000000000,979,Julia,-0.8614037803996049,0.15507713130598844
2000-03-04 17:30:00.000000000,980,Julia,0.5341345649070295,0.7813540794420226
2000-03-04 18:15:00.000000000,1057,Julia,0.8310886492956742,-0.31225770959719945
2000-03-04 18:30:00.000000000,1000,Julia,0.5833879871132035,-0.9916808703996596
2000-03-04 21:15:00.000000000,1027,Julia,-0.5008694752102949,-0.8780641092415868
2000-03-04 23:00:00.000000000,965,Julia,0.29144027825210683,-0.2949366155915545
2000-03-04 23:45:00.000000000,1017,Julia,0.5930015150368659,-0.10190696537831978
2000-03-05 02:45:00.000000000,980,Julia,-0.7174218476472407,-0.2614604513316685
2000-03-05 04:00:00.000000000,987,Julia,-0.0838273028279175,-0.27608706540705796
2000-03-05 04:30:00.000000000,1000,Julia,-0.5260194189303633,0.38339187233287286
2000-03-05 05:45:00.000000000,1036,Julia,0.3251257977183515,-0.861468884012206
2000-03-05 08:00:00.000000000,1006,Julia,-0.5972674935355611,0.8825441300554488
2000-03-05 10:30:00.000000000,1045,Julia,-0.8572436745627725,0.5183587632091533
2000-03-05 17:30:00.000000000,1023,Julia,0.1565517596188537,0.1614907910701866
2000-03-05 18:00:00.000000000,1014,Julia,-0.5049036491484999,0.4132067577983394
2000-03-05 19:00:00.000000000,1076,Julia,0.04056744650993549,-0.9201325187748124
2000-03-05 19:30:00.000000000,995,Julia,-0.564853898481251,-0.8416450479724136
2000-03-05 20:45:00.000000000,1004,Julia,-0.5101052234098231,0.46555368361620575
2000-03-05 21:30:00.000000000,973,Julia,-0.8340941495702918,-0.5304047876745479
2000-03-05 22:15:00.000000000,1008,Julia,-0.8292440341917724,-0.915416696274685
2000-03-06 03:00:00.000000000,1029,Julia,0.02639171758508252,0.7279002339591085
2000-03-06 07:30:00.000000000,968,Julia,0.08654786380603552,-0.07290281843632251
2000-03-06 08:00:00.000000000,973,Julia,0.8100411016294224,-0.7768769566590257
2000-03-06 09:00:00.000000000,970,Julia,-0.38729201956642356,-0.8216779154024156
2000-03-06 09:30:00.000000000,1038,Julia,0.5404712742833802,-0.7318356082067146
2000-03-06 11:00:00.000000000,1034,Julia,-0.04803977349397881,0.9544998986508062
2000-03-06 11:45:00.000000000,992,Julia,-0.8667929841693991,0.6349676704227167
2000-03-06 12:45:00.000000000,980,Julia,-0.635471502893453,0.40389125368095224
2000-03-06 13:30:00.000000000,996,Julia,0.45773494917213675,-0.21363453685717793
2000-03-06 18:30:00.000000000,1028,Julia,0.1956488264269174,0.12081548416111465
2000-03-06 21:00:00.000000000,1020,Julia,0.7288084431580835,-0.48254592525065676
2000-03-06 22:15:00.000000000,994,Julia,0.6806605087527771,0.8036127473333532
2000-03-07 01:15:00.000000000,1010,Julia,-0.25738370033654756,0.22689443864156056
2000-03-07 04:30:00.000000000,1035,Julia,-0.26516249401505076,-0.4358107160350675
2000-03-07 04:45:00.000000000,1008,Julia,-0.6778955228290775,0.8823393899150027
2000-03-07 07:00:00.000000000,947,Julia,0.5138676667710889,-0.15996471882008545
2000-03-07 09:45:00.000000000,989,Julia,-0.3089005188662233,-0.07163772034220406
2000-03-07 10:30:00.000000000,960,Julia,0.16236540663877763,0.40893669236802
2000-03-07 17:15:00.000000000,1062,Julia,-0.44890736423340005,-0.5545306928935465
2000-03-07 17:30:00.000000000,987,Julia,-0.9119268065491453,-0.03392251681696101
2000-03-07 20:30:00.000000000,953,Julia,-0.4689646500499278,-0.8480968193162075
2000-03-07 23:00:00.000000000,995,Julia,0.5002811531827325,-0.170626067409402
2000-03-07 23:15:00.000000000,1011,Julia,0.4254197357275331,-0.03114311549684312
2000-03-08 01:00:00.000000000,985,Julia,-0.6368793236838712,-0.013715979937724443
2000-03-08 01:45:00.000000000,955,Julia,0.7115062117555111,-0.05366579760015311
2000-03-08 02:15:00.000000000,970,Julia,-0.3353596352843773,0.5886897760409631
2000-03-08 03:00:00.000000000,991,Julia,0.06560724589364186,0.4288056912971896
2000-03-08 04:00:00.000000000,993,Julia,-0.26034096447811583,-0.49559024924953454
2000-03-08 05:45:00.000000000,972,Julia,0.32788260245163015,-0.3693725362621192
2000-03-08 07:30:00.000000000,978,Julia,0.8927736520958696,-0.03708478254995917
2000-03-08 08:30:00.000000000,1023,Julia,-0.5520526345251207,-0.8285268784162263
2000-03-08 09:15:00.000000000,971,Julia,-0.22077525543812238,0.28345255592703156
2000-03-08 10:15:00.000000000,990,Julia,-0.26119356655336623,-0.40299687261232564
2000-03-08 12:15:00.000000000,956,Julia,-0.3445413450731072,-0.7816260601068223
2000-03-08 12:45:00.000000000,1023,Julia,-0.2189682821837564,0.9597392888417333
2000-03-08 13:30:00.000000000,1008,Julia,0.5438138644538215,0.9937608284691539
2000-03-08 14:30:00.000000000,948,Julia,0.188373583099799,-0.0032850600999525525
2000-03-08 17:30:00.000000000,1008,Julia,-0.14840836734287888,0.8187668715318959
2000-03-08 19:00:00.000000000,979,Julia,-0.4097097103569527,-0.890288431169864
2000-03-08 19:15:00.000000000,981,Julia,-0.804002988810034,-0.238253882216517
2000-03-08 21:30:00.000000000,1020,Julia,0.2530626542038432,-0.29608888292791713
2000-03-08 22:30:00.000000000,1025,Julia,0.17798664899162375,-0.7499672263667789
2000-03-08 22:45:00.000000000,947,Julia,0.24105354232876142,-0.7346792892171774
2000-03-09 00:00:00.000000000,1010,Julia,-0.6127951304086943,0.6426786460500902
2000-03-09 00:30:00.000000000,992,Julia,0.12883573111839053,-0.4932818318036112
2000-03-09 03:00:00.000000000,1036,Julia,0.0910101496800102,0.6786932155861789
2000-03-09 04:00:00.000000000,993,Julia,0.4153140939354576,-0.0327455815394917
2000-03-09 04:15:00.000000000,1032,Julia,0.2963586249808139,0.2634266118114794
2000-03-09 04:45:00.000000000,1007,Julia,0.08070469397806068,0.6768773143827402
2000-03-09 07:00:00.000000000,1011,Julia,-0.8015844754425809,0.5248610182333557
2000-03-09 08:30:00.000000000,972,Julia,0.19102667032128817,-0.14981196311478517
2000-03-09 09:30:00.000000000,1010,Julia,0.042309088332346034,-0.8143064404569151
2000-03-09 11:30:00.000000000,1018,Julia,0.8498130744948926,-0.2792155601467732
2000-03-09 13:30:00.000000000,1091,Julia,-0.7601643888537348,-0.7097320570438959
2000-03-09 14:15:00.000000000,947,Julia,-0.3164511334021136,0.8673850419917868
2000-03-09 19:15:00.000000000,1053,Julia,-0.30495818581385925,0.679553476584994
2000-03-09 19:30:00.000000000,983,Julia,-0.329425980158927,0.23249181610797387
2000-03-09 21:15:00.000000000,1004,Julia,0.8926547898994595,0.4801747662743503
2000-03-09 23:30:00.000000000,1045,Julia,0.23786016679786748,0.7766886561294202
2000-03-09 23:45:00.000000000,978,Julia,0.6739366196197167,0.9349669708265713
2000-03-10 00:15:00.000000000,1058,Julia,-0.6088343170762194,-0.3107551156995143
2000-03-10 07:45:00.000000000,960,Julia,0.08063542085461939,-0.44837778213925095
2000-03-10 09:15:00.000000000,945,Julia,0.18802121805196403,0.20286870014699954
2000-03-10 10:00:00.000000000,989,Julia,0.37597321624997226,0.47259455531895966
2000-03-10 11:00:00.000000000,1001,Julia,-0.10701143577870376,0.6579836244259432
2000-03-10 11:30:00.000000000,999,Julia,0.7301805667674288,-0.7896179984435279
2000-03-10 12:15:00.000000000,1014,Julia,0.16597331471234678,0.21463918804456172
2000-03-10 12:45:00.000000000,965,Julia,0.39126414820414834,0.7554322926492247
2000-03-10 13:00:00.000000000,1011,Julia,-0.3333927952930582,-0.5584947079429154
2000-03-10 14:00:00.000000000,986,Julia,0.5033757170678572,-0.1654270443877517
2000-03-10 14:45:00.000000000,1046,Julia,-0.07576191218958761,-0.031482708056160824
2000-03-10 15:30:00.000000000,1018,Julia,-0.6200071458672738,0.8849717724714492
2000-03-10 17:30:00.000000000,1000,Julia,0.21608645997976939,0.46743219812722847
2000-03-10 21:00:00.000000000,1025,Julia,-0.14266926024588011,-0.23313792904765163
2000-03-10 21:45:00.000000000,1070,Julia,-0.7292701714246308,0.06591286305640676
2000-03-10 23:00:00.000000000,998,Julia,0.8413851815646767,0.6862096756668514
2000-03-10 23:30:00.000000000,1054,Julia,-0.37323467911865604,-0.4621131029808476
2000-03-11 00:00:00.000000000,1036,Julia,0.45752915031016617,-0.17824353368612722
2000-03-11 00:30:00.000000000,1027,Julia,0.9964375449815528,0.8435897056411288
2000-03-11 00:45:00.000000000,1050,Julia,-0.9271878538801916,0.323110037213457
2000-03-11 01:00:00.000000000,965,Julia,-0.49074036882262084,-0.343221338602963
2000-03-11 01:15:00.000000000,1031,Julia,0.5696830601328562,-0.8484617994114625
2000-03-11 01:45:00.000000000,1018,Julia,-0.13938162248192287,0.7803568112745318
2000-03-11 03:00:00.000000000,1009,Julia,0.6659208561886549,0.8606484437712558
2000-03-11 03:45:00.000000000,932,Julia,-0.2728587494767325,-0.18849851294001274
2000-03-11 08:15:00.000000000,1007,Julia,-0.16961030312241698,-0.7254770331903879
2000-03-11 09:00:00.000000000,1041,Julia,0.08746017888078761,0.6499410804467616
2000-03-11 09:30:00.000000000,1019,Julia,0.8017807226490474,-0.6642173323966496
2000-03-11 10:30:00.000000000,1022,Julia,-0.9267794748794991,0.47118071478159895
2000-03-11 12:45:00.000000000,980,Julia,-0.3041373572692643,-0.7585394300395742
2000-03-11 13:45:00.000000000,1000,Julia,0.8006884654189754,0.7350168699484667
2000-03-11 14:15:00.000000000,973,Julia,-0.5873836761154205,0.8748720211329404
2000-03-11 14:30:00.000000000,1013,Julia,-0.2017570160160398,0.6956549915841921
2000-03-11 17:30:00.000000000,977,Julia,0.006654902982526245,-0.9977088858948071
2000-03-11 17:45:00.000000000,919,Julia,-0.3070009299888681,0.7073770665455887
2000-03-11 18:30:00.000000000,981,Julia,0.8859578623129079,0.397051314375962
2000-03-11 19:30:00.000000000,963,Julia,-0.030723996150156196,-0.5304546237216003
2000-03-11 20:45:00.000000000,964,Julia,-0.007031565097865622,-0.0708887465956265
2000-03-11 22:30:00.000000000,968,Julia,-0.8396360293120562,-0.7143740111636496
2000-03-12 01:15:00.000000000,1009,Julia,-0.75701348812046,-0.9838390345837991
2000-03-12 04:45:00.000000000,1057,Julia,0.10174357379459043,0.46827196567974516
2000-03-12 07:15:00.000000000,927,Julia,-0.8960354278372546,-0.14603774784301193
2000-03-12 08:00:00.000000000,967,Julia,-0.9358043020071074,-0.7201792277990691
2000-03-12 09:00:00.000000000,940,Julia,-0.9412978189541845,-0.6920058563833937
2000-03-12 10:00:00.000000000,985,Julia,-0.6563873970816476,0.09536359410639639
2000-03-12 11:00:00.000000000,976,Julia,0.5943199586722394,-0.3175002869554653
2000-03-12 13:15:00.000000000,976,Julia,-0.04479371801317522,0.39793723388265034
2000-03-12 13:30:00.000000000,993,Julia,0.6754181402123094,-0.9506017720895084
2000-03-12 15:15:00.000000000,954,Julia,0.48435617254756136,-0.36856807090426624
2000-03-12 18:00:00.000000000,1051,Julia,0.6250801619381332,0.6158262679756823
2000-03-12 20:15:00.000000000,1015,Julia,-0.6385895323915225,-0.8628156942571596
2000-03-12 20:45:00.000000000,1002,Julia,-0.9445052237874345,-0.24593530565307287
2000-03-12 21:15:00.000000000,943,Julia,0.3677489136837355,-0.24709690825459707
2000-03-12 23:15:00.000000000,1026,Julia,-0.6680778422419289,-0.6426335063217172
2000-03-13 01:30:00.000000000,990,Julia,-0.03419416637500716,-0.21356289886097324
2000-03-13 02:00:00.000000000,1043,Julia,-0.6642980757019117,-0.6827340289404364
2000-03-13 02:15:00.000000000,1013,Julia,-0.25150088339652665,0.8046509227464456
2000-03-13 02:30:00.000000000,1004,Julia,0.5811108917529046,0.41541892083737264
2000-03-13 06:15:00.000000000,1016,Julia,0.06882389341479844,-0.5108601792044543
2000-03-13 07:45:00.000000000,1020,Julia,0.5596473332798855,0.830935963806616
2000-03-13 14:30:00.000000000,1017,Julia,0.3081202706261461,0.7971123042704582
2000-03-13 16:30:00.000000000,1036,Julia,0.5059059984190055,-0.7039789184106302
2000-03-13 17:15:00.000000000,970,Julia,0.844691454455593,0.9843985441414782
2000-03-13 19:15:00.000000000,961,Julia,0.2954558372229563,0.9061238025243548
2000-03-13 19:45:00.000000000,1002,Julia,0.060100237692940706,0.6240503377288475
2000-03-13 20:45:00.000000000,954,Julia,0.4818754654711146,-0.7142188609939804
2000-03-13 22:45:00.000000000,1042,Julia,-0.07506865156872422,-0.6378946535357362
2000-03-13 23:15:00.000000000,990,Julia,-0.781157751921495,0.8635158796338895
2000-03-14 00:30:00.000000000,992,Julia,0.6520824104235594,0.05863669855898124
2000-03-14 01:30:00.000000000,1020,Julia,0.05011084083976347,0.2413655497765934
2000-03-14 04:45:00.000000000,1034,Julia,-0.326013784656636,-0.769617821496311
2000-03-14 05:00:00.000000000,994,Julia,-0.6432790256869674,0.1578538447421105
2000-03-14 05:45:00.000000000,1032,Julia,0.39489421985345174,0.4541144049627106
2000-03-14 07:15:00.000000000,1026,Julia,0.2630759271261309,-0.4402459206153144
2000-03-14 14:15:00.000000000,1028,Julia,-0.1667703658538533,0.04773477126300274
2000-03-14 17:30:00.000000000,1060,Julia,-0.31185337406268454,0.7621488109716055
2000-03-14 19:00:00.000000000,1030,Julia,0.09758182985136465,-0.9625217684208363
2000-03-14 20:30:00.000000000,963,Julia,-0.4118613867817851,0.4110191704179842
2000-03-14 20:45:00.000000000,1020,Julia,0.5764876731037245,-0.6446063222642766
2000-03-15 00:45:00.000000000,1016,Julia,0.12850578772363375,0.6299799090140747
2000-03-15 04:30:00.000000000,1018,Julia,0.8649503913955856,0.38042863078033395
2000-03-15 04:45:00.000000000,965,Julia,0.5453870858015206,-0.2529311178458704
2000-03-15 05:30:00.000000000,1006,Julia,-0.3762845901829108,-0.33918963713105144
2000-03-15 06:15:00.000000000,1017,Julia,0.32103304779316244,-0.1662865693049569
2000-03-15 07:15:00.000000000,985,Julia,-0.2606027571356062,-0.4269963348704684
2000-03-15 07:45:00.000000000,1021,Julia,0.5178038253766608,0.6053183304465204
2000-03-15 08:30:00.000000000,1005,Julia,-0.927554797362083,0.640522205086334
2000-03-15 09:30:00.000000000,1013,Julia,-0.9290127526909358,-0.19565032031338836
2000-03-15 11:15:00.000000000,1032,Julia,-0.375047940567512,-0.4062994264958846
2000-03-15 11:30:00.000000000,980,Julia,0.026635510737957224,-0.870440821860532
2000-03-15 14:15:00.000000000,1038,Julia,0.726666686361191,-0.10711623785796665
2000-03-15 14:30:00.000000000,1029,Julia,0.8664141020647533,0.29028201129261233
2000-03-15 15:00:00.000000000,1043,Julia,-0.08922971105493449,0.5023295021146585
2000-03-15 15:15:00.000000000,994,Julia,-0.15389862246799613,-0.6055714216485903
2000-03-15 15:30:00.000000000,974,Julia,-0.6279002435344125,0.2126104628270442
2000-03-15 16:15:00.000000000,1003,Julia,-0.7912844840595556,-0.5346814064503231
2000-03-15 16:45:00.000000000,1002,Julia,0.8852481346969241,0.3725256518934621
2000-03-15 19:00:00.000000000,984,Julia,-0.6875496392360736,0.9157010167309152
2000-03-15 20:00:00.000000000,999,Julia,-0.027270027677545272,0.42291535127325375
2000-03-15 22:30:00.000000000,1026,Julia,-0.8623452554087989,-0.1762406356013666
2000-03-15 23:00:00.000000000,1033,Julia,-0.2609498288000409,0.9734788221842183
2000-03-15 23:30:00.000000000,975,Julia,-0.8387075906937365,-0.34774171272986676
2000-03-16 01:45:00.000000000,998,Julia,0.6426304742332289,-0.5487530508739742
2000-03-16 02:30:00.000000000,1004,Julia,-0.7697198743862177,0.4901653132386208
2000-03-16 05:00:00.000000000,1015,Julia,0.3970130644043126,-0.6385156556355396
2000-03-16 05:30:00.000000000,986,Julia,-0.8412348854647878,0.8366900894712745
2000-03-16 06:15:00.000000000,1025,Julia,-0.9174616509715254,-0.36473142728368657
2000-03-16 07:30:00.000000000,1009,Julia,-0.8290777036752686,-0.17467487214717936
2000-03-16 13:45:00.000000000,945,Julia,0.28162040851929393,0.5081040809046535
2000-03-16 15:15:00.000000000,1020,Julia,0.739426886334474,0.9067763069080115
2000-03-16 15:30:00.000000000,1039,Julia,0.8133715346993142,0.3123138040040234
2000-03-16 15:45:00.000000000,999,Julia,-0.348259515516675,-0.16682107713542393
2000-03-16 17:15:00.000000000,982,Julia,-0.3556673037404059,0.8918241846032611
2000-03-16 18:00:00.000000000,1010,Julia,0.44311567992142087,0.6941304847894736
2000-03-16 18:15:00.000000000,1021,Julia,0.7810073768810317,0.3958153815348644
2000-03-16 19:30:00.000000000,999,Julia,0.6085825828707527,-0.7453415947806652
2000-03-16 21:30:00.000000000,995,Julia,0.8978789250635522,0.2531865167411793
2000-03-16 22:00:00.000000000,1009,Julia,0.45349825044109315,0.5292088197596743
2000-03-17 00:30:00.000000000,1034,Julia,0.8946201917825005,-0.27250903975398844
2000-03-17 03:15:00.000000000,979,Julia,-0.6941422120498433,-0.757159762309193
2000-03-17 03:45:00.000000000,985,Julia,-0.6362019432085775,0.3237710691244382
2000-03-17 04:30:00.000000000,1056,Julia,-0.3940483632037717,-0.6231315092072818
2000-03-17 13:30:00.000000000,1019,Julia,-0.42627307236702183,-0.677578320611381
2000-03-17 14:45:00.000000000,1006,Julia,0.19350746979093847,-0.04816898560017635
2000-03-17 17:00:00.000000000,1006,Julia,0.5160811336289035,0.21527581565931198
2000-03-17 18:15:00.000000000,1021,Julia,0.937963295519497,0.8395391292298451
2000-03-17 18:30:00.000000000,1016,Julia,-0.7689961013524449,-0.5577162525687711
2000-03-17 18:45:00.000000000,1006,Julia,0.10599457893519415,-0.40599446054811894
2000-03-17 19:15:00.000000000,1023,Julia,-0.29673616930545976,-0.8831275432345629
2000-03-17 20:00:00.000000000,943,Julia,-0.816589624098581,-0.6984245041907704
2000-03-17 20:45:00.000000000,1041,Julia,0.3595118261359076,-0.2610296815541966
2000-03-17 21:00:00.000000000,1011,Julia,-0.4184474135606677,0.17297966446818513
2000-03-17 23:00:00.000000000,1000,Julia,-0.05193467811042041,0.9622453407852818
2000-03-18 00:45:00.000000000,1021,Julia,0.5309666093459389,-0.14746899015701476
2000-03-18 02:00:00.000000000,989,Julia,-0.47005872357577894,-0.8966906131462302
2000-03-18 04:30:00.000000000,1010,Julia,-0.0033199687549381185,-0.6323708330781415
2000-03-18 05:00:00.000000000,1009,Julia,0.3205379615584445,0.539333889887909
2000-03-18 06:30:00.000000000,898,Julia,0.749793549652668,-0.11170768993772451
2000-03-18 07:30:00.000000000,1008,Julia,-0.10091610749873015,-0.41478692681297824
2000-03-18 09:00:00.000000000,1019,Julia,0.8924094013715929,0.4931533911580428
2000-03-18 09:30:00.000000000,993,Julia,-0.8305318312946106,0.3267351434148471
2000-03-18 09:45:00.000000000,1028,Julia,-0.9277962591984543,-0.6169655997244368
2000-03-18 10:30:00.000000000,983,Julia,-0.273440156499021,-0.4003878934098746
2000-03-18 12:15:00.000000000,971,Julia,0.20927733783783897,-0.7585603197462587
2000-03-18 12:45:00.000000000,1024,Julia,-0.8660822151686849,0.33059155330133216
2000-03-18 14:30:00.000000000,1014,Julia,-0.9540081892961323,0.6581873839496626
2000-03-18 17:30:00.000000000,1050,Julia,0.3028676186301742,-0.15517083929538966
2000-03-18 17:45:00.000000000,1007,Julia,-0.4977101294554367,0.643570268501515
2000-03-18 18:30:00.000000000,1039,Julia,-0.3078372281660575,0.17282610214797378
2000-03-18 20:00:00.000000000,1011,Julia,0.6118866838644463,-0.874858315248261
2000-03-18 21:15:00.000000000,997,Julia,0.3961332576566028,0.11321814258736662
2000-03-18 21:45:00.000000000,1007,Julia,0.5916946978906799,-0.17339510496018495
2000-03-19 00:00:00.000000000,1000,Julia,0.9717207557436711,0.9912395016388877
2000-03-19 02:00:00.000000000,1025,Julia,-0.06670350436553352,0.471158276897067
2000-03-19 02:15:00.000000000,1048,Julia,0.1352208398855621,-0.8833631239762152
2000-03-19 03:15:00.000000000,996,Julia,-0.36498205856334764,0.07394097587696735
2000-03-19 05:30:00.000000000,939,Julia,0.5906709643559476,0.8586494818138894
2000-03-19 08:15:00.000000000,1022,Julia,-0.19396873841901185,0.23115140840533677
2000-03-19 08:45:00.000000000,1038,Julia,-0.6551561325695241,0.6441718117644621
2000-03-19 11:15:00.000000000,1003,Julia,0.986785243058887,0.34613641032880915
2000-03-19 12:00:00.000000000,1024,Julia,0.4682687293645813,0.05572727859094906
2000-03-19 12:30:00.000000000,1005,Julia,-0.20997179634343377,-0.07335299970223108
2000-03-19 12:45:00.000000000,951,Julia,0.025925596945866713,0.41566277664833584
2000-03-19 13:15:00.000000000,1010,Julia,0.8433324755866567,-0.1329313000077441
2000-03-19 15:00:00.000000000,988,Julia,0.7371636844959997,-0.014020025732609964
2000-03-19 15:45:00.000000000,962,Julia,-0.9522919598826629,0.06996486981434069
2000-03-19 16:00:00.000000000,1012,Julia,-0.1430639256701327,0.4241451569130703
2000-03-19 17:30:00.000000000,1044,Julia,0.7436336164493129,-0.29211089016424197
2000-03-19 18:00:00.000000000,961,Julia,-0.7337796802584002,-0.565225838554015
2000-03-19 18:30:00.000000000,1080,Julia,0.5927025865028281,0.3148928363578276
2000-03-19 19:00:00.000000000,991,Julia,-0.4221451690300637,0.45217768935835756
2000-03-19 19:30:00.000000000,1059,Julia,0.7280374283242736,-0.670210592668095
2000-03-19 21:30:00.000000000,1025,Julia,-0.12244747665728584,-0.19869853675575744
2000-03-19 22:00:00.000000000,995,Julia,0.8098973663286522,0.8543091931186397
2000-03-19 22:15:00.000000000,1004,Julia,0.9890918913191353,0.12426965672254209
2000-03-19 23:15:00.000000000,978,Julia,-0.7452226748657449,-0.4004296292833367
2000-03-20 01:00:00.000000000,1028,Julia,-0.4295013615806944,-0.4042550746533442
2000-03-20 02:30:00.000000000,950,Julia,0.516994190546465,-0.520862172058139
2000-03-20 04:30:00.000000000,999,Julia,0.5284383699564563,-0.371656898718836
2000-03-20 05:45:00.000000000,981,Julia,-0.6426874494686718,-0.40809232427417963
2000-03-20 08:15:00.000000000,978,Julia,-0.4161395299675963,-0.5731439977106332
2000-03-20 14:15:00.000000000,963,Julia,0.8016735054371968,-0.7269430574215816
2000-03-20 17:00:00.000000000,1000,Julia,-0.06168324192670327,0.805697144653251
2000-03-20 20:45:00.000000000,995,Julia,0.7605164458436571,0.8677364246898533
2000-03-20 21:15:00.000000000,1002,Julia,-0.9979562181942283,0.9079468088166787
2000-03-20 21:30:00.000000000,1018,Julia,0.15331088346447364,0.7012763270897813
2000-03-21 00:15:00.000000000,1009,Julia,-0.5722015481141238,0.7624484618738894
2000-03-21 01:30:00.000000000,1033,Julia,0.6044411562075203,-0.8085457856268019
2000-03-21 02:30:00.000000000,1003,Julia,0.4122182349530117,-0.865779341857456
2000-03-21 03:00:00.000000000,997,Julia,-0.10386792844101556,-0.40190421292002165
2000-03-21 04:00:00.000000000,1039,Julia,-0.4313515563298216,0.7619390290592747
2000-03-21 06:15:00.000000000,1032,Julia,-0.4609098341433746,0.6162150041659529
2000-03-21 06:45:00.000000000,1035,Julia,-0.3230701343807798,-0.47015191734023043
2000-03-21 10:15:00.000000000,1013,Julia,-0.689101671304438,0.08268367982222236
2000-03-21 11:00:00.000000000,1001,Julia,0.8162384818049528,-0.5174748603119255
2000-03-21 12:45:00.000000000,1028,Julia,-0.4043642796735003,0.29932477635328314
2000-03-21 13:00:00.000000000,985,Julia,-0.30897230837182144,0.9244293996486175
2000-03-21 14:30:00.000000000,993,Julia,-0.770555793682737,-0.22716740564790494
2000-03-21 15:30:00.000000000,963,Julia,0.6465084594575972,-0.7558939647155589
2000-03-21 16:45:00.000000000,1009,Julia,0.04111167820560335,-0.031205053017439033
2000-03-21 17:15:00.000000000,958,Julia,-0.37478607895245664,-0.8088308838431739
2000-03-21 19:45:00.000000000,946,Julia,0.8934421172378255,0.9936949414734719
2000-03-21 20:15:00.000000000,983,Julia,0.4087214958744285,-0.46385117450650704
2000-03-22 03:00:00.000000000,1006,Julia,-0.6884769637032078,0.014016364120324809
2000-03-22 04:00:00.000000000,1043,Julia,0.27825529109791636,-0.053219343855673396
2000-03-22 05:30:00.000000000,986,Julia,0.8483278255786939,-0.6303987687044024
2000-03-22 07:45:00.000000000,989,Julia,0.28256380276437465,-0.5283602494658011
2000-03-22 13:00:00.000000000,1000,Julia,-0.13805348615602187,-0.09458403208319566
2000-03-22 13:15:00.000000000,1027,Julia,0.17226130955840513,0.874467011266874
2000-03-22 14:00:00.000000000,965,Julia,-0.8510500252862125,-0.5950216527352341
2000-03-22 14:15:00.000000000,960,Julia,-0.8479880159423461,-0.2524216262325978
2000-03-22 14:45:00.000000000,1006,Julia,0.15670293486208475,0.40525849902726496
2000-03-22 15:15:00.000000000,1038,Julia,0.912793552972031,0.20668332953315893
2000-03-22 17:30:00.000000000,972,Julia,-0.6677419939516647,0.4883715759514333
2000-03-22 20:15:00.000000000,1030,Julia,0.14725033207901417,-0.8659240409288045
2000-03-23 00:45:00.000000000,1023,Julia,-0.04565720344823698,-0.46399794174732056
2000-03-23 02:45:00.000000000,965,Julia,0.4911673648022228,0.6080405304624306
2000-03-23 03:45:00.000000000,959,Julia,0.30270680053098675,0.24639873004875223
2000-03-23 07:00:00.000000000,1045,Julia,0.7614145276480304,0.12116758737636002
2000-03-23 08:30:00.000000000,1006,Julia,-0.7904193410622178,-0.13597877900052913
2000-03-23 10:00:00.000000000,956,Julia,-0.11525966044494251,0.34463259471759167
2000-03-23 12:45:00.000000000,1030,Julia,-0.8227652927100759,0.87398861698547
2000-03-23 13:45:00.000000000,962,Julia,-0.32768652434118617,0.5205868880756748
2000-03-23 14:15:00.000000000,1023,Julia,0.9798793658898024,-0.4723224007134663
2000-03-23 18:45:00.000000000,1038,Julia,0.6212035551860062,-0.4018186878625336
2000-03-23 19:15:00.000000000,1058,Julia,-0.3038656430010189,0.4793920490613206
2000-03-23 23:30:00.000000000,1024,Julia,-0.07136209993847142,-0.5787199757084298
2000-03-24 00:00:00.000000000,1022,Julia,0.544631168750062,0.6472891355362282
2000-03-24 00:45:00.000000000,948,Julia,0.9809078112133913,-0.09011588361430278
2000-03-24 04:30:00.000000000,980,Julia,0.5767553316126575,-0.9798309304067947
2000-03-24 06:30:00.000000000,968,Julia,-0.395613550821426,0.5597735116712923
2000-03-24 06:45:00.000000000,1024,Julia,-0.7944097127613421,-0.40621234198548706
2000-03-24 09:00:00.000000000,979,Julia,0.7507059823492963,-0.3814162027308612
2000-03-24 09:15:00.000000000,1016,Julia,0.23945549573587832,-0.5523963805802901
2000-03-24 17:15:00.000000000,1018,Julia,-0.9007906126417464,-0.7509969870939488
2000-03-24 19:45:00.000000000,1046,Julia,0.8302004536464995,-0.6527416319915647
2000-03-24 21:00:00.000000000,1011,Julia,0.07633610605953334,0.4918152784203682
2000-03-24 21:30:00.000000000,970,Julia,0.6304126668271159,-0.42106825830609074
2000-03-24 23:00:00.000000000,1001,Julia,-0.9656772864655416,-0.5945698320415076
2000-03-25 05:45:00.000000000,974,Julia,-0.41118248307416017,-0.8154301138620921
2000-03-25 07:00:00.000000000,1057,Julia,-0.948236027945845,0.8766964901542236
2000-03-25 09:00:00.000000000,980,Julia,0.6583514326142477,0.8102076496540307
2000-03-25 09:30:00.000000000,1047,Julia,-0.12154239123835975,-0.8001130306654769
2000-03-25 09:45:00.000000000,1013,Julia,-0.49555723855062483,0.5906384057017415
2000-03-25 10:15:00.000000000,962,Julia,0.3488735186793963,0.09971246004024548
2000-03-25 11:30:00.000000000,1025,Julia,0.4359238604263189,-0.5395065413193898
2000-03-25 12:00:00.000000000,1027,Julia,0.2596091213542049,-0.01657802780581541
2000-03-25 12:45:00.000000000,954,Julia,-0.27241465129263,0.6682332203845838
2000-03-25 14:30:00.000000000,1034,Julia,0.4483566774177994,-0.6136374404628577
2000-03-25 16:15:00.000000000,990,Julia,-0.8541824336938442,0.2554796038326679
2000-03-25 18:45:00.000000000,1043,Julia,0.1988019519582429,0.4335407868845609
2000-03-25 21:15:00.000000000,985,Julia,0.018548198733290278,0.658562706265212
2000-03-25 21:30:00.000000000,1034,Julia,0.8597164923852187,0.9386399263524063
2000-03-25 21:45:00.000000000,927,Julia,0.7906299486574415,-0.24438933490413906
2000-03-25 22:45:00.000000000,1050,Julia,-0.22086558463803208,0.6199430460409294
2000-03-25 23:15:00.000000000,1048,Julia,0.9955726517562509,-0.5126137174023093
2000-03-25 23:30:00.000000000,967,Julia,-0.20263544240999143,-0.7945775985687957
2000-03-26 01:00:00.000000000,986,Julia,-0.6419336778839564,0.801082358271392
2000-03-26 02:00:00.000000000,982,Julia,-0.19389374340804166,0.02582498996945537
2000-03-26 04:30:00.000000000,980,Julia,0.4984355557831315,-0.2518381888909029
2000-03-26 05:00:00.000000000,967,Julia,0.45577421043354716,0.397595342838736
2000-03-26 06:15:00.000000000,1008,Julia,-0.6077913540084487,0.49806535027696164
2000-03-26 06:45:00.000000000,954,Julia,0.016241645367355728,-0.31263876669116497
2000-03-26 08:45:00.000000000,998,Julia,-0.27460821006847325,-0.010624938850112287
2000-03-26 09:15:00.000000000,1050,Julia,-0.9148794746768476,0.1656167360476999
2000-03-26 09:30:00.000000000,973,Julia,-0.3650485817390947,0.9437319510234927
2000-03-26 09:45:00.000000000,1026,Julia,0.2711031690395729,0.7783988466199401
2000-03-26 11:30:00.000000000,1001,Julia,0.6197327073191103,-0.5592670161611883
2000-03-26 12:30:00.000000000,1013,Julia,0.25512836087729784,0.14563803618737947
2000-03-26 13:00:00.000000000,1011,Julia,-0.24428489428106537,0.19375043974236195
2000-03-26 13:45:00.000000000,1011,Julia,-0.30946888659542715,0.49359504726589076
2000-03-26 15:30:00.000000000,1002,Julia,-0.5678952525694676,0.31002922498714613
2000-03-26 16:00:00.000000000,966,Julia,-0.6487703932916766,0.08471209026704107
2000-03-26 22:15:00.000000000,1038,Julia,-0.7879227691892401,0.37776715128381966
2000-03-26 23:00:00.000000000,957,Julia,0.3353518435055183,-0.42892144907681606
2000-03-26 23:30:00.000000000,945,Julia,-0.11133496799200415,0.4907277195726598
2000-03-27 02:15:00.000000000,1013,Julia,0.5857166407628578,0.2816119786114073
2000-03-27 03:00:00.000000000,979,Julia,0.9207267299132409,-0.7340045111433557
2000-03-27 04:00:00.000000000,1002,Julia,0.47945900059246793,0.6632924457623319
2000-03-27 04:30:00.000000000,967,Julia,-0.6139007208578737,-0.08535662240879249
2000-03-27 05:15:00.000000000,990,Julia,0.8094844281533891,-0.5552917101888166
2000-03-27 06:45:00.000000000,995,Julia,-0.7127221829108272,-0.6742977323072785
2000-03-27 08:15:00.000000000,987,Julia,0.7641262878070827,-0.6537280784328645
2000-03-27 09:00:00.000000000,991,Julia,0.8048040565730348,-0.5911581522718234
2000-03-27 09:30:00.000000000,1022,Julia,0.03602371311979535,0.8935767775789976
2000-03-27 09:45:00.000000000,1023,Julia,0.6131750383434078,-0.09274110805376434
2000-03-27 10:00:00.000000000,1007,Julia,-0.15120646718066255,0.09553066648614106
2000-03-27 19:00:00.000000000,1027,Julia,-0.20857035527598922,-0.5990135176317901
2000-03-27 20:15:00.000000000,990,Julia,-0.9098879923829939,0.5883247848438284
2000-03-27 21:00:00.000000000,1028,Julia,-0.5861665069324402,0.5230221078878126
2000-03-27 21:15:00.000000000,1036,Julia,-0.23518679033722245,0.08930891562075138
2000-03-27 23:15:00.000000000,1007,Julia,0.416270873114714,0.3313116139175323
2000-03-27 23:45:00.000000000,962,Julia,-0.010217398252648557,-0.8898854053148921
2000-03-28 00:00:00.000000000,994,Julia,-0.14996463318190179,-0.5552132379879735
2000-03-28 02:45:00.000000000,996,Julia,-0.8137357290941161,-0.2831909298965838
2000-03-28 03:45:00.000000000,971,Julia,-0.45943422313708715,-0.23472242613826855
2000-03-28 04:45:00.000000000,1054,Julia,0.8191030078771242,0.2410060913886225
2000-03-28 05:15:00.000000000,936,Julia,-0.24320054830015136,0.29692748964078874
2000-03-28 06:15:00.000000000,1081,Julia,-0.024540632465415824,0.8416643006953204
2000-03-28 10:00:00.000000000,965,Julia,-0.06546522984331493,-0.34105314756232197
2000-03-28 10:45:00.000000000,1050,Julia,-0.9538493573657867,-0.1668330625068235
2000-03-28 13:45:00.000000000,939,Julia,0.3081045075464277,-0.9314397832219663
2000-03-28 15:15:00.000000000,993,Julia,0.26606097541647666,0.883372741343875
2000-03-28 16:00:00.000000000,1018,Julia,0.852273148955633,-0.2465648041988464
2000-03-28 16:45:00.000000000,973,Julia,0.4394346150134696,-0.204836675821936
2000-03-28 17:15:00.000000000,994,Julia,-0.014031517016169115,0.5056806451112683
2000-03-28 20:15:00.000000000,1011,Julia,-0.7741280688876175,-0.15008131281333426
2000-03-28 21:45:00.000000000,1026,Julia,0.2550212151781279,-0.5864758953638163
2000-03-28 22:30:00.000000000,1021,Julia,0.01073063451960099,-0.6078185326991188
2000-03-28 22:45:00.000000000,978,Julia,0.42560563318702527,-0.18156250431465448
2000-03-29 03:30:00.000000000,1048,Julia,-0.6038609575665741,-0.09241169320468279
2000-03-29 05:15:00.000000000,1044,Julia,0.5348613115555823,-0.5391175062029341
2000-03-29 07:00:00.000000000,1027,Julia,-0.5784059019742498,-0.8610504879925374
2000-03-29 08:45:00.000000000,1078,Julia,-0.2688136728960726,-0.68004004921028
2000-03-29 09:00:00.000000000,960,Julia,0.7309399068845912,0.9724789031069796
2000-03-29 13:15:00.000000000,1013,Julia,0.9629483452841796,-0.1574300599255143
2000-03-29 16:00:00.000000000,962,Julia,-0.328373434741535,-0.05875248014562762
2000-03-29 16:15:00.000000000,995,Julia,-0.4290872575536264,0.1477895075012885
2000-03-29 16:30:00.000000000,985,Julia,0.43947416910602755,-0.4321769592207225
2000-03-29 18:00:00.000000000,1005,Julia,-0.879391880385006,-0.7494899835676792
2000-03-29 18:30:00.000000000,1053,Julia,0.39791362507015804,-0.3374814630639953
2000-03-29 19:15:00.000000000,991,Julia,-0.14182464196523759,0.6066613693296701
2000-03-29 20:00:00.000000000,970,Julia,-0.8429794629040819,0.053356956710950865
2000-03-29 21:30:00.000000000,1007,Julia,-0.13287222213971228,0.12475557188681052
2000-03-29 22:30:00.000000000,1006,Julia,0.33347955077874647,0.877908595891274
2000-03-30 01:00:00.000000000,1023,Julia,-0.42736869191204097,-0.48569068352852485
2000-03-30 01:30:00.000000000,984,Julia,-0.808751875045399,-0.8044300365179704
2000-03-30 02:45:00.000000000,1017,Julia,0.8111069076073967,-0.48428813840783946
2000-03-30 04:15:00.000000000,1037,Julia,0.6228637525774936,0.5834259541640132
2000-03-30 05:00:00.000000000,1021,Julia,0.7441995073877143,-0.9988740368901601
2000-03-30 06:45:00.000000000,997,Julia,0.8312455641941783,-0.6592992605480674
2000-03-30 08:30:00.000000000,1017,Julia,0.053659887191098266,0.5613150045651194
2000-03-30 08:45:00.000000000,985,Julia,0.09880739249711046,-0.14502570757198274
2000-03-30 10:30:00.000000000,907,Julia,0.9038133881848316,-0.632651948902881
2000-03-30 11:30:00.000000000,1004,Julia,-0.9391200197666614,-0.2617854432541522
2000-03-30 13:00:00.000000000,1003,Julia,-0.9453199617744557,-0.623997565949705
2000-03-30 15:00:00.000000000,996,Julia,-0.2308964235824249,-0.6815013650195321
2000-03-30 15:15:00.000000000,1032,Julia,-0.8230053322530775,0.9246144180599485
2000-03-30 15:45:00.000000000,1010,Julia,-0.40802428336968255,-0.2716575698320103
2000-03-30 16:30:00.000000000,980,Julia,0.4069764622369829,-0.562955450792509
2000-03-30 17:30:00.000000000,1029,Julia,0.42314695835170557,-0.8765458773191321
2000-03-30 19:30:00.000000000,956,Julia,-0.04547613833639841,-0.526583462477523
2000-03-30 20:30:00.000000000,1033,Julia,-0.8343054479081558,-0.9658973247216383
2000-03-30 21:00:00.000000000,1019,Julia,0.2642928425224178,0.6177155319341461
2000-03-30 23:00:00.000000000,924,Julia,0.8992387025576001,0.33123003102678616
2000-01-01 01:30:00.000000000,1015,Liliam,-0.2592601475018197,0.5410218278548611
2000-01-01 03:45:00.000000000,975,Liliam,-0.06257655516705096,-0.9638856342100368
2000-01-01 04:15:00.000000000,1067,Liliam,0.008471938714201599,-0.9674573977647867
2000-01-01 04:45:00.000000000,1027,Liliam,0.7727924072186416,0.5458079986007223
2000-01-01 05:30:00.000000000,955,Liliam,-0.7301288332482547,-0.10470581662028056
2000-01-01 08:00:00.000000000,1077,Liliam,0.021142457048644703,0.5516485326110041
2000-01-01 09:30:00.000000000,996,Liliam,0.22835261895604142,-0.5939103012196263
2000-01-01 09:45:00.000000000,950,Liliam,-0.7460301250259163,-0.34983226743829965
2000-01-01 10:00:00.000000000,1014,Liliam,0.7862778226305229,-0.7158791845190375
2000-01-01 14:00:00.000000000,1027,Liliam,-0.9336484210369149,-0.5455205889931887
2000-01-01 14:30:00.000000000,1023,Liliam,-0.3499842387345735,0.13441014113704508
2000-01-01 15:30:00.000000000,1002,Liliam,-0.8620290851024259,0.9509101856477349
2000-01-01 15:45:00.000000000,1033,Liliam,0.9659769501840767,-0.7350149332504117
2000-01-01 16:00:00.000000000,997,Liliam,0.8381195526525191,0.0930606531818634
2000-01-01 16:15:00.000000000,976,Liliam,-0.8935962239845257,-0.21399982782662508
2000-01-01 18:30:00.000000000,990,Liliam,-0.020940220651011643,-0.6247624925000541
2000-01-01 23:15:00.000000000,981,Liliam,0.8202191048714367,0.170657779328244
2000-01-01 23:45:00.000000000,931,Liliam,0.22881024783144865,0.6047833992194063
2000-01-02 01:00:00.000000000,1004,Liliam,-0.07617682752486998,0.2371677648506052
2000-01-02 04:00:00.000000000,1004,Liliam,0.24093395326534628,0.8043503905024376
2000-01-02 06:00:00.000000000,1001,Liliam,-0.7749219698382201,0.06928319085970491
2000-01-02 08:00:00.000000000,1012,Liliam,0.5491582734161577,0.19618727973659134
2000-01-02 08:45:00.000000000,988,Liliam,0.02143778820830966,-0.9062688620759636
2000-01-02 09:15:00.000000000,1000,Liliam,0.7359532567173972,0.4770549214685882
2000-01-02 20:15:00.000000000,1053,Liliam,0.028546271281084667,-0.07363617824764268
2000-01-02 22:15:00.000000000,1046,Liliam,0.04018402879607774,0.6483836034219201
2000-01-02 23:00:00.000000000,991,Liliam,-0.9521634029645556,-0.49352181955246843
2000-01-03 00:00:00.000000000,979,Liliam,0.679559388069658,-0.8482888112823377
2000-01-03 01:30:00.000000000,1048,Liliam,-0.8344424175082117,0.1909679310296606
2000-01-03 02:45:00.000000000,1072,Liliam,0.46738231608155023,-0.1633492380859145
2000-01-03 04:00:00.000000000,966,Liliam,0.9959002593069097,-0.45951760163740984
2000-01-03 04:15:00.000000000,977,Liliam,0.8907464590545005,-0.6966806284626936
2000-01-03 11:00:00.000000000,902,Liliam,0.6163116321489175,0.6010190470843935
2000-01-03 13:00:00.000000000,930,Liliam,0.4776510994434633,-0.5459443292713817
2000-01-03 13:15:00.000000000,1037,Liliam,-0.2052222967319386,0.8566906437199815
2000-01-03 13:30:00.000000000,991,Liliam,-0.7992719421064254,0.2427504134173808
2000-01-03 15:00:00.000000000,1001,Liliam,-0.6996379046658396,-0.536167749244149
2000-01-03 16:30:00.000000000,1062,Liliam,0.13600227984606184,-0.5888792909254219
2000-01-03 17:45:00.000000000,1012,Liliam,-0.11202117400841383,-0.0166601832812594
2000-01-03 20:45:00.000000000,1018,Liliam,0.46518991487942163,0.8550100584588065
2000-01-03 21:00:00.000000000,1014,Liliam,-0.08198502941375674,-0.779249071999434
2000-01-03 23:15:00.000000000,997,Liliam,0.9522425507029868,0.2098142687905833
2000-01-04 00:45:00.000000000,1013,Liliam,-0.9695503754381123,-0.4671584278550398
2000-01-04 01:00:00.000000000,1025,Liliam,0.8744823325305402,0.9544030386345141
2000-01-04 01:30:00.000000000,954,Liliam,-0.476110691608711,-0.8347590194789201
2000-01-04 05:15:00.000000000,1085,Liliam,0.33217834544907743,-0.20100689157508156
2000-01-04 06:30:00.000000000,1000,Liliam,0.7993927302679666,-0.8644076230772981
2000-01-04 06:45:00.000000000,1005,Liliam,-0.6061831128337571,-0.5028257249565264
2000-01-04 07:30:00.000000000,1013,Liliam,0.3252467174897562,0.26413497586260104
2000-01-04 07:45:00.000000000,1012,Liliam,0.6222061338385174,-0.4847677823163532
2000-01-04 08:45:00.000000000,1000,Liliam,0.045137837032491746,0.37220802305703393
2000-01-04 09:30:00.000000000,984,Liliam,-0.5123470221200936,-0.49127669943472596
2000-01-04 09:45:00.000000000,1001,Liliam,0.029154956987449854,-0.258499464477139
2000-01-04 14:45:00.000000000,965,Liliam,0.906375040572398,0.8559267845077525
2000-01-04 16:30:00.000000000,966,Liliam,0.6981698099356322,0.7978510109590595
2000-01-04 22:30:00.000000000,939,Liliam,0.08402257947684766,-0.9111558410577889
2000-01-04 23:30:00.000000000,954,Liliam,0.27412201769815336,0.2310350503058387
2000-01-05 02:30:00.000000000,1037,Liliam,0.2560079347409465,-0.36169070850795104
2000-01-05 05:00:00.000000000,1006,Liliam,0.8917299158930523,0.7224812004765009
2000-01-05 05:30:00.000000000,1030,Liliam,0.87064306571377,-0.9819602661932707
2000-01-05 06:15:00.000000000,1021,Liliam,-0.15967531221125286,0.029619357158678028
2000-01-05 08:00:00.000000000,1022,Liliam,0.11207973123354709,0.6255035538898692
2000-01-05 08:45:00.000000000,977,Liliam,-0.009018296172866425,0.4728702236602369
2000-01-05 09:15:00.000000000,967,Liliam,0.6830699979832973,-0.5760939728917762
2000-01-05 12:00:00.000000000,986,Liliam,0.2159380678964271,0.1357162711418305
2000-01-05 12:15:00.000000000,997,Liliam,0.6170240451935072,0.4587443282061152
2000-01-05 12:45:00.000000000,973,Liliam,-0.9067893511657532,0.03408860526053625
2000-01-05 13:15:00.000000000,961,Liliam,0.636475577721161,0.40501276495549665
2000-01-05 14:00:00.000000000,994,Liliam,0.8373356062830333,-0.15398831603998064
2000-01-05 15:00:00.000000000,1006,Liliam,-0.15243195256585107,-0.3506909538156531
2000-01-05 15:15:00.000000000,978,Liliam,-0.8563994103202603,0.8363005282580742
2000-01-05 15:30:00.000000000,932,Liliam,-0.026945961268925123,-0.5089321075434299
2000-01-05 16:45:00.000000000,926,Liliam,-0.052528245452388544,0.7108120562764801
2000-01-05 18:15:00.000000000,1043,Liliam,0.05392867994170869,0.4220895965213849
2000-01-05 21:15:00.000000000,1010,Liliam,-0.08183614100323,0.2981667607946974
2000-01-05 23:00:00.000000000,991,Liliam,-0.6967627789357791,-0.647073014430372
2000-01-05 23:45:00.000000000,1022,Liliam,-0.41417500874152435,-0.9335795705102035
2000-01-06 01:15:00.000000000,988,Liliam,0.44643812196096455,-0.18280348244888223
2000-01-06 01:30:00.000000000,951,Liliam,0.9845344886519924,0.10554881042980258
2000-01-06 03:45:00.000000000,968,Liliam,-0.1916112557100207,-0.6570018022575901
2000-01-06 04:30:00.000000000,1003,Liliam,-0.6548966042003099,-0.8555064137499933
2000-01-06 06:30:00.000000000,1025,Liliam,-0.26009602871558224,-0.8539809099360995
2000-01-06 07:15:00.000000000,1008,Liliam,0.3938779826423038,0.8645798979206198
2000-01-06 11:00:00.000000000,991,Liliam,-0.036688985137341756,0.5412983181567159
2000-01-06 13:30:00.000000000,1057,Liliam,-0.3457003470774105,-0.1816614936049068
2000-01-06 16:00:00.000000000,980,Liliam,0.3764186389432018,-0.9806431167791929
2000-01-06 16:45:00.000000000,995,Liliam,-0.007787166570870641,0.8668938235547263
2000-01-06 17:30:00.000000000,972,Liliam,0.8571077821888833,0.20657672810256433
2000-01-06 18:00:00.000000000,993,Liliam,0.7179477497733868,0.624344301662519
2000-01-06 18:45:00.000000000,955,Liliam,-0.2869939742597769,-0.2213130527156748
2000-01-06 20:00:00.000000000,1038,Liliam,0.2692976320650087,-0.16434781748364458
2000-01-06 20:30:00.000000000,995,Liliam,0.37497223509272204,-0.5967531108404047
2000-01-06 21:00:00.000000000,1030,Liliam,-0.036168785630055655,-0.7867009675227219
2000-01-06 22:30:00.000000000,1000,Liliam,0.7911709115121974,0.8654622381254964
2000-01-07 03:00:00.000000000,998,Liliam,0.7995250535760106,0.1735992356175673
2000-01-07 04:15:00.000000000,1009,Liliam,0.42689847774816947,0.0399521685508577
2000-01-07 04:30:00.000000000,938,Liliam,-0.4752676860900462,-0.6283194655168736
2000-01-07 07:30:00.000000000,965,Liliam,0.9199216529632301,-0.6295274311427763
2000-01-07 08:15:00.000000000,950,Liliam,0.6563173803524596,0.45789831411431203
2000-01-07 11:15:00.000000000,966,Liliam,-0.6305862196571279,0.6765585792760622
2000-01-07 16:30:00.000000000,1025,Liliam,0.5255489802907398,-0.4216755563929868
2000-01-07 17:45:00.000000000,999,Liliam,-0.7082937072432522,-0.6777019783020921
2000-01-07 19:15:00.000000000,1009,Liliam,-0.1433618472171987,0.18199732568342153
2000-01-07 20:30:00.000000000,1061,Liliam,0.851530275531819,0.251569605992251
2000-01-07 21:00:00.000000000,1010,Liliam,0.9303377129878883,0.64301774435064
2000-01-08 00:30:00.000000000,1005,Liliam,-0.9586014273329748,-0.8943660623228631
2000-01-08 01:00:00.000000000,1010,Liliam,-0.25295235342989564,0.5497792539914952
2000-01-08 02:45:00.000000000,990,Liliam,0.6800676677991782,0.20704053718613769
2000-01-08 04:45:00.000000000,1049,Liliam,0.6357238734650907,-0.4847494750205721
2000-01-08 05:15:00.000000000,997,Liliam,0.4603293837111133,0.7892826948684775
2000-01-08 05:45:00.000000000,912,Liliam,-0.048019368923675865,-0.8817784810429248
2000-01-08 06:00:00.000000000,1043,Liliam,0.07078429177098577,0.18905380153568063
2000-01-08 07:15:00.000000000,920,Liliam,0.3927794026351463,0.08755147272648744
2000-01-08 07:30:00.000000000,1016,Liliam,0.9760205862712408,0.33536403058375996
2000-01-08 09:15:00.000000000,1056,Liliam,0.7771047640141151,0.870881801139747
2000-01-08 10:15:00.000000000,973,Liliam,-0.10088509697712778,-0.5842279749568378
2000-01-08 11:00:00.000000000,1027,Liliam,-0.5952117760836846,-0.6449743987539434
2000-01-08 14:15:00.000000000,999,Liliam,0.11593805151983005,0.23801320814054217
2000-01-08 14:45:00.000000000,1030,Liliam,-0.7049412859120734,0.02233342042007691
2000-01-08 16:15:00.000000000,951,Liliam,-0.28549502168507024,-0.8389409072614313
2000-01-08 18:45:00.000000000,991,Liliam,0.6647697039413101,0.7617711798554028
2000-01-08 19:45:00.000000000,1000,Liliam,0.03673698279149007,-0.3790570148471728
2000-01-08 20:00:00.000000000,969,Liliam,-0.5952912733512847,-0.42533322049323896
2000-01-08 21:30:00.000000000,1010,Liliam,-0.45551777743448385,0.4725334232227827
2000-01-08 22:30:00.000000000,952,Liliam,0.13277390884294693,-0.5476216072056197
2000-01-08 23:30:00.000000000,951,Liliam,0.9505291790692862,-0.7073680227637207
2000-01-09 00:15:00.000000000,1034,Liliam,-0.05718477397253352,-0.31828506868178463
2000-01-09 02:15:00.000000000,943,Liliam,0.34260717526872564,-0.8177781397580144
2000-01-09 06:15:00.000000000,992,Liliam,0.29922270609879953,-0.7295871700186285
2000-01-09 08:45:00.000000000,1041,Liliam,0.1811436600541303,0.09767125485326345
2000-01-09 09:15:00.000000000,938,Liliam,-0.3064910260984468,0.46572563795599264
2000-01-09 09:45:00.000000000,981,Liliam,-0.6970413238322744,0.9474166428388668
2000-01-09 10:30:00.000000000,1000,Liliam,0.8034055402696694,-0.22552353204028286
2000-01-09 13:30:00.000000000,1022,Liliam,0.21036155532962297,0.7535311141614509
2000-01-09 15:15:00.000000000,1022,Liliam,0.658692866766067,0.00783489759733591
2000-01-09 17:00:00.000000000,1010,Liliam,-0.9964915548230671,-0.5518742112736941
2000-01-09 18:00:00.000000000,1026,Liliam,0.6591428397675891,-0.21058054674807325
2000-01-09 20:30:00.000000000,972,Liliam,0.21050380165431015,-0.5911830307698671
2000-01-10 01:30:00.000000000,1031,Liliam,-0.19842081487529528,-0.5940292783387597
2000-01-10 05:00:00.000000000,992,Liliam,0.14769147098324464,0.7360771480450299
2000-01-10 06:45:00.000000000,977,Liliam,-0.8775308161885695,0.20559990500713554
2000-01-10 07:15:00.000000000,1044,Liliam,0.8864488293232864,0.19728717145183983
2000-01-10 07:30:00.000000000,982,Liliam,0.5588419782662493,-0.8046432280539011
2000-01-10 08:00:00.000000000,1049,Liliam,0.9149979739432899,-0.9144926766103643
2000-01-10 11:15:00.000000000,969,Liliam,0.28015907099203896,0.8972132262856427
2000-01-10 14:45:00.000000000,1003,Liliam,0.09413706637900576,0.7629324807525957
2000-01-10 15:45:00.000000000,993,Liliam,0.5797969916285852,-0.39430028889786106
2000-01-10 20:15:00.000000000,991,Liliam,0.47257140396970043,-0.8761922285577375
2000-01-10 21:00:00.000000000,1040,Liliam,0.9557279265672696,0.9628203739504742
2000-01-10 22:30:00.000000000,973,Liliam,-0.07025275493315952,-0.9699946656993035
2000-01-11 00:15:00.000000000,990,Liliam,0.44532689118044577,0.2110911539621978
2000-01-11 01:30:00.000000000,1034,Liliam,-0.5451513970609017,-0.7651946754280741
2000-01-11 01:45:00.000000000,972,Liliam,-0.8384469850283245,0.2440472709779542
2000-01-11 02:30:00.000000000,1024,Liliam,0.3029065310722301,-0.24867289061249576
2000-01-11 02:45:00.000000000,998,Liliam,0.7737682880655832,-0.19881990173864028
2000-01-11 05:00:00.000000000,1063,Liliam,0.3477431457180584,-0.34929157148161427
2000-01-11 08:00:00.000000000,1009,Liliam,0.8902743984186263,-0.5084469082249237
2000-01-11 10:00:00.000000000,969,Liliam,0.737376785575468,-0.3855970891275555
2000-01-11 10:45:00.000000000,1041,Liliam,-0.6721678919695357,0.5269680490502195
2000-01-11 11:15:00.000000000,1005,Liliam,-0.5922753239404686,-0.6491048536190094
2000-01-11 13:30:00.000000000,989,Liliam,0.821755475981814,0.5896746318743646
2000-01-11 15:15:00.000000000,1044,Liliam,0.17173635808597942,-0.8361495425253715
2000-01-11 15:30:00.000000000,988,Liliam,-0.7888316615443547,0.7808406983074148
2000-01-11 16:00:00.000000000,924,Liliam,-0.4403945189766494,-0.7833127363105403
2000-01-11 18:00:00.000000000,1028,Liliam,-0.6100611612731233,-0.9086535625269561
2000-01-11 19:00:00.000000000,992,Liliam,0.6824025371999163,-0.22280061628085068
2000-01-11 19:15:00.000000000,965,Liliam,0.14288127223603753,0.9768674801570061
2000-01-11 19:30:00.000000000,975,Liliam,0.4952002481858666,-0.24001253514778798
2000-01-11 20:00:00.000000000,983,Liliam,0.07425930741668618,0.2827764536725781
2000-01-11 23:00:00.000000000,942,Liliam,-0.4717380088280865,-0.5749745828449693
2000-01-12 00:00:00.000000000,996,Liliam,0.5533136502523568,0.132552947890483
2000-01-12 00:45:00.000000000,1003,Liliam,0.45806189502107575,0.38460653273140233
2000-01-12 03:45:00.000000000,1059,Liliam,-0.14215285165224234,-0.30010874758834394
2000-01-12 04:45:00.000000000,1036,Liliam,0.7699671441204892,-0.9565562684714941
2000-01-12 06:15:00.000000000,986,Liliam,-0.7924784134974954,0.5403576900945826
2000-01-12 07:45:00.000000000,1009,Liliam,0.06101626918081493,0.20519058188876893
2000-01-12 09:30:00.000000000,975,Liliam,0.22080453383435628,0.10796061492754938
2000-01-12 11:15:00.000000000,985,Liliam,-0.5383765545832102,0.6757884128578346
2000-01-12 13:15:00.000000000,1025,Liliam,-0.7520587786049278,-0.7903739776779455
2000-01-12 14:00:00.000000000,1003,Liliam,-0.1787602617221966,-0.1322269227575681
2000-01-12 15:15:00.000000000,1048,Liliam,0.6144411279564395,-0.22062750243439444
2000-01-12 15:45:00.000000000,965,Liliam,0.46554500806612653,-0.5821782539309193
2000-01-12 16:15:00.000000000,1025,Liliam,-0.8954202291795135,-0.868344370832332
2000-01-12 16:30:00.000000000,1029,Liliam,-0.6135736172544901,0.710633032835728
2000-01-12 20:00:00.000000000,977,Liliam,-0.7511819766060446,-0.6114164093041046
2000-01-12 21:15:00.000000000,983,Liliam,-0.11008104560488108,0.7238647136113552
2000-01-12 22:45:00.000000000,1036,Liliam,-0.6128578370798496,-0.15646230212112666
2000-01-13 00:30:00.000000000,989,Liliam,-0.887097489504272,-0.4317870449583645
2000-01-13 01:30:00.000000000,1019,Liliam,0.4574207437340907,0.9733278554289215
2000-01-13 06:15:00.000000000,991,Liliam,0.9358305063809453,-0.16689054245273294
2000-01-13 06:30:00.000000000,1039,Liliam,-0.0690098870679745,0.9254491901680393
2000-01-13 06:45:00.000000000,998,Liliam,0.08821373870413574,0.47857211023153856
2000-01-13 07:00:00.000000000,1027,Liliam,0.7229462410789043,-0.32740455785986167
2000-01-13 07:30:00.000000000,1045,Liliam,-0.9458415129854576,-0.1857791457341531
2000-01-13 08:30:00.000000000,989,Liliam,-0.8652778831596335,-0.3203906407417616
2000-01-13 12:00:00.000000000,1000,Liliam,0.05242724524982223,-0.04831798032654455
2000-01-13 12:15:00.000000000,1023,Liliam,0.6022672039047003,-0.6615823833038341
2000-01-13 13:45:00.000000000,963,Liliam,-0.5722440608383104,-0.48900940661223236
2000-01-13 16:30:00.000000000,972,Liliam,0.19121267445405166,0.8608431133500893
2000-01-13 17:15:00.000000000,944,Liliam,0.6790929482351069,-0.6818650838163778
2000-01-13 18:45:00.000000000,1020,Liliam,-0.16924349357477309,-0.3469274257447912
2000-01-13 19:15:00.000000000,999,Liliam,0.5682239233526005,-0.6355557506333784
2000-01-13 19:45:00.000000000,983,Liliam,0.4800400169075276,0.8143405522207967
2000-01-13 22:15:00.000000000,974,Liliam,-0.6730828747789166,0.816392277206829
2000-01-14 01:15:00.000000000,1004,Liliam,0.8825457183219108,-0.8308876558255576
2000-01-14 07:00:00.000000000,994,Liliam,-0.1554885294254862,-0.06438285026662305
2000-01-14 08:00:00.000000000,976,Liliam,-0.7774571280174887,0.6109887245665233
2000-01-14 10:15:00.000000000,997,Liliam,0.5320285873953696,0.5978193895676234
2000-01-14 10:30:00.000000000,985,Liliam,0.15221813253244965,-0.9019380442656106
2000-01-14 10:45:00.000000000,1039,Liliam,-0.931836832535452,0.5453909998928534
2000-01-14 11:15:00.000000000,966,Liliam,0.33282419014920905,-0.04754762344373309
2000-01-14 11:45:00.000000000,994,Liliam,0.7198402012002538,-0.5383735312603852
2000-01-14 15:30:00.000000000,1084,Liliam,-0.08157722590436878,0.2855233999538018
2000-01-14 16:45:00.000000000,993,Liliam,0.9984436427669616,0.4178938895828943
2000-01-14 19:15:00.000000000,1004,Liliam,0.020113759987234525,-0.78140808554509
2000-01-14 22:15:00.000000000,925,Liliam,-0.8457024701313736,0.27575831921264937
2000-01-15 00:45:00.000000000,1022,Liliam,0.11539126672123956,0.002456910900598075
2000-01-15 01:45:00.000000000,1033,Liliam,-0.7554608301153456,0.9755231913682627
2000-01-15 02:15:00.000000000,974,Liliam,0.22111358026660577,0.43747114125375886
2000-01-15 04:30:00.000000000,1020,Liliam,0.6274012142243381,-0.39757575936406764
2000-01-15 05:15:00.000000000,1003,Liliam,0.31238286531846904,0.4332131864489084
2000-01-15 06:00:00.000000000,966,Liliam,-0.7326709000544724,-0.9938700012729191
2000-01-15 08:15:00.000000000,1021,Liliam,-0.9974174429273899,-0.5649546515012596
2000-01-15 11:15:00.000000000,1005,Liliam,-0.49904633597138126,0.192022809468686
2000-01-15 21:45:00.000000000,961,Liliam,-0.2662691457360242,-0.7056156334885353
2000-01-15 23:00:00.000000000,1045,Liliam,0.9055616367683861,0.039296442885099925
2000-01-15 23:15:00.000000000,1020,Liliam,-0.29644877287551963,0.5945055072723928
2000-01-15 23:30:00.000000000,984,Liliam,-0.9763122039962002,0.039390187832564205
2000-01-16 00:30:00.000000000,997,Liliam,-0.06321896583521935,0.5081690306936775
2000-01-16 02:00:00.000000000,986,Liliam,0.09290548305586577,-0.39154671351074755
2000-01-16 03:00:00.000000000,976,Liliam,-0.9854376215857708,0.9614666922348294
2000-01-16 03:30:00.000000000,1014,Liliam,-0.2980187934128844,-0.7297448960614739
2000-01-16 04:00:00.000000000,998,Liliam,0.7297684011054857,-0.3432103592038711
2000-01-16 04:15:00.000000000,996,Liliam,0.9123179507058048,-0.6363631837307586
2000-01-16 04:30:00.000000000,990,Liliam,-0.7665666403902867,-0.5377260298439248
2000-01-16 08:15:00.000000000,945,Liliam,0.4144983086367451,0.6623858178053148
2000-01-16 13:30:00.000000000,1043,Liliam,0.6037803491399019,0.5943086334193903
2000-01-16 15:00:00.000000000,956,Liliam,0.7133741726911687,-0.46921854527695306
2000-01-16 17:15:00.000000000,1005,Liliam,0.4242251115436322,-0.2975596058713601
2000-01-16 17:45:00.000000000,975,Liliam,-0.8416178288523484,0.9326744287989757
2000-01-16 20:30:00.000000000,1001,Liliam,-0.9701977582547119,0.5849497681349101
2000-01-16 21:15:00.000000000,1033,Liliam,-0.6617853789478951,0.04771398674807337
2000-01-16 21:30:00.000000000,962,Liliam,0.4802156535755384,0.7973213777320662
2000-01-16 23:15:00.000000000,1000,Liliam,0.8834730097028329,0.6266869387943821
2000-01-17 00:00:00.000000000,974,Liliam,-0.16715199799608338,0.06907758677975484
2000-01-17 01:00:00.000000000,973,Liliam,-0.601549487311827,0.3705665425861453
2000-01-17 06:00:00.000000000,1024,Liliam,-0.9241093392515705,-0.5692672165116839
2000-01-17 06:45:00.000000000,1047,Liliam,-0.23857862391427354,-0.4411301209079035
2000-01-17 08:15:00.000000000,1035,Liliam,-0.12834216792356368,0.5296140984516666
2000-01-17 10:45:00.000000000,1026,Liliam,-0.5264063021186967,-0.3289026972183562
2000-01-17 11:45:00.000000000,1024,Liliam,0.6871674629106546,0.08339355275457727
2000-01-17 12:00:00.000000000,1007,Liliam,-0.9796854701301676,-0.4154641556795926
2000-01-17 12:30:00.000000000,997,Liliam,0.4993340883973294,-0.9479429758882227
2000-01-17 13:00:00.000000000,1009,Liliam,0.4734142836578463,-0.37366783692482564
2000-01-17 15:30:00.000000000,969,Liliam,-0.8809342721305204,-0.15815166664023628
2000-01-17 17:15:00.000000000,1016,Liliam,-0.008351110887031554,0.38497671016406887
2000-01-17 19:30:00.000000000,1022,Liliam,0.792863658353564,-0.24367790816301182
2000-01-17 20:45:00.000000000,1008,Liliam,-0.3348791291266755,0.8754915065321394
2000-01-17 22:15:00.000000000,957,Liliam,-0.5116394070011014,-0.2443142803087548
2000-01-18 00:45:00.000000000,991,Liliam,-0.8969366533472762,0.16831317643125576
2000-01-18 01:00:00.000000000,968,Liliam,-0.7153755918014648,0.3079672165147209
2000-01-18 02:45:00.000000000,972,Liliam,0.26400916735723645,0.7691006391112334
2000-01-18 06:15:00.000000000,1028,Liliam,-0.9783203735624488,0.4570466327453897
2000-01-18 08:00:00.000000000,1018,Liliam,0.9424315562100947,0.7976484800460681
2000-01-18 09:45:00.000000000,1019,Liliam,0.8508291745127254,-0.06911314048780826
2000-01-18 11:30:00.000000000,935,Liliam,-0.8586252986643346,-0.4739962092883996
2000-01-18 14:15:00.000000000,997,Liliam,0.6612025666001413,0.08751708432470684
2000-01-18 14:30:00.000000000,998,Liliam,-0.2745566552626235,0.11358748750337266
2000-01-18 16:15:00.000000000,994,Liliam,-0.33058127074342414,0.06767534816757204
2000-01-18 17:00:00.000000000,1017,Liliam,-0.5585350968122087,0.7712167868876778
2000-01-18 18:00:00.000000000,1034,Liliam,0.19019759474671938,-0.45564665604418253
2000-01-18 18:30:00.000000000,1032,Liliam,0.31724435376623084,-0.8388756787558669
2000-01-18 21:15:00.000000000,1022,Liliam,0.9086186313456102,-0.025883314800978496
2000-01-18 21:30:00.000000000,1000,Liliam,-0.24398860163663505,0.3372312911224842
2000-01-18 22:15:00.000000000,1048,Liliam,-0.3409112438546231,-0.40103528945658273
2000-01-18 22:30:00.000000000,931,Liliam,-0.01465346578355442,0.09645652360528478
2000-01-18 23:00:00.000000000,1053,Liliam,0.7273987574963605,-0.6744867377859589
2000-01-19 00:00:00.000000000,934,Liliam,-0.47287316995058193,0.3458934856257627
2000-01-19 02:15:00.000000000,993,Liliam,0.5927723576032786,-0.728214996285018
2000-01-19 03:00:00.000000000,985,Liliam,-0.26656422975787053,0.8780468837656903
2000-01-19 04:30:00.000000000,976,Liliam,-0.33050376761682054,0.7199456255626182
2000-01-19 06:15:00.000000000,1055,Liliam,0.16877440592404946,0.8974324048215827
2000-01-19 07:00:00.000000000,992,Liliam,0.9479144365892884,-0.9120290478019253
2000-01-19 08:00:00.000000000,918,Liliam,0.1696854882568355,0.5019860005123387
2000-01-19 10:15:00.000000000,1014,Liliam,-0.9562619438115758,0.4826579053445381
2000-01-19 10:30:00.000000000,994,Liliam,0.3954222143659014,0.30364487212125457
2000-01-19 10:45:00.000000000,992,Liliam,0.5911573812468787,-0.6254562851074441
2000-01-19 11:00:00.000000000,969,Liliam,-0.38010591082233103,0.8338816299175662
2000-01-19 11:45:00.000000000,1039,Liliam,-0.16160322833680096,-0.9085592791578003
2000-01-19 13:30:00.000000000,1008,Liliam,0.8820463676393833,-0.5626707000899818
2000-01-19 14:15:00.000000000,996,Liliam,-0.09792023839436537,-0.7285836643957126
2000-01-19 16:30:00.000000000,990,Liliam,-0.4671045140992989,0.9279496838029537
2000-01-19 18:15:00.000000000,972,Liliam,-0.440852660258199,-0.34347127068016015
2000-01-19 19:00:00.000000000,1017,Liliam,-0.12534481782126505,0.8951200156400487
2000-01-19 19:45:00.000000000,934,Liliam,-0.6553573790743727,-0.13865924670182395
2000-01-19 20:15:00.000000000,989,Liliam,-0.4315436952621856,-0.494865434230785
2000-01-19 21:45:00.000000000,982,Liliam,-0.3373762906357023,0.2543836684196481
2000-01-19 22:00:00.000000000,1004,Liliam,0.8198984255054895,-0.3211145351982736
2000-01-19 22:30:00.000000000,978,Liliam,0.5999993385143061,-0.04096775430085908
2000-01-19 23:15:00.000000000,975,Liliam,-0.9182913668444064,-0.42419213000102673
2000-01-20 02:45:00.000000000,988,Liliam,0.969241071156582,0.8489149390680719
2000-01-20 05:30:00.000000000,1021,Liliam,-0.1764599943776577,-0.5604566020440516
2000-01-20 06:30:00.000000000,1010,Liliam,-0.03382007838104606,-0.6800816958837126
2000-01-20 09:45:00.000000000,1003,Liliam,0.17164103215217708,0.20750418554898653
2000-01-20 10:15:00.000000000,1013,Liliam,0.4502875576908809,-0.054727599087248224
2000-01-20 12:30:00.000000000,977,Liliam,-0.720254250062385,0.9209497011642553
2000-01-20 13:30:00.000000000,1059,Liliam,0.6454935105681854,-0.7774086724889757
2000-01-20 14:30:00.000000000,993,Liliam,-0.4855773225884852,0.49344362470109693
2000-01-20 17:00:00.000000000,950,Liliam,0.596789704807136,-0.9390251467688824
2000-01-20 19:15:00.000000000,1020,Liliam,-0.481399346263784,-0.3055551963834746
2000-01-20 19:45:00.000000000,997,Liliam,0.11224921107956098,-0.12848318115165847
2000-01-20 22:15:00.000000000,1011,Liliam,-0.9537416584833904,-0.983693647918011
2000-01-20 23:30:00.000000000,982,Liliam,0.6126623714725659,0.4273286740551725
2000-01-20 23:45:00.000000000,922,Liliam,-0.8828129804726101,0.42798153996012855
2000-01-21 00:15:00.000000000,1014,Liliam,0.8941652762194041,0.09002615335517361
2000-01-21 02:45:00.000000000,1003,Liliam,-0.7753775538002388,-0.3542255829954979
2000-01-21 03:45:00.000000000,994,Liliam,-0.09718127233904172,-0.02021684076189545
2000-01-21 06:30:00.000000000,1032,Liliam,0.6081186662136118,-0.45856054871438
2000-01-21 10:15:00.000000000,1038,Liliam,0.4065063643787845,0.6105090856390691
2000-01-21 11:00:00.000000000,1012,Liliam,0.7210851845965884,-0.6295847245375108
2000-01-21 12:00:00.000000000,995,Liliam,-0.24096430183487993,0.3213314100062521
2000-01-21 12:45:00.000000000,1044,Liliam,0.01703969212277423,-0.4754178713986217
2000-01-21 15:45:00.000000000,1027,Liliam,0.0398097842486127,-0.8781662972231459
2000-01-21 19:15:00.000000000,1033,Liliam,-0.06700751204965116,-0.5315414716293596
2000-01-21 21:15:00.000000000,967,Liliam,0.2539928117628991,-0.5822647820640698
2000-01-21 23:00:00.000000000,1041,Liliam,-0.275382599729723,-0.17843272032801005
2000-01-21 23:30:00.000000000,974,Liliam,0.7927631986981751,-0.90773007210649
2000-01-22 00:15:00.000000000,1010,Liliam,-0.8446882584864557,-0.23293001234627608
2000-01-22 01:15:00.000000000,990,Liliam,0.2148512322489935,0.8172196934953027
2000-01-22 03:00:00.000000000,1015,Liliam,-0.035276172594376876,0.3461591327496947
2000-01-22 04:00:00.000000000,995,Liliam,0.4058322467043778,-0.8139469820216301
2000-01-22 07:00:00.000000000,990,Liliam,0.6178649142817132,-0.7160005985479083
2000-01-22 07:45:00.000000000,965,Liliam,0.2212725382463998,-0.11314435021960989
2000-01-22 11:45:00.000000000,1007,Liliam,0.5121607210596184,-0.022478178444971686
2000-01-22 12:15:00.000000000,1016,Liliam,0.2446463815364679,0.7327365987584016
2000-01-22 13:30:00.000000000,1053,Liliam,0.8770182479102966,-0.9588134828748356
2000-01-22 14:45:00.000000000,911,Liliam,-0.04792426710852693,0.4281272977223374
2000-01-22 17:00:00.000000000,1022,Liliam,0.12519573901193204,-0.06749286582825431
2000-01-22 17:45:00.000000000,997,Liliam,-0.05275999423566913,-0.5788056885366384
2000-01-22 18:15:00.000000000,994,Liliam,0.737598184428772,-0.6982857651189602
2000-01-22 19:30:00.000000000,949,Liliam,0.152709642445769,-0.2785182493999996
2000-01-22 20:00:00.000000000,1036,Liliam,0.5933598553171426,-0.6953247706816381
2000-01-22 20:30:00.000000000,941,Liliam,0.05873434996213911,0.4209466382302365
2000-01-22 21:15:00.000000000,1030,Liliam,0.6845314288324318,-0.34529924761906083
2000-01-22 23:30:00.000000000,1051,Liliam,-0.3680685737012048,0.2372273115110921
2000-01-22 23:45:00.000000000,944,Liliam,-0.8841922050291762,-0.9181839582749893
2000-01-23 00:00:00.000000000,999,Liliam,0.9292221455855789,-0.7137082486624979
2000-01-23 00:15:00.000000000,974,Liliam,-0.5778414176945013,-0.8251843160471315
2000-01-23 01:00:00.000000000,975,Liliam,0.08018507813714315,-0.8540142819298948
2000-01-23 02:45:00.000000000,989,Liliam,-0.22625558604818097,-0.6978829860522913
2000-01-23 06:00:00.000000000,999,Liliam,-0.9891166227749437,-0.040546916575579184
2000-01-23 09:00:00.000000000,986,Liliam,0.3308457529278539,0.06368801763599308
2000-01-23 10:00:00.000000000,919,Liliam,0.46700736108764085,-0.48600308491467126
2000-01-23 10:15:00.000000000,981,Liliam,0.19854565459051488,-0.7465171787295835
2000-01-23 13:15:00.000000000,999,Liliam,0.7467255193397371,0.2001423444358903
2000-01-23 16:00:00.000000000,1030,Liliam,-0.8776526806090317,0.3481535899301156
2000-01-23 16:15:00.000000000,1015,Liliam,-0.3235564923912284,-0.018011985754601723
2000-01-23 16:30:00.000000000,1004,Liliam,-0.19747697817399912,-0.018634722744709453
2000-01-23 17:00:00.000000000,1044,Liliam,-0.019573337134094926,-0.33082049240286815
2000-01-23 18:45:00.000000000,973,Liliam,0.06222528157026441,0.7148087126335898
2000-01-23 20:15:00.000000000,1046,Liliam,0.894641497735742,-0.005359492858119763
2000-01-23 23:00:00.000000000,1008,Liliam,-0.19325821602661675,0.8146317950163839
2000-01-24 00:30:00.000000000,1050,Liliam,0.9354636159906562,-0.3098060880283202
2000-01-24 01:15:00.000000000,1004,Liliam,-0.4656429778288911,0.6468350775216518
2000-01-24 02:45:00.000000000,1050,Liliam,0.8447265217385183,0.6242648583796391
2000-01-24 03:15:00.000000000,1018,Liliam,0.9973756457834089,-0.7858200525596186
2000-01-24 06:15:00.000000000,1049,Liliam,0.8174506245718198,0.8901697192407088
2000-01-24 11:00:00.000000000,954,Liliam,-0.015447376610504104,0.833822791146549
2000-01-24 11:45:00.000000000,1007,Liliam,-0.34677649319518355,-0.9364279379331979
2000-01-24 14:15:00.000000000,1044,Liliam,0.35551924502889487,-0.8194421991807652
2000-01-24 16:30:00.000000000,974,Liliam,0.7284629382673393,-0.8757359719894329
2000-01-24 17:00:00.000000000,987,Liliam,0.5464074333258584,0.02181277415694738
2000-01-24 18:00:00.000000000,983,Liliam,0.5627739557789451,0.9378999989811896
2000-01-24 20:15:00.000000000,1036,Liliam,-0.9888159951822331,0.10292032992370559
2000-01-24 20:45:00.000000000,950,Liliam,0.010664544135646103,-0.32283970053969413
2000-01-24 21:30:00.000000000,1027,Liliam,0.25614709049475026,0.584297378979465
2000-01-25 01:30:00.000000000,1030,Liliam,0.7766330301686462,-0.27839514974360235
2000-01-25 02:00:00.000000000,1048,Liliam,-0.22225589769285836,0.0526730899230361
2000-01-25 02:30:00.000000000,1004,Liliam,-0.9880813948541456,0.02928508447020084
2000-01-25 05:45:00.000000000,940,Liliam,-0.06058025148809998,0.3450533726854772
2000-01-25 08:15:00.000000000,959,Liliam,-0.17136610865251645,0.36044064471409176
2000-01-25 08:30:00.000000000,1031,Liliam,-0.9299730595610087,0.03180166773526638
2000-01-25 10:00:00.000000000,981,Liliam,-0.08141262941424321,-0.9550475784028374
2000-01-25 11:30:00.000000000,944,Liliam,0.7647558490200215,0.9442188383566059
2000-01-25 11:45:00.000000000,994,Liliam,-0.007569049464598132,0.40985005533959895
2000-01-25 12:45:00.000000000,1040,Liliam,0.29454699252085437,-0.8699362031414
2000-01-25 14:00:00.000000000,963,Liliam,0.07330438662829142,0.45917814103876253
2000-01-25 16:45:00.000000000,991,Liliam,0.6371116281418685,-0.5783528429564613
2000-01-25 18:15:00.000000000,965,Liliam,0.4393739391201861,0.6186178761572854
2000-01-25 18:30:00.000000000,981,Liliam,0.6249589362370365,0.1994047269517718
2000-01-25 20:30:00.000000000,1008,Liliam,0.7328722964192806,0.19462719636983827
2000-01-25 22:00:00.000000000,966,Liliam,-0.10210127070707276,0.18341826706598097
2000-01-25 22:30:00.000000000,984,Liliam,0.008958045983513019,-0.2324530914301186
2000-01-26 04:00:00.000000000,969,Liliam,-0.5478488727253839,0.37524247587918036
2000-01-26 04:45:00.000000000,1022,Liliam,-0.9608575020646493,-0.0447907952054063
2000-01-26 05:45:00.000000000,969,Liliam,0.15578457083312713,0.3069261902028202
2000-01-26 07:00:00.000000000,987,Liliam,-0.7083510014169081,0.2190155010416639
2000-01-26 08:15:00.000000000,1035,Liliam,-0.4152331836699956,-0.49017637546457715
2000-01-26 10:30:00.000000000,1028,Liliam,0.0285505406027573,0.30941357259025604
2000-01-26 12:30:00.000000000,1012,Liliam,-0.13431690071321056,-0.48477558040527113
2000-01-26 13:15:00.000000000,967,Liliam,0.3646602967358472,-0.8642516315889854
2000-01-26 14:45:00.000000000,985,Liliam,0.16617338363206868,-0.584898226384476
2000-01-26 19:45:00.000000000,1019,Liliam,-0.07266052555398494,0.16196983696050138
2000-01-26 21:00:00.000000000,987,Liliam,-0.9863367352537284,-0.032094110860063196
2000-01-26 22:30:00.000000000,949,Liliam,0.4058259096770467,0.7761795964552201
2000-01-26 22:45:00.000000000,967,Liliam,-0.07825862365498559,0.1831837001108445
2000-01-26 23:45:00.000000000,1011,Liliam,-0.061375103474133885,0.7302765897297321
2000-01-27 03:15:00.000000000,1000,Liliam,-0.7907256333505512,0.6961394609371168
2000-01-27 07:15:00.000000000,969,Liliam,-0.5278576533271044,0.06772672435048444
2000-01-27 09:30:00.000000000,1009,Liliam,-0.27441249103492615,-0.7300788735011119
2000-01-27 13:15:00.000000000,1021,Liliam,0.0013269376504234653,0.0929701289884255
2000-01-27 14:45:00.000000000,983,Liliam,-0.42338877523621177,0.06177169646963265
2000-01-27 15:30:00.000000000,1044,Liliam,-0.06505032808839317,-0.4758820492030067
2000-01-27 17:15:00.000000000,1017,Liliam,0.9483605853286086,-0.16770875514467054
2000-01-27 17:30:00.000000000,1036,Liliam,0.8841546036184791,-0.6128373667604621
2000-01-27 17:45:00.000000000,947,Liliam,-0.6986169315693556,0.7050478979619075
2000-01-27 18:45:00.000000000,982,Liliam,0.606795533008764,0.6438997573568528
2000-01-27 21:00:00.000000000,996,Liliam,0.9658413928746274,0.8339389806551354
2000-01-27 21:15:00.000000000,978,Liliam,-0.23761885716627584,0.44007617837856183
2000-01-27 23:30:00.000000000,935,Liliam,-0.28432085035868604,-0.08782076021898977
2000-01-28 00:30:00.000000000,989,Liliam,0.9913714451604825,0.1012864685155972
2000-01-28 03:00:00.000000000,956,Liliam,0.15378878100169646,0.5235844647303782
2000-01-28 03:15:00.000000000,1039,Liliam,-0.5937157850643859,-0.8933208043418182
2000-01-28 04:30:00.000000000,1080,Liliam,-0.9031003427485906,0.22241589935561334
2000-01-28 08:30:00.000000000,989,Liliam,0.8814262549434131,-0.4623159885107946
2000-01-28 09:15:00.000000000,1000,Liliam,-0.3124232336363322,-0.23908954872029864
2000-01-28 09:45:00.000000000,1017,Liliam,0.8469695705581151,0.13733584669955223
2000-01-28 10:15:00.000000000,1052,Liliam,-0.6513330587751662,0.6389863694789419
2000-01-28 11:45:00.000000000,990,Liliam,0.0030625495016010085,-0.0755436038713937
2000-01-28 14:00:00.000000000,1029,Liliam,-0.7046319735474107,-0.28379637953325143
2000-01-28 17:45:00.000000000,967,Liliam,0.6313994452620053,0.9114645157813401
2000-01-28 20:00:00.000000000,953,Liliam,-0.8794899437793835,-0.500275363932607
2000-01-28 21:30:00.000000000,957,Liliam,-0.8915005944726309,0.33426062815452195
2000-01-28 23:30:00.000000000,1048,Liliam,-0.5699532801173639,0.6549984119748344
2000-01-28 23:45:00.000000000,990,Liliam,-0.9036984389429872,0.9715493786770266
2000-01-29 02:30:00.000000000,1007,Liliam,0.05496391179771831,-0.0423230043911198
2000-01-29 03:00:00.000000000,995,Liliam,-0.5168315217254542,0.3837855065081148
2000-01-29 03:30:00.000000000,998,Liliam,0.9045824641440778,0.9007887825596994
2000-01-29 06:15:00.000000000,965,Liliam,-0.8693445102145037,0.1869627459770571
2000-01-29 06:30:00.000000000,967,Liliam,0.37773348719472444,-0.9792183129958838
2000-01-29 07:15:00.000000000,943,Liliam,-0.6695622843889677,-0.9523582578318279
2000-01-29 09:15:00.000000000,979,Liliam,-0.38352650726727133,0.9080607365858164
2000-01-29 11:00:00.000000000,948,Liliam,-0.46574841168685666,-0.0171657829849321
2000-01-29 12:45:00.000000000,1043,Liliam,-0.07586584373717242,0.357031217846592
2000-01-29 13:15:00.000000000,1030,Liliam,0.14247027887716346,-0.7586278648345322
2000-01-29 13:45:00.000000000,1011,Liliam,-0.4250737758004477,0.5559912591139882
2000-01-29 14:15:00.000000000,1023,Liliam,0.35091128350642053,0.1137995475630813
2000-01-29 15:30:00.000000000,961,Liliam,0.6992765145700834,0.041949995588619116
2000-01-29 18:45:00.000000000,977,Liliam,0.8131442222598604,0.36081868638806114
2000-01-29 19:00:00.000000000,984,Liliam,0.25899432318612714,0.7915647571734248
2000-01-29 19:45:00.000000000,1022,Liliam,0.8030267596026646,-0.2694243767379514
2000-01-29 20:30:00.000000000,994,Liliam,-0.7969560366425217,0.1435478324229249
2000-01-29 21:45:00.000000000,1080,Liliam,-0.006279575713268093,-0.08307573521007527
2000-01-29 22:00:00.000000000,1018,Liliam,-0.47414709646922404,-0.5749888645155461
2000-01-29 23:15:00.000000000,991,Liliam,0.13076148099939533,0.4947052430975738
2000-01-30 01:30:00.000000000,1027,Liliam,0.9095864665017797,-0.9727912374003078
2000-01-30 03:30:00.000000000,1003,Liliam,0.4069901891333334,-0.23647923258225267
2000-01-30 04:15:00.000000000,1011,Liliam,0.39099879917668456,-0.9471311826489854
2000-01-30 04:45:00.000000000,1023,Liliam,-0.032457574115088095,0.34037161296607366
2000-01-30 05:00:00.000000000,1023,Liliam,-0.4036761727428584,-0.8794963078808178
2000-01-30 09:15:00.000000000,1026,Liliam,-0.39363551131588537,0.7135599687520784
2000-01-30 10:00:00.000000000,950,Liliam,-0.5808419313557076,0.1386188365738794
2000-01-30 12:30:00.000000000,961,Liliam,-0.10298439131223858,0.4024081434591251
2000-01-30 14:00:00.000000000,991,Liliam,-0.17268560335749306,-0.5555061777359489
2000-01-30 14:30:00.000000000,987,Liliam,-0.6935787733055796,0.023176591638639055
2000-01-30 14:45:00.000000000,1011,Liliam,0.8832383639251458,-0.5075182463471608
2000-01-30 15:00:00.000000000,1059,Liliam,-0.3495800757681762,-0.8682969481364777
2000-01-30 15:15:00.000000000,1001,Liliam,-0.3904885872262669,-0.7296291479358419
2000-01-30 15:45:00.000000000,989,Liliam,-0.23277321386035554,0.26794912500198564
2000-01-30 16:45:00.000000000,964,Liliam,0.6209242032526889,0.17488506039631302
2000-01-30 18:30:00.000000000,996,Liliam,-0.9587733962654477,-0.9754127259744181
2000-01-30 19:45:00.000000000,1059,Liliam,-0.055823778307409366,-0.47594470922884824
2000-01-30 20:45:00.000000000,1036,Liliam,0.26724363848733956,0.613954192154454
2000-01-30 21:00:00.000000000,1034,Liliam,-0.9142330987307392,0.5236575281108911
2000-01-30 21:15:00.000000000,975,Liliam,-0.23312757625465563,0.2840401491551843
2000-01-30 21:45:00.000000000,1009,Liliam,-0.6984670099302055,-0.7814713179598041
2000-01-30 23:30:00.000000000,980,Liliam,-0.27948897740587597,0.1015196504546434
2000-01-31 00:45:00.000000000,1007,Liliam,0.601980539013073,0.5407022647781277
2000-01-31 03:00:00.000000000,1053,Liliam,-0.5753969092831235,0.6514025283337683
2000-01-31 07:00:00.000000000,987,Liliam,-0.5058566498622623,-0.44648700211266057
2000-01-31 08:00:00.000000000,982,Liliam,0.1576211354666348,0.886566977512649
2000-01-31 08:30:00.000000000,1074,Liliam,-0.3881759072730169,-0.7388985305113391
2000-01-31 12:45:00.000000000,995,Liliam,-0.0980271570472031,0.5918311170678501
2000-01-31 17:30:00.000000000,1019,Liliam,0.5109791334630847,-0.08491970497740664
2000-01-31 18:30:00.000000000,951,Liliam,0.3568238831149193,0.18467099824776723
2000-01-31 19:15:00.000000000,956,Liliam,-0.35652679678989085,-0.29088910393705025
2000-02-01 00:00:00.000000000,1046,Liliam,0.4353596826451911,0.7224256095320098
2000-02-01 01:45:00.000000000,1017,Liliam,-0.3650681366261459,-0.7406038198770342
2000-02-01 03:30:00.000000000,973,Liliam,0.4371255464296486,-0.16341031071518142
2000-02-01 03:45:00.000000000,1002,Liliam,-0.40910925311257174,-0.7821049842132548
2000-02-01 08:15:00.000000000,1007,Liliam,-0.9951942270357617,-0.44456017656526403
2000-02-01 09:15:00.000000000,945,Liliam,-0.1071388649330498,-0.4575147117764953
2000-02-01 09:45:00.000000000,1005,Liliam,0.7840504585748755,0.8248518359875043
2000-02-01 10:00:00.000000000,981,Liliam,0.26945583005696183,-0.529502550147674
2000-02-01 11:45:00.000000000,1023,Liliam,-0.16495982513248553,-0.8473944347908986
2000-02-01 12:45:00.000000000,980,Liliam,-0.0550617113214289,0.7611259408441362
2000-02-01 15:45:00.000000000,1034,Liliam,0.8373236437590346,0.9628620536463648
2000-02-01 19:00:00.000000000,988,Liliam,-0.36757751427588925,-0.5243936470363302
2000-02-01 21:45:00.000000000,975,Liliam,-0.8224766755474517,-0.33393056616162564
2000-02-01 22:15:00.000000000,992,Liliam,-0.8499873138425065,-0.010804044724402662
2000-02-02 01:15:00.000000000,978,Liliam,0.9435324805186589,-0.6752379917400775
2000-02-02 01:45:00.000000000,972,Liliam,0.369284959618698,-0.9828483215427728
2000-02-02 03:00:00.000000000,958,Liliam,0.8368728288266518,-0.24238021545689103
2000-02-02 03:15:00.000000000,1033,Liliam,-0.3022928202692714,0.911122184804013
2000-02-02 04:00:00.000000000,980,Liliam,-0.16143815444278675,-0.6808949643556124
2000-02-02 06:00:00.000000000,990,Liliam,0.6698252572010737,-0.4175624388323962
2000-02-02 08:00:00.000000000,947,Liliam,-0.8810848181575079,0.5190159697830443
2000-02-02 08:30:00.000000000,986,Liliam,0.7112921761034565,-0.3964233234570418
2000-02-02 09:00:00.000000000,1043,Liliam,-0.46403935334720225,-0.6362021128578956
2000-02-02 10:15:00.000000000,978,Liliam,0.4638024586619971,-0.09866451550266242
2000-02-02 12:15:00.000000000,982,Liliam,-0.08382561578542091,-0.8734010274226016
2000-02-02 12:45:00.000000000,1008,Liliam,0.6321801835939354,0.46992857778260877
2000-02-02 14:45:00.000000000,968,Liliam,0.4462561693302276,-0.3274661968526016
2000-02-02 17:00:00.000000000,1074,Liliam,-0.37527591854901643,0.9690480877400849
2000-02-02 19:00:00.000000000,997,Liliam,0.6498662534463355,-0.08804188082103703
2000-02-03 04:30:00.000000000,976,Liliam,0.5077615043774462,0.025819654851498175
2000-02-03 05:00:00.000000000,945,Liliam,0.8551254065159402,-0.7072102991931928
2000-02-03 06:00:00.000000000,996,Liliam,-0.5199758891642672,0.27520594698961043
2000-02-03 07:30:00.000000000,1011,Liliam,0.5047946730776467,-0.8238778238028526
2000-02-03 08:45:00.000000000,973,Liliam,0.39695454196901236,-0.22659627079006062
2000-02-03 09:00:00.000000000,1017,Liliam,-0.06371901621151599,-0.8410247303642917
2000-02-03 10:00:00.000000000,928,Liliam,0.8518870102784304,-0.45848219048865
2000-02-03 11:00:00.000000000,1024,Liliam,-0.5760848470975957,0.11361136171321551
2000-02-03 13:00:00.000000000,1007,Liliam,0.038654415134694586,0.22304847750289958
2000-02-03 16:00:00.000000000,1070,Liliam,-0.26438013090783774,0.3963493174320938
2000-02-03 18:15:00.000000000,987,Liliam,-0.31234012350402307,0.24440559530111794
2000-02-03 21:30:00.000000000,1018,Liliam,0.8022863284092647,0.005157819625032589
2000-02-03 21:45:00.000000000,1005,Liliam,0.8620707251586717,-0.568217640172155
2000-02-03 22:15:00.000000000,1008,Liliam,-0.34641610828497305,-0.459054993360668
2000-02-03 23:00:00.000000000,995,Liliam,0.28646855473102706,-0.5874918084669496
2000-02-03 23:45:00.000000000,971,Liliam,-0.6119324150773777,0.25274468486190216
2000-02-04 04:45:00.000000000,965,Liliam,0.018352368034755484,-0.3979707124637859
2000-02-04 05:15:00.000000000,1012,Liliam,0.01780874738476479,-0.7249993557894179
2000-02-04 05:45:00.000000000,981,Liliam,0.8002564704412931,0.8729507834246484
2000-02-04 07:45:00.000000000,1045,Liliam,-0.5714907857730653,-0.2261545341529454
2000-02-04 09:00:00.000000000,976,Liliam,-0.4655618495482394,0.08276591902912123
2000-02-04 11:00:00.000000000,997,Liliam,0.9388016327557656,-0.5567955077488762
2000-02-04 11:15:00.000000000,973,Liliam,-0.9477318633681076,0.04289480633591358
2000-02-04 11:45:00.000000000,1011,Liliam,-0.5706658927876933,-0.8939667477933251
2000-02-04 13:15:00.000000000,978,Liliam,-0.18699481479809865,-0.9323868937610986
2000-02-04 14:45:00.000000000,991,Liliam,-0.4713754552661198,-0.12387317761227701
2000-02-04 15:30:00.000000000,948,Liliam,0.5265229262872984,0.3556817141634301
2000-02-04 19:45:00.000000000,1024,Liliam,-0.3824447115135394,-0.45901084725800567
2000-02-04 23:30:00.000000000,1008,Liliam,-0.38086122712257,-0.15231137308554765
2000-02-05 00:00:00.000000000,993,Liliam,-0.5446222442898785,0.36478290845442696
2000-02-05 02:00:00.000000000,996,Liliam,0.4563965811178481,-0.9906069399316151
2000-02-05 03:15:00.000000000,984,Liliam,0.6621565813214292,-0.40889089048062965
2000-02-05 03:30:00.000000000,1017,Liliam,-0.4412143344932651,0.8048980191393096
2000-02-05 06:30:00.000000000,947,Liliam,0.9630760499337709,-0.3029857401633216
2000-02-05 07:15:00.000000000,1047,Liliam,0.7088764336661941,-0.8412521654319951
2000-02-05 08:45:00.000000000,971,Liliam,-0.8582486496563295,-0.8381422866660126
2000-02-05 10:45:00.000000000,1005,Liliam,0.3971285752832683,0.8433558424121859
2000-02-05 11:45:00.000000000,979,Liliam,0.13283635364609636,0.8059916586320477
2000-02-05 12:30:00.000000000,1035,Liliam,-0.7406126041950529,-0.21259755979668005
2000-02-05 17:00:00.000000000,1018,Liliam,-0.7806872181634346,0.41133670198528316
2000-02-05 18:45:00.000000000,1030,Liliam,-0.1660272120170938,0.39063360399781333
2000-02-05 20:00:00.000000000,998,Liliam,-0.2681827802656076,0.4434761742014057
2000-02-05 20:45:00.000000000,1052,Liliam,-0.6952130175648261,-0.5372048294582077
2000-02-06 02:45:00.000000000,995,Liliam,-0.6249306133070478,-0.8039447538182951
2000-02-06 07:30:00.000000000,1005,Liliam,-0.748479095774712,-0.8353574195580664
2000-02-06 08:30:00.000000000,1000,Liliam,0.10204329782893429,-0.0686379437289002
2000-02-06 09:15:00.000000000,970,Liliam,0.34526728059069045,-0.1733419499091038
2000-02-06 09:45:00.000000000,1030,Liliam,0.8222104286995684,0.24366147964290885
2000-02-06 11:30:00.000000000,952,Liliam,-0.4557144479834754,0.3373222801577975
2000-02-06 12:15:00.000000000,967,Liliam,0.5864785434796544,0.2443222474795863
2000-02-06 12:30:00.000000000,1003,Liliam,-0.7878254523737336,-0.25743192358911804
2000-02-06 14:45:00.000000000,945,Liliam,-0.941967244337172,-0.7149174640545837
2000-02-06 16:30:00.000000000,952,Liliam,0.9705187523203862,0.9337718198682023
2000-02-06 16:45:00.000000000,958,Liliam,0.47660514271780574,0.5915965523961821
2000-02-07 02:00:00.000000000,978,Liliam,-0.6335666762368992,0.9240488270400926
2000-02-07 03:30:00.000000000,997,Liliam,0.44974418121720316,0.9350135067911736
2000-02-07 06:15:00.000000000,1000,Liliam,0.7211485840494263,0.5474184495051033
2000-02-07 07:00:00.000000000,1031,Liliam,-0.3706125578699593,-0.3728378884149799
2000-02-07 07:45:00.000000000,965,Liliam,-0.8458931333256146,-0.9393122072200781
2000-02-07 11:00:00.000000000,1078,Liliam,-0.37232784542474073,0.6346303557685213
2000-02-07 11:45:00.000000000,989,Liliam,-0.9550833615213727,0.8144858288096954
2000-02-07 13:00:00.000000000,1045,Liliam,-0.3168081643137648,-0.6434450047707156
2000-02-07 14:30:00.000000000,1021,Liliam,0.18406668189041064,0.5402034323866252
2000-02-07 16:30:00.000000000,1014,Liliam,0.07661197401037056,-0.40753129938446886
2000-02-07 16:45:00.000000000,1016,Liliam,-0.7411220186825267,-0.20765633564976693
2000-02-07 17:45:00.000000000,983,Liliam,0.6196587484950555,0.2814431030804727
2000-02-07 18:00:00.000000000,1008,Liliam,-0.06125577503419022,-0.0804754941479664
2000-02-07 18:15:00.000000000,987,Liliam,-0.9335003312828918,-0.546883361606896
2000-02-07 18:30:00.000000000,943,Liliam,-0.8913548605539028,0.05763867875270279
2000-02-07 18:45:00.000000000,1027,Liliam,-0.6430599282888778,-0.4918844461285301
2000-02-07 19:00:00.000000000,964,Liliam,0.7293614304582006,-0.6522735893104752
2000-02-07 19:30:00.000000000,1027,Liliam,-0.7915034256759286,-0.8338703433421424
2000-02-07 21:15:00.000000000,1002,Liliam,0.21592997943670222,-0.6664329756991609
2000-02-07 21:45:00.000000000,1078,Liliam,0.44970609630508407,0.269590975517469
2000-02-07 23:15:00.000000000,1021,Liliam,-0.15610850685734667,0.9588393664934298
2000-02-08 01:00:00.000000000,996,Liliam,0.34143858063577115,0.8139136938240508
2000-02-08 01:45:00.000000000,994,Liliam,0.41610568613755716,-0.784832078356926
2000-02-08 08:30:00.000000000,979,Liliam,0.9392372373891598,-0.4626502036540123
2000-02-08 09:00:00.000000000,984,Liliam,-0.843641472091516,0.7848438930089199
2000-02-08 10:15:00.000000000,996,Liliam,0.6920478904212848,0.24513256741334488
2000-02-08 11:15:00.000000000,1016,Liliam,-0.3702875349783974,-0.8129845649691974
2000-02-08 14:15:00.000000000,998,Liliam,-0.2990481274996333,-0.9298333213156889
2000-02-08 15:45:00.000000000,984,Liliam,0.3896193556507126,-0.3365950449562134
2000-02-08 16:45:00.000000000,956,Liliam,0.0849734318050106,0.32243889196142206
2000-02-08 17:00:00.000000000,1039,Liliam,0.08858655394938708,-0.000013809692826827202
2000-02-08 18:00:00.000000000,1066,Liliam,0.12153572769852738,-0.031421118767383405
2000-02-08 18:15:00.000000000,1021,Liliam,-0.31725346331179294,0.32382849564993177
2000-02-08 23:15:00.000000000,996,Liliam,-0.27811364034685826,-0.4634990370056016
2000-02-09 00:30:00.000000000,940,Liliam,0.02251457092337872,0.0256881405853433
2000-02-09 06:45:00.000000000,974,Liliam,0.9425664800147715,-0.5818737990354776
2000-02-09 07:00:00.000000000,957,Liliam,-0.8346603386477143,-0.47930115804774753
2000-02-09 08:15:00.000000000,1027,Liliam,0.055011223972266876,0.9121552177436731
2000-02-09 08:30:00.000000000,969,Liliam,0.9183360094626352,-0.9754574141779979
2000-02-09 13:00:00.000000000,978,Liliam,-0.06937648093896831,0.3565117487343834
2000-02-09 14:15:00.000000000,1015,Liliam,-0.6471252219956201,0.42155010276916416
2000-02-09 14:45:00.000000000,993,Liliam,-0.11672056166641909,0.9559451578753371
2000-02-09 15:00:00.000000000,1034,Liliam,0.1067088502448883,-0.18829682902996026
2000-02-09 15:30:00.000000000,984,Liliam,-0.030148957579627433,-0.6097548630421956
2000-02-09 18:15:00.000000000,961,Liliam,-0.11685552038299285,0.5773433466179927
2000-02-09 22:15:00.000000000,1005,Liliam,-0.3990011898018597,0.20127747426806342
2000-02-09 22:30:00.000000000,991,Liliam,-0.5730718148516691,0.04289999292246516
2000-02-09 22:45:00.000000000,1035,Liliam,-0.3136845384017706,0.2040349266030006
2000-02-09 23:30:00.000000000,973,Liliam,-0.2409376882675558,-0.48340232938528427
2000-02-10 00:15:00.000000000,975,Liliam,0.18807307976799614,0.43618480011601646
2000-02-10 01:00:00.000000000,1004,Liliam,-0.48241379507886073,-0.9625714640876302
2000-02-10 01:15:00.000000000,965,Liliam,-0.5289523781375045,0.17107354337512115
2000-02-10 02:00:00.000000000,992,Liliam,-0.29062290476124786,0.28484775378516347
2000-02-10 03:30:00.000000000,1022,Liliam,-0.10673485557993834,-0.7441954353634279
2000-02-10 05:45:00.000000000,985,Liliam,-0.49115401159515315,-0.9614492876445879
2000-02-10 07:30:00.000000000,1001,Liliam,0.5841432299694824,0.41055941625251524
2000-02-10 08:00:00.000000000,1042,Liliam,-0.14365444543250638,0.3163225087349102
2000-02-10 10:00:00.000000000,1011,Liliam,-0.4243490093195377,-0.512391429341229
2000-02-10 10:30:00.000000000,983,Liliam,0.8907485358905729,-0.8154050757497409
2000-02-10 12:00:00.000000000,993,Liliam,-0.3650648812068593,0.9169761024607359
2000-02-10 12:45:00.000000000,1008,Liliam,0.43032151685319464,0.47873102415085356
2000-02-10 13:30:00.000000000,979,Liliam,0.5683597747874287,0.924651022403957
2000-02-10 14:00:00.000000000,1032,Liliam,0.11821412517821028,0.9430616456175207
2000-02-10 15:00:00.000000000,958,Liliam,0.4883331399013815,0.45979686554280286
2000-02-10 15:30:00.000000000,980,Liliam,0.9176350481181035,0.9119389965201843
2000-02-10 17:00:00.000000000,1030,Liliam,-0.4426649983394013,-0.7347605234381922
2000-02-10 17:45:00.000000000,999,Liliam,-0.7758400838765396,-0.35360644185857004
2000-02-10 19:15:00.000000000,1026,Liliam,-0.7971294388232075,0.6143061312861704
2000-02-10 19:30:00.000000000,979,Liliam,-0.6581671489927396,0.24445774797769304
2000-02-10 20:00:00.000000000,1014,Liliam,0.8432685052779243,0.07670887650213842
2000-02-10 22:45:00.000000000,982,Liliam,0.3667884876500016,-0.7832200739380724
2000-02-10 23:00:00.000000000,979,Liliam,0.5857546046837825,-0.5140606149069427
2000-02-11 01:45:00.000000000,974,Liliam,-0.6981869171018806,0.9242611655146524
2000-02-11 04:15:00.000000000,1004,Liliam,0.17436212348420588,0.5023764835295048
2000-02-11 05:30:00.000000000,1063,Liliam,0.3649093573894575,0.9355289250395082
2000-02-11 06:00:00.000000000,1017,Liliam,-0.34387341750260236,-0.4918938542217426
2000-02-11 07:00:00.000000000,990,Liliam,-0.05960469490598652,-0.06853877509113104
2000-02-11 07:15:00.000000000,973,Liliam,-0.786040166849338,0.5265822505815805
2000-02-11 08:45:00.000000000,1005,Liliam,0.1706660682517147,0.37529414814985396
2000-02-11 09:45:00.000000000,1005,Liliam,0.4091619675526017,0.8663842181342483
2000-02-11 11:15:00.000000000,982,Liliam,-0.744156006406802,0.6897022574622602
2000-02-11 11:45:00.000000000,942,Liliam,0.772927331488372,0.9491527205895041
2000-02-11 13:00:00.000000000,1031,Liliam,-0.06101304984309053,-0.2507374388659023
2000-02-11 14:15:00.000000000,943,Liliam,0.6957208513079249,-0.7143903249951264
2000-02-11 17:00:00.000000000,1006,Liliam,-0.19770517390398523,0.777855392552508
2000-02-11 18:00:00.000000000,1021,Liliam,-0.9707345737514348,-0.6573091494961998
2000-02-11 18:30:00.000000000,992,Liliam,-0.20070640851184174,0.8042815688667166
2000-02-11 19:00:00.000000000,987,Liliam,-0.09796294738572575,0.4793073523287854
2000-02-11 20:15:00.000000000,975,Liliam,0.6429867213098543,0.37000276286979816
2000-02-11 22:15:00.000000000,1001,Liliam,0.7839124446620225,-0.23783134183253307
2000-02-12 01:15:00.000000000,1040,Liliam,0.6165630055122437,-0.8047300477513044
2000-02-12 07:15:00.000000000,1057,Liliam,0.78305896992632,-0.31213376926832703
2000-02-12 11:45:00.000000000,962,Liliam,-0.6838337999418256,0.3420127567020179
2000-02-12 14:00:00.000000000,1025,Liliam,0.3825597682955997,-0.7746062460917604
2000-02-12 14:45:00.000000000,983,Liliam,0.5909151599917071,-0.38965526249934324
2000-02-12 15:00:00.000000000,1003,Liliam,0.7756556795493064,-0.326551207072036
2000-02-12 15:45:00.000000000,1049,Liliam,0.9147779448944462,0.8387476550844519
2000-02-12 22:30:00.000000000,1029,Liliam,0.9811743002785862,-0.7684197047890002
2000-02-13 01:30:00.000000000,1004,Liliam,-0.32463671882334433,0.3361067797438728
2000-02-13 03:15:00.000000000,961,Liliam,-0.4989232190221411,0.4974890068775675
2000-02-13 05:00:00.000000000,953,Liliam,0.271214165383979,0.642471894608573
2000-02-13 05:30:00.000000000,1068,Liliam,0.7673273821329547,-0.847109265530273
2000-02-13 05:45:00.000000000,1034,Liliam,0.7550606329584633,0.17281308262412498
2000-02-13 06:45:00.000000000,986,Liliam,-0.15027180030188503,-0.17431772410340796
2000-02-13 07:15:00.000000000,958,Liliam,0.91611328936211,-0.5746348036284745
2000-02-13 07:30:00.000000000,965,Liliam,-0.012835769466123637,-0.27672404752536695
2000-02-13 08:15:00.000000000,1052,Liliam,0.565130498730426,-0.48582081215780426
2000-02-13 09:00:00.000000000,1010,Liliam,-0.09026361446123965,-0.952826885941654
2000-02-13 09:45:00.000000000,977,Liliam,-0.15595440729826437,0.7477656824869083
2000-02-13 10:00:00.000000000,994,Liliam,-0.4817485534801422,-0.173914693393312
2000-02-13 10:45:00.000000000,957,Liliam,0.12848581953718474,-0.6330819094548719
2000-02-13 12:15:00.000000000,1009,Liliam,0.9843024984423525,0.17070421770234567
2000-02-13 15:00:00.000000000,1026,Liliam,0.8934594755516361,0.12442847889170694
2000-02-13 15:15:00.000000000,979,Liliam,0.07137357969682068,0.10168723680696257
2000-02-13 17:15:00.000000000,988,Liliam,-0.36694677214799243,0.024503459808128403
2000-02-13 17:30:00.000000000,1088,Liliam,-0.731818724430277,0.318012523673765
2000-02-13 18:15:00.000000000,1072,Liliam,0.37242231099965584,0.10111309020025727
2000-02-13 18:30:00.000000000,1020,Liliam,-0.4017720383965584,0.1481650525674041
2000-02-13 22:00:00.000000000,1020,Liliam,0.5124305143071111,-0.06918313077575466
2000-02-14 03:30:00.000000000,1010,Liliam,0.8469316744368529,0.8885419194330675
2000-02-14 04:00:00.000000000,1014,Liliam,0.05796969129759666,0.8330688513025601
2000-02-14 04:45:00.000000000,963,Liliam,0.5873159854617775,0.04700222409951427
2000-02-14 07:00:00.000000000,969,Liliam,0.3631857109553267,-0.9743342734461087
2000-02-14 08:15:00.000000000,977,Liliam,-0.10395097542012377,0.5131354349760429
2000-02-14 09:30:00.000000000,981,Liliam,0.590136043630759,0.24485574484428163
2000-02-14 11:00:00.000000000,995,Liliam,0.6310166362060001,0.7199197748038504
2000-02-14 11:30:00.000000000,987,Liliam,-0.8882017025887865,0.33726194416999244
2000-02-14 12:00:00.000000000,990,Liliam,0.5149701230640134,0.2803737328890281
2000-02-14 13:30:00.000000000,1038,Liliam,-0.06629228466285064,-0.20564427327945634
2000-02-14 15:45:00.000000000,969,Liliam,0.15801856746478204,0.23747368795914192
2000-02-14 17:45:00.000000000,1009,Liliam,0.2831974673036082,-0.540656890633237
2000-02-14 18:30:00.000000000,1006,Liliam,-0.45635717056580516,0.5931543567019861
2000-02-14 21:30:00.000000000,998,Liliam,0.9860911180755154,0.8421424102226034
2000-02-15 00:30:00.000000000,965,Liliam,-0.45380511921016486,0.49947246431029213
2000-02-15 02:15:00.000000000,966,Liliam,0.8580789995592506,-0.08296971662663721
2000-02-15 03:45:00.000000000,988,Liliam,-0.5805736583722008,0.2581281992916522
2000-02-15 04:15:00.000000000,1050,Liliam,0.8974603098972078,0.8854999174521081
2000-02-15 06:15:00.000000000,985,Liliam,-0.7302662600643914,-0.455121990527374
2000-02-15 07:15:00.000000000,1026,Liliam,0.6532744025511945,-0.5356765170670517
2000-02-15 07:30:00.000000000,994,Liliam,0.1642827921019936,0.31084469427953976
2000-02-15 09:15:00.000000000,1034,Liliam,-0.8454088189115805,0.8778353913374377
2000-02-15 10:15:00.000000000,976,Liliam,-0.8178299749379234,0.47684548221850553
2000-02-15 11:45:00.000000000,1041,Liliam,0.19430406637201214,-0.22749507948317338
2000-02-15 12:15:00.000000000,1037,Liliam,0.5433210064194969,-0.7351953150191874
2000-02-15 13:00:00.000000000,1021,Liliam,-0.7011481491994838,-0.4927537728284004
2000-02-15 14:00:00.000000000,1075,Liliam,0.28565172816293405,-0.7302336270156302
2000-02-15 15:15:00.000000000,1019,Liliam,0.4410069113014714,-0.816386897690234
2000-02-15 16:30:00.000000000,1052,Liliam,0.005541645467537215,0.216663221852756
2000-02-15 17:00:00.000000000,963,Liliam,0.603575798590795,-0.0608458838317234
2000-02-15 18:15:00.000000000,1000,Liliam,-0.4812300353220955,0.04900905094535224
2000-02-15 18:45:00.000000000,987,Liliam,0.2596907080726507,-0.24901140473920802
2000-02-15 19:00:00.000000000,973,Liliam,0.12031699434865573,0.9470276063193999
2000-02-15 22:15:00.000000000,1053,Liliam,0.04446114853091521,0.9941754048750202
2000-02-16 02:45:00.000000000,1000,Liliam,-0.31002471674054166,0.3870285080566227
2000-02-16 05:15:00.000000000,981,Liliam,-0.3660550451854847,-0.037308438125443155
2000-02-16 07:00:00.000000000,973,Liliam,-0.13704519281479666,0.6957364373489068
2000-02-16 08:30:00.000000000,991,Liliam,-0.4958323319611584,-0.3268065572760184
2000-02-16 11:15:00.000000000,1002,Liliam,0.14931266463923576,-0.4791445162434227
2000-02-16 11:30:00.000000000,992,Liliam,0.10314666919451332,-0.9072419645536902
2000-02-16 11:45:00.000000000,1040,Liliam,0.43045687526634135,0.3215720818729715
2000-02-16 12:45:00.000000000,1033,Liliam,-0.37715314963481683,-0.15583279380833526
2000-02-16 15:00:00.000000000,1018,Liliam,0.6307831297384245,0.7398584932437429
2000-02-16 15:15:00.000000000,958,Liliam,-0.279034133920407,-0.3358731912580959
2000-02-16 16:00:00.000000000,1058,Liliam,0.7132390663115169,-0.5158333375424726
2000-02-16 16:15:00.000000000,990,Liliam,-0.9852195160647981,0.7279702602404041
2000-02-16 17:00:00.000000000,1022,Liliam,0.9065629638402315,0.18605224891542882
2000-02-16 17:30:00.000000000,1058,Liliam,-0.127171696302268,0.9960845336560715
2000-02-16 17:45:00.000000000,970,Liliam,0.5876817795604057,0.8785741935847713
2000-02-16 20:45:00.000000000,1050,Liliam,0.32816883563958443,-0.0772807614539599
2000-02-17 01:15:00.000000000,960,Liliam,0.2627137237928434,-0.0032388862141015107
2000-02-17 01:45:00.000000000,974,Liliam,0.9320280065669138,0.9998805877004089
2000-02-17 02:00:00.000000000,1069,Liliam,-0.6514216517227782,0.8208121116381335
2000-02-17 02:45:00.000000000,1069,Liliam,-0.3663662998090096,-0.3214806407281414
2000-02-17 03:15:00.000000000,995,Liliam,-0.6613991980785634,-0.9448524614197753
2000-02-17 04:45:00.000000000,1005,Liliam,-0.11340903124747026,-0.9803647699528668
2000-02-17 05:45:00.000000000,990,Liliam,0.8956786551241291,0.6614728477280294
2000-02-17 06:30:00.000000000,1043,Liliam,0.9401401028109799,0.44757151192300526
2000-02-17 07:15:00.000000000,965,Liliam,0.9500031150625576,-0.6026531696742159
2000-02-17 07:45:00.000000000,1041,Liliam,0.06579028328585612,-0.05857066542923972
2000-02-17 08:30:00.000000000,981,Liliam,0.026024894779994368,0.20807505886875655
2000-02-17 09:00:00.000000000,1024,Liliam,0.9497811279995498,0.38448553809762465
2000-02-17 09:45:00.000000000,1022,Liliam,0.4598968308546001,-0.6423747303774643
2000-02-17 11:15:00.000000000,993,Liliam,0.2346985302564526,-0.7398773287757257
2000-02-17 11:45:00.000000000,1022,Liliam,-0.03238481766347601,-0.7155071712589369
2000-02-17 12:15:00.000000000,971,Liliam,0.4604052248623105,0.03707279720599055
2000-02-17 12:30:00.000000000,999,Liliam,-0.8066534373231762,-0.6571787821889454
2000-02-17 16:15:00.000000000,1022,Liliam,0.8654042388991745,-0.09178885774993595
2000-02-17 19:45:00.000000000,1010,Liliam,0.8606841369154283,-0.7090916491174319
2000-02-17 20:30:00.000000000,1002,Liliam,-0.46675047360735067,0.6601462276133487
2000-02-17 23:30:00.000000000,1019,Liliam,-0.8534157701436893,-0.5596318799044591
2000-02-18 00:45:00.000000000,973,Liliam,0.6745494707813404,0.005484020379679544
2000-02-18 02:45:00.000000000,988,Liliam,0.9510067929636816,0.10371898698452209
2000-02-18 03:00:00.000000000,1001,Liliam,0.8109308496553025,0.42226028467104637
2000-02-18 04:15:00.000000000,1006,Liliam,-0.3013391139704158,-0.41471713614128314
2000-02-18 05:15:00.000000000,991,Liliam,0.002528381755672271,0.4453589114705505
2000-02-18 05:45:00.000000000,1015,Liliam,-0.003928335124768534,-0.26731318653996006
2000-02-18 06:45:00.000000000,1005,Liliam,-0.17193914582254122,0.5549586035859133
2000-02-18 08:15:00.000000000,980,Liliam,0.6772851145794654,0.8204052737132832
2000-02-18 09:15:00.000000000,996,Liliam,0.7409010900713286,0.6891593751393064
2000-02-18 09:30:00.000000000,1011,Liliam,0.16059293973101352,-0.5169073619007443
2000-02-18 10:30:00.000000000,1025,Liliam,-0.7745863859962185,0.3634194463301772
2000-02-18 12:15:00.000000000,980,Liliam,-0.30315653289529676,0.770536467281745
2000-02-18 14:15:00.000000000,1031,Liliam,0.9697411437502568,-0.9014514244334824
2000-02-18 17:30:00.000000000,989,Liliam,-0.19477013385767106,0.1488183704456394
2000-02-18 18:00:00.000000000,948,Liliam,-0.3785867948978541,-0.18934889033984859
2000-02-18 18:45:00.000000000,986,Liliam,0.1709645183472226,-0.6098610458330305
2000-02-18 19:00:00.000000000,993,Liliam,0.5041671522500759,0.37197261425126404
2000-02-18 19:45:00.000000000,932,Liliam,0.6828459178378146,-0.37359574929499195
2000-02-18 21:45:00.000000000,1031,Liliam,0.13805518908940262,0.8338530588633994
2000-02-18 22:00:00.000000000,996,Liliam,0.4400133431462483,0.18131802924326546
2000-02-19 03:00:00.000000000,1012,Liliam,-0.33577694920173906,-0.004967128659396192
2000-02-19 07:30:00.000000000,1037,Liliam,0.3242472698977188,0.9722479334907339
2000-02-19 09:30:00.000000000,1023,Liliam,0.17499588561177815,-0.7126385747734367
2000-02-19 10:30:00.000000000,1069,Liliam,-0.046297079391368845,-0.12718592038412369
2000-02-19 11:15:00.000000000,1026,Liliam,-0.5754426759103168,-0.9733694806605186
2000-02-19 11:45:00.000000000,1004,Liliam,-0.5331732120678756,0.669165014964727
2000-02-19 12:30:00.000000000,1005,Liliam,0.8171936670029254,0.14489652771702288
2000-02-19 15:30:00.000000000,992,Liliam,-0.8472525269063971,-0.27467907968680194
2000-02-19 16:00:00.000000000,970,Liliam,-0.8135519440637573,0.6519717748880549
2000-02-19 17:30:00.000000000,1023,Liliam,-0.2679381672761254,-0.7690223054800105
2000-02-19 18:15:00.000000000,988,Liliam,0.36521915824709317,-0.5374884657055043
2000-02-19 20:45:00.000000000,996,Liliam,-0.7694498744988045,0.45134533410851096
2000-02-19 21:00:00.000000000,965,Liliam,-0.5783438593092487,0.28385862175041754
2000-02-19 23:45:00.000000000,979,Liliam,-0.807569229317868,-0.025206991724978423
2000-02-20 00:15:00.000000000,1045,Liliam,-0.20844585874119415,-0.2906544431810938
2000-02-20 03:30:00.000000000,977,Liliam,-0.044911393569104785,0.3401657429413747
2000-02-20 12:30:00.000000000,1032,Liliam,-0.3242276066934562,0.8671612739814154
2000-02-20 13:15:00.000000000,970,Liliam,0.04619433890340341,-0.579852894880317
2000-02-20 16:30:00.000000000,917,Liliam,0.38516796851238966,-0.7049042546101913
2000-02-20 18:30:00.000000000,956,Liliam,0.7864121168611391,-0.33930712140880526
2000-02-20 20:15:00.000000000,1032,Liliam,0.5268120036455899,0.9832537571898898
2000-02-20 21:15:00.000000000,982,Liliam,0.2346094336295128,0.5871566726656996
2000-02-20 22:00:00.000000000,1041,Liliam,-0.6795823343916119,0.1737520816977649
2000-02-20 23:45:00.000000000,987,Liliam,0.7744118590804177,0.1192585615243813
2000-02-21 01:45:00.000000000,1003,Liliam,0.08337417924269475,0.5753047650849055
2000-02-21 02:00:00.000000000,1017,Liliam,0.2618822301639723,0.9941350138572178
2000-02-21 03:30:00.000000000,1022,Liliam,0.13585095345717413,-0.6096277483372892
2000-02-21 04:45:00.000000000,988,Liliam,0.5949182973424461,-0.343310782529175
2000-02-21 08:00:00.000000000,975,Liliam,0.66620659604376,0.7550940953842962
2000-02-21 08:45:00.000000000,952,Liliam,-0.9687293624788378,-0.7837132729300984
2000-02-21 09:15:00.000000000,988,Liliam,-0.17058179408116847,-0.8994140504271773
2000-02-21 11:15:00.000000000,961,Liliam,0.251485282794947,-0.7275791660895108
2000-02-21 11:30:00.000000000,1040,Liliam,-0.11500181686508637,0.9882674234983095
2000-02-21 12:15:00.000000000,1024,Liliam,0.39393806874592374,-0.7724960722489576
2000-02-21 12:30:00.000000000,1043,Liliam,-0.19642306222118777,0.5947405894619568
2000-02-21 13:30:00.000000000,966,Liliam,0.2512703229111719,0.6728664276767495
2000-02-21 14:15:00.000000000,992,Liliam,-0.6747228791981699,0.38284922118621223
2000-02-21 17:30:00.000000000,1004,Liliam,-0.18917385648525475,0.2500568521791233
2000-02-21 21:30:00.000000000,1016,Liliam,0.48741387889415155,-0.37456209824052444
2000-02-21 23:00:00.000000000,1009,Liliam,-0.7576386942885851,0.22280622834802988
2000-02-22 02:30:00.000000000,1010,Liliam,0.9376709397818987,0.1360801008444803
2000-02-22 04:15:00.000000000,1033,Liliam,-0.14804924019147236,0.801078479510948
2000-02-22 05:15:00.000000000,1012,Liliam,-0.6077189705488495,-0.2837052570250256
2000-02-22 07:30:00.000000000,992,Liliam,-0.020353337046035813,0.5827440689118835
2000-02-22 09:30:00.000000000,1008,Liliam,0.6175331357281968,0.4320928511929263
2000-02-22 09:45:00.000000000,995,Liliam,-0.10951987497772397,0.3429145098085582
2000-02-22 10:45:00.000000000,954,Liliam,0.3122119826566361,-0.89743278151317
2000-02-22 17:30:00.000000000,983,Liliam,0.3067827903867315,-0.4268062376247235
2000-02-22 20:45:00.000000000,1015,Liliam,-0.8506438643868115,0.04191643704150905
2000-02-22 21:00:00.000000000,1077,Liliam,-0.3935998234066247,-0.6034031521631793
2000-02-22 21:30:00.000000000,984,Liliam,-0.012179565585234808,0.5921404984951684
2000-02-22 22:15:00.000000000,990,Liliam,0.1876080512972047,-0.678619979852144
2000-02-22 22:30:00.000000000,954,Liliam,-0.2396869179180796,-0.8087999758946078
2000-02-23 01:30:00.000000000,1015,Liliam,-0.44307462247276175,-0.06629131965767043
2000-02-23 05:30:00.000000000,977,Liliam,-0.16477784954839558,0.007877164898507427
2000-02-23 06:00:00.000000000,1025,Liliam,0.6720833015168302,0.004399786880958656
2000-02-23 07:30:00.000000000,999,Liliam,0.631984060787506,0.5682833993810039
2000-02-23 09:15:00.000000000,998,Liliam,0.1999632102343507,0.5656422472466756
2000-02-23 13:15:00.000000000,931,Liliam,0.9459049207024175,0.7987625065168036
2000-02-23 16:15:00.000000000,1041,Liliam,-0.47391984141778387,-0.9704068815155238
2000-02-23 17:15:00.000000000,999,Liliam,-0.21242797883209974,-0.8615108559705114
2000-02-23 17:30:00.000000000,967,Liliam,0.01523293633895162,-0.5841434036168125
2000-02-23 18:15:00.000000000,1011,Liliam,0.5929049624258942,0.8302652923070382
2000-02-23 21:30:00.000000000,1000,Liliam,-0.41961511755624836,-0.4565992026735495
2000-02-23 22:45:00.000000000,1010,Liliam,0.5474707860528674,-0.5872144474960825
2000-02-23 23:30:00.000000000,988,Liliam,0.6375878962323862,-0.6625375207094126
2000-02-24 01:15:00.000000000,1030,Liliam,0.446302212592691,0.9217556579996278
2000-02-24 04:15:00.000000000,1023,Liliam,-0.1272805674630353,0.6199381920684497
2000-02-24 05:00:00.000000000,989,Liliam,0.2965294970021344,-0.21623654557378535
2000-02-24 06:30:00.000000000,1029,Liliam,0.8203664781651658,0.4420477264787168
2000-02-24 07:00:00.000000000,1013,Liliam,0.33647002904787104,0.41948102060942927
2000-02-24 07:45:00.000000000,978,Liliam,0.23154746300975138,-0.09079835385146873
2000-02-24 11:15:00.000000000,1000,Liliam,-0.3892076800570061,0.7246444589805365
2000-02-24 12:15:00.000000000,974,Liliam,0.5388816243198566,-0.1746457812255946
2000-02-24 15:45:00.000000000,934,Liliam,-0.2682204215648827,0.6425598238631585
2000-02-24 18:15:00.000000000,1034,Liliam,-0.3783746071988634,-0.6589956836366313
2000-02-24 19:00:00.000000000,1011,Liliam,-0.166495202408929,0.9560248604655146
2000-02-24 20:30:00.000000000,1025,Liliam,-0.009125088169881668,0.4522755786031112
2000-02-24 22:15:00.000000000,1053,Liliam,0.6711073521029283,0.25067778922770545
2000-02-24 22:30:00.000000000,1037,Liliam,0.3711685776387552,-0.9969397791300318
2000-02-24 22:45:00.000000000,954,Liliam,0.6550838138500212,0.05282030733151499
2000-02-24 23:30:00.000000000,1022,Liliam,-0.2577396215471268,0.7708131122798572
2000-02-25 00:15:00.000000000,1010,Liliam,0.0547823901323381,0.9734410638645077
2000-02-25 02:45:00.000000000,1032,Liliam,-0.7315790243625602,-0.15844175314449438
2000-02-25 03:00:00.000000000,970,Liliam,-0.7769906899597563,0.49721826238161904
2000-02-25 09:00:00.000000000,1012,Liliam,0.7879491579441575,0.9269148609325042
2000-02-25 10:00:00.000000000,966,Liliam,-0.8695639776957635,-0.9129144896244252
2000-02-25 15:00:00.000000000,1086,Liliam,0.583449707883894,0.7369565512687013
2000-02-25 19:00:00.000000000,1012,Liliam,-0.3663121176528956,0.8154733650372834
2000-02-25 19:30:00.000000000,988,Liliam,-0.8756006163351484,0.11371988222862806
2000-02-25 21:30:00.000000000,989,Liliam,-0.45007726883002763,0.38412016213696254
2000-02-25 22:00:00.000000000,928,Liliam,0.6822473322327789,-0.045808925250110155
2000-02-25 23:45:00.000000000,1014,Liliam,-0.044304538837308005,0.05889797516505202
2000-02-26 00:45:00.000000000,1027,Liliam,-0.6976659607914204,0.4329596474882096
2000-02-26 01:30:00.000000000,1008,Liliam,0.3951702875413856,0.8052262844029103
2000-02-26 02:00:00.000000000,933,Liliam,-0.9179917285313401,-0.15167196605397604
2000-02-26 02:15:00.000000000,1025,Liliam,-0.6395448785141724,-0.2506159475161107
2000-02-26 02:30:00.000000000,971,Liliam,0.6744548603358511,0.4266965387731587
2000-02-26 04:30:00.000000000,1012,Liliam,-0.8477612240889465,0.6216576539139536
2000-02-26 06:30:00.000000000,1058,Liliam,-0.44003010533272313,-0.5130610428055224
2000-02-26 09:00:00.000000000,958,Liliam,-0.48174219533866003,-0.8324204774531758
2000-02-26 10:15:00.000000000,1036,Liliam,-0.35916384071773577,0.2563669763125995
2000-02-26 10:30:00.000000000,976,Liliam,0.7369968280661494,0.7640294829020102
2000-02-26 11:30:00.000000000,1005,Liliam,0.8484516887818181,-0.22513659058976776
2000-02-26 12:30:00.000000000,1002,Liliam,-0.9805389826240012,-0.5857954084099166
2000-02-26 12:45:00.000000000,965,Liliam,0.8458787351304491,0.5408561191716217
2000-02-26 13:15:00.000000000,1000,Liliam,0.33430343745386293,0.08195090971734298
2000-02-26 13:30:00.000000000,1052,Liliam,-0.8006501486701707,0.18359424265726743
2000-02-26 14:45:00.000000000,1028,Liliam,0.06749819447466776,0.34749322562582075
2000-02-26 16:00:00.000000000,962,Liliam,0.6048647459498018,-0.24775419238925012
2000-02-26 16:15:00.000000000,1042,Liliam,0.9196522536228453,-0.41734264278113575
2000-02-26 16:45:00.000000000,1018,Liliam,-0.14650144806185716,0.5070093850016377
2000-02-26 17:15:00.000000000,1017,Liliam,-0.6752103163799823,0.3614463945891757
2000-02-26 18:00:00.000000000,1005,Liliam,0.49069533737706705,0.14395644928799034
2000-02-26 18:15:00.000000000,981,Liliam,0.03925084037861959,-0.7310990963750763
2000-02-26 20:15:00.000000000,981,Liliam,0.3039113839918537,0.1896255911644813
2000-02-26 23:15:00.000000000,937,Liliam,0.37094743282035636,-0.8725549125265835
2000-02-27 00:00:00.000000000,1045,Liliam,-0.4467992162399339,-0.7583843513003365
2000-02-27 01:30:00.000000000,1024,Liliam,-0.8225424595394102,-0.8628747531864307
2000-02-27 03:00:00.000000000,1053,Liliam,0.46622301708214264,-0.3427979417000071
2000-02-27 03:15:00.000000000,1004,Liliam,-0.7376110059195473,0.2910848213208397
2000-02-27 07:30:00.000000000,921,Liliam,-0.36511235030724976,0.4018149005255933
2000-02-27 08:45:00.000000000,1018,Liliam,0.4196833988381139,-0.030531833711259893
2000-02-27 10:30:00.000000000,1010,Liliam,0.04911390774950153,-0.6881218103562114
2000-02-27 11:30:00.000000000,995,Liliam,-0.021914716766737286,-0.5589870756532043
2000-02-27 12:15:00.000000000,1030,Liliam,-0.22833475100928324,0.7850683841263373
2000-02-27 12:30:00.000000000,955,Liliam,-0.46929906859198667,-0.6216554545693576
2000-02-27 15:45:00.000000000,1072,Liliam,0.518808990244416,-0.6492885916391333
2000-02-27 18:45:00.000000000,965,Liliam,-0.9969285365001352,0.6575654274968523
2000-02-27 19:00:00.000000000,1001,Liliam,-0.285099869179507,0.23912820563014447
2000-02-27 19:15:00.000000000,1006,Liliam,0.08316206654610303,0.17362084219981044
2000-02-27 22:15:00.000000000,958,Liliam,-0.9519326546585911,0.5784466536639616
2000-02-27 23:15:00.000000000,1005,Liliam,-0.2231503453143966,0.13429833780738898
2000-02-28 00:45:00.000000000,960,Liliam,-0.9123717131779623,0.7825057461196576
2000-02-28 05:00:00.000000000,983,Liliam,-0.5328185068350408,0.7311419497969287
2000-02-28 06:30:00.000000000,983,Liliam,0.8731516760427291,0.2555229245986159
2000-02-28 09:00:00.000000000,996,Liliam,-0.6996907888183452,0.7550328520257874
2000-02-28 10:15:00.000000000,988,Liliam,-0.29914661192884373,-0.01788123705951472
2000-02-28 11:15:00.000000000,992,Liliam,0.7802896556553498,-0.9006107808792105
2000-02-28 11:30:00.000000000,950,Liliam,0.058099637170376583,-0.602267144733017
2000-02-28 13:15:00.000000000,1033,Liliam,-0.561468194833894,0.7989695320169938
2000-02-28 13:30:00.000000000,1011,Liliam,-0.10365489154790208,0.6393861148205464
2000-02-28 14:45:00.000000000,972,Liliam,0.8265692539380785,-0.0014190229681179112
2000-02-28 16:15:00.000000000,982,Liliam,0.1555667229832005,-0.7280461816562707
2000-02-28 17:45:00.000000000,971,Liliam,-0.8639948466458864,0.25053499218627584
2000-02-28 18:00:00.000000000,1036,Liliam,-0.9697606427938739,-0.4750307074458979
2000-02-28 18:45:00.000000000,1018,Liliam,0.002434488803730428,-0.4293636857271059
2000-02-28 19:15:00.000000000,1002,Liliam,-0.20830985013179393,-0.8680855171731445
2000-02-28 19:45:00.000000000,962,Liliam,-0.0628186485835247,-0.9881374013513342
2000-02-28 21:45:00.000000000,998,Liliam,-0.04457306848650289,-0.9824045306446003
2000-02-28 22:45:00.000000000,972,Liliam,-0.522664766142239,-0.17512270257792206
2000-02-29 01:45:00.000000000,1019,Liliam,0.7347172371829982,0.818650150176558
2000-02-29 03:45:00.000000000,1000,Liliam,-0.34946147301705044,0.683358594229682
2000-02-29 04:30:00.000000000,945,Liliam,-0.08599691913380236,0.9168974497039484
2000-02-29 05:30:00.000000000,1005,Liliam,-0.5454486658498412,0.48933243378663804
2000-02-29 05:45:00.000000000,956,Liliam,-0.8922111153586008,0.1897488737181119
2000-02-29 06:45:00.000000000,1062,Liliam,0.3230618832127756,-0.3433075655190374
2000-02-29 07:30:00.000000000,993,Liliam,0.4818225074404343,0.26734981858396556
2000-02-29 08:15:00.000000000,1002,Liliam,-0.19927718397923755,-0.7640813719986332
2000-02-29 11:45:00.000000000,1010,Liliam,0.3389319829444921,-0.04096065670409921
2000-02-29 12:30:00.000000000,977,Liliam,-0.0929216714975265,0.6312505281082583
2000-02-29 17:00:00.000000000,970,Liliam,-0.9552875684945121,0.9491057539011698
2000-02-29 18:30:00.000000000,993,Liliam,0.07099662526707307,-0.9496472697864129
2000-02-29 19:00:00.000000000,1013,Liliam,0.4013057744066779,-0.6934046765630029
2000-02-29 21:30:00.000000000,1019,Liliam,0.6164826513221986,-0.05871276218697963
2000-02-29 23:15:00.000000000,982,Liliam,0.884388511402139,-0.17298236809155498
2000-03-01 02:30:00.000000000,1042,Liliam,0.16158204525973296,0.7370647746600945
2000-03-01 03:45:00.000000000,999,Liliam,0.21694988872461618,-0.3555650933842336
2000-03-01 04:00:00.000000000,977,Liliam,-0.9304716064014662,0.44734249434968243
2000-03-01 06:15:00.000000000,1028,Liliam,0.8259509352066159,-0.8176573396483724
2000-03-01 07:15:00.000000000,915,Liliam,-0.3764336308235008,-0.4868501368915963
2000-03-01 10:45:00.000000000,954,Liliam,-0.772157770746368,0.2014787343263924
2000-03-01 11:00:00.000000000,1007,Liliam,0.6465504439281102,-0.37667336403930873
2000-03-01 11:15:00.000000000,954,Liliam,0.674212857788419,0.3665278156780154
2000-03-01 11:45:00.000000000,1035,Liliam,-0.6437813582951548,-0.4643882289656611
2000-03-01 12:00:00.000000000,1023,Liliam,0.9726686470704156,-0.24313091697716915
2000-03-01 13:15:00.000000000,1049,Liliam,0.5677098828363476,-0.3847427654094946
2000-03-01 13:45:00.000000000,1014,Liliam,-0.1858826165549725,0.48169803460444527
2000-03-01 14:30:00.000000000,969,Liliam,-0.11243576633834529,-0.8587637891154687
2000-03-01 15:00:00.000000000,971,Liliam,0.08310378348977832,-0.7442913490440521
2000-03-01 16:15:00.000000000,1018,Liliam,0.25085238230413953,-0.9252277290329471
2000-03-01 16:45:00.000000000,1009,Liliam,0.5870411353192961,0.29072163290780084
2000-03-01 17:15:00.000000000,1008,Liliam,0.6560401528045798,-0.08854851561288313
2000-03-01 17:45:00.000000000,1062,Liliam,0.05209749853735768,-0.011867980083454022
2000-03-01 18:00:00.000000000,979,Liliam,-0.18316645124338637,-0.9744455503714771
2000-03-01 18:30:00.000000000,980,Liliam,0.8481998188709488,-0.8034965991028384
2000-03-01 19:30:00.000000000,1001,Liliam,-0.31313034926482497,0.6382713717110715
2000-03-01 21:15:00.000000000,987,Liliam,0.9816687867505385,0.3765125257531692
2000-03-01 22:00:00.000000000,1021,Liliam,-0.35878212939117327,0.19512215663195875
2000-03-01 22:15:00.000000000,982,Liliam,-0.09963863533409656,0.6338432129015164
2000-03-01 22:45:00.000000000,1011,Liliam,0.0889459871933449,-0.8867720582210481
2000-03-01 23:00:00.000000000,980,Liliam,0.7483752235471137,-0.9348286475778371
2000-03-02 00:00:00.000000000,1053,Liliam,-0.6411367731680162,0.5320735762841116
2000-03-02 00:45:00.000000000,1030,Liliam,-0.13715398519325395,-0.18153372054123462
2000-03-02 01:00:00.000000000,1056,Liliam,-0.7453054496312923,0.8355467407477346
2000-03-02 01:45:00.000000000,1016,Liliam,-0.729775752209104,0.15567144380201303
2000-03-02 04:00:00.000000000,1026,Liliam,0.9148625593267685,0.1999755358681552
2000-03-02 04:15:00.000000000,973,Liliam,0.8352926074106326,-0.7300018476056129
2000-03-02 06:45:00.000000000,1005,Liliam,-0.6485772419578066,-0.3205397158106613
2000-03-02 07:30:00.000000000,997,Liliam,0.9931817941719672,0.701818261480357
2000-03-02 11:45:00.000000000,969,Liliam,-0.18686360662439583,0.13565729956216632
2000-03-02 15:30:00.000000000,951,Liliam,0.3587821287550186,-0.6854065326067966
2000-03-02 18:00:00.000000000,1021,Liliam,-0.4926990166396408,-0.42194493654749654
2000-03-02 18:15:00.000000000,982,Liliam,-0.52471528242296,0.2535264365694858
2000-03-02 19:30:00.000000000,992,Liliam,0.3828336858358685,0.8072066779523235
2000-03-02 20:00:00.000000000,991,Liliam,0.13419184959840225,0.9507415578749259
2000-03-02 20:15:00.000000000,1004,Liliam,-0.1386286415922835,-0.6185178543820284
2000-03-02 20:30:00.000000000,988,Liliam,-0.785830763518089,0.8233247984752341
2000-03-02 23:15:00.000000000,1020,Liliam,0.7201654418465484,-0.6042397208789132
2000-03-02 23:45:00.000000000,1044,Liliam,0.7141511511888246,-0.22021840398370318
2000-03-03 01:30:00.000000000,999,Liliam,-0.09264295232948783,-0.8948953957178147
2000-03-03 04:15:00.000000000,1003,Liliam,-0.17451911606335457,-0.10772500294806253
2000-03-03 07:00:00.000000000,975,Liliam,0.6387744723961264,-0.18459447932761464
2000-03-03 09:30:00.000000000,1010,Liliam,0.8663107304389894,-0.774112230098807
2000-03-03 09:45:00.000000000,998,Liliam,0.7906481473160065,0.2394708705420645
2000-03-03 11:15:00.000000000,1017,Liliam,-0.05041626684518885,0.4647143912937748
2000-03-03 15:45:00.000000000,1012,Liliam,0.2971029280159494,-0.6117312332719553
2000-03-03 17:15:00.000000000,958,Liliam,0.4477557527685101,-0.7488873404600989
2000-03-03 18:00:00.000000000,977,Liliam,0.1432768478717179,0.285745471640102
2000-03-03 19:15:00.000000000,957,Liliam,-0.4616380886720868,0.6498543651599586
2000-03-03 20:00:00.000000000,1019,Liliam,0.08492840227552234,0.0022737121233249447
2000-03-03 20:30:00.000000000,1033,Liliam,-0.9425908316084262,0.36460126009213845
2000-03-03 21:45:00.000000000,1003,Liliam,-0.9856984256385579,0.15468636198818086
2000-03-03 22:45:00.000000000,943,Liliam,0.8528135401990813,-0.5333562174467219
2000-03-04 01:00:00.000000000,983,Liliam,0.7477078690768542,-0.32204757770960724
2000-03-04 01:15:00.000000000,1007,Liliam,-0.5980318015143526,-0.9976933255372225
2000-03-04 02:15:00.000000000,999,Liliam,0.9544268432193317,0.8199634261019428
2000-03-04 03:45:00.000000000,1023,Liliam,0.7602198824837638,-0.6579610485434715
2000-03-04 04:00:00.000000000,992,Liliam,-0.3070307929766962,-0.03249914447122326
2000-03-04 04:30:00.000000000,1064,Liliam,-0.6019648377687516,-0.5086576079501732
2000-03-04 07:00:00.000000000,951,Liliam,-0.7408325294805325,0.28194655640016686
2000-03-04 07:45:00.000000000,1030,Liliam,-0.6795156749409412,-0.32609379992999443
2000-03-04 08:15:00.000000000,1002,Liliam,-0.5189717072158713,0.7227237992604705
2000-03-04 08:30:00.000000000,1062,Liliam,-0.7012191138135464,0.36695485900132563
2000-03-04 08:45:00.000000000,997,Liliam,0.4097921813903178,-0.6511740873895489
2000-03-04 09:15:00.000000000,976,Liliam,0.03251374377921734,-0.38024965931975463
2000-03-04 10:30:00.000000000,1000,Liliam,-0.3774142458566727,-0.1909805617321365
2000-03-04 11:30:00.000000000,993,Liliam,-0.3195618238150819,0.023313837653606173
2000-03-04 12:45:00.000000000,1042,Liliam,0.7553706628545753,-0.3987327087906398
2000-03-04 14:00:00.000000000,953,Liliam,0.2640392684396371,0.17027734119310267
2000-03-04 15:30:00.000000000,953,Liliam,0.12267774696188094,-0.11767292261229434
2000-03-04 15:45:00.000000000,1047,Liliam,0.9389082814225869,-0.7792477183806721
2000-03-04 16:45:00.000000000,1010,Liliam,-0.6537666118846586,-0.3880048339236486
2000-03-04 17:00:00.000000000,960,Liliam,0.2560067972426343,0.7598666972503885
2000-03-04 19:30:00.000000000,1008,Liliam,0.4807998273949472,0.7712209262019609
2000-03-04 23:15:00.000000000,1016,Liliam,0.08430915686021256,-0.12758502588545984
2000-03-04 23:30:00.000000000,1016,Liliam,-0.937248835115861,-0.41851213631765116
2000-03-05 00:30:00.000000000,952,Liliam,0.5652516623713753,0.4639697405852816
2000-03-05 02:00:00.000000000,996,Liliam,-0.5292775408894228,-0.5658443382211018
2000-03-05 02:15:00.000000000,949,Liliam,0.2202682831434022,-0.1903256687275119
2000-03-05 03:00:00.000000000,995,Liliam,-0.8530518717531714,-0.37798247228018944
2000-03-05 04:45:00.000000000,1010,Liliam,-0.016117202095667693,0.24190735385665696
2000-03-05 05:00:00.000000000,993,Liliam,0.32265132775257666,0.08312947279947847
2000-03-05 05:30:00.000000000,989,Liliam,0.9885506163624129,0.0737654985539744
2000-03-05 09:15:00.000000000,981,Liliam,0.6929576681119145,0.18673861743036935
2000-03-05 10:15:00.000000000,1008,Liliam,-0.9390239607174335,0.9162791365724074
2000-03-05 11:15:00.000000000,945,Liliam,-0.5670074508996945,-0.2664088268364646
2000-03-05 11:45:00.000000000,990,Liliam,0.03412950705544304,0.39606801553158566
2000-03-05 12:00:00.000000000,1031,Liliam,0.09630471551573438,0.9340370852163808
2000-03-05 12:15:00.000000000,1027,Liliam,0.4823322343428973,0.94552030710425
2000-03-05 13:15:00.000000000,990,Liliam,0.050881927624281786,0.27286396727384066
2000-03-05 13:45:00.000000000,1002,Liliam,-0.6112817474325334,0.44782645007004307
2000-03-05 15:15:00.000000000,1049,Liliam,-0.2576710618686813,-0.46179551884220804
2000-03-05 17:00:00.000000000,1007,Liliam,-0.06964931758425075,0.2557831950447511
2000-03-05 21:15:00.000000000,1010,Liliam,0.8675756094446159,0.02270103937815171
2000-03-06 00:00:00.000000000,1043,Liliam,-0.9798615720329422,0.2655858669564308
2000-03-06 00:15:00.000000000,964,Liliam,-0.5041889025681261,0.10669177689981812
2000-03-06 00:45:00.000000000,968,Liliam,-0.7263757577760259,0.027024009082720513
2000-03-06 01:45:00.000000000,1029,Liliam,-0.6430859033892031,0.5671738959279087
2000-03-06 03:15:00.000000000,1017,Liliam,0.5490835442741604,-0.6803817270072399
2000-03-06 03:30:00.000000000,1025,Liliam,-0.004861059582064842,-0.41269218287478693
2000-03-06 04:00:00.000000000,959,Liliam,0.2921332614455596,-0.4060812860295253
2000-03-06 06:45:00.000000000,986,Liliam,-0.6810512607208026,0.4111478533447197
2000-03-06 07:15:00.000000000,977,Liliam,0.1084111771307783,-0.20570206477885078
2000-03-06 08:15:00.000000000,955,Liliam,0.74422305770974,0.4430729697358924
2000-03-06 11:15:00.000000000,998,Liliam,-0.7355843314876025,-0.7650185547533175
2000-03-06 11:30:00.000000000,958,Liliam,0.5188428810423962,-0.6515151903124055
2000-03-06 12:00:00.000000000,996,Liliam,0.5532613768558394,-0.9882488002050831
2000-03-06 12:15:00.000000000,995,Liliam,-0.6634389940267338,0.07563155377830766
2000-03-06 13:45:00.000000000,974,Liliam,-0.20271159662268157,0.9485158142207166
2000-03-06 14:00:00.000000000,984,Liliam,-0.03521067711557002,-0.1830212393511541
2000-03-06 14:30:00.000000000,1072,Liliam,-0.32634554214096934,-0.16710311132280475
2000-03-06 15:00:00.000000000,1003,Liliam,-0.4307737612764613,0.8070927163581143
2000-03-06 15:45:00.000000000,990,Liliam,-0.9724323395623768,-0.29262180706961405
2000-03-06 18:00:00.000000000,1074,Liliam,-0.7174899426354882,0.44779982901715276
2000-03-06 18:45:00.000000000,972,Liliam,0.9509843174531167,-0.43765094454359854
2000-03-06 23:15:00.000000000,990,Liliam,0.25213239960827183,-0.9090826377375816
2000-03-07 01:00:00.000000000,984,Liliam,-0.34835017524876055,0.5019683105787796
2000-03-07 01:45:00.000000000,1022,Liliam,-0.5952064860154096,-0.5900226824561243
2000-03-07 02:00:00.000000000,1030,Liliam,0.5592640776787268,0.8944754511999364
2000-03-07 03:00:00.000000000,1007,Liliam,-0.26507183336082685,0.7537574105625489
2000-03-07 03:15:00.000000000,971,Liliam,0.8307359118594801,-0.1930880529031742
2000-03-07 03:30:00.000000000,984,Liliam,-0.9782395330679703,0.5639690251481462
2000-03-07 03:45:00.000000000,1057,Liliam,-0.6949180746961496,-0.6362702816221111
2000-03-07 04:15:00.000000000,1043,Liliam,0.5743089450848196,0.5234090095144188
2000-03-07 06:15:00.000000000,997,Liliam,-0.437697968422214,-0.34469803190402204
2000-03-07 08:00:00.000000000,1022,Liliam,-0.614328045439327,0.43739957436165144
2000-03-07 08:15:00.000000000,1005,Liliam,-0.7831391953909681,-0.7361873903248455
2000-03-07 08:30:00.000000000,1024,Liliam,-0.4000092291688637,-0.5492534505488025
2000-03-07 10:45:00.000000000,1028,Liliam,0.7002642610469145,0.2268318194352703
2000-03-07 11:30:00.000000000,1047,Liliam,0.7807763926692968,0.07260869782989232
2000-03-07 12:15:00.000000000,1045,Liliam,0.9334391669203004,-0.9421541880955084
2000-03-07 13:15:00.000000000,1067,Liliam,0.019656250875627723,0.7907380409122675
2000-03-07 14:15:00.000000000,1083,Liliam,0.13960974544083138,-0.0587733179222385
2000-03-07 15:00:00.000000000,1042,Liliam,0.8000286932752345,-0.27783436220435176
2000-03-07 16:00:00.000000000,996,Liliam,-0.5253552106331159,-0.48264907300050397
2000-03-07 21:15:00.000000000,955,Liliam,-0.43623938440776455,-0.15656837570514326
2000-03-08 00:00:00.000000000,1018,Liliam,-0.565948952193734,-0.8192267175774195
2000-03-08 02:30:00.000000000,992,Liliam,-0.8430854723996466,-0.7241444516289348
2000-03-08 03:45:00.000000000,993,Liliam,-0.5432545039278787,0.03502462900738834
2000-03-08 04:30:00.000000000,1023,Liliam,-0.8421235144862911,0.9303900683566304
2000-03-08 05:00:00.000000000,995,Liliam,-0.8473543560529009,-0.22443720047393056
2000-03-08 05:30:00.000000000,986,Liliam,-0.8097351706067415,-0.14540176297640106
2000-03-08 07:00:00.000000000,987,Liliam,-0.7966092375177007,0.24736085463544066
2000-03-08 08:00:00.000000000,1016,Liliam,-0.8986925429686989,-0.7033900107027704
2000-03-08 09:00:00.000000000,949,Liliam,-0.8487936445954765,-0.37638629203897667
2000-03-08 10:00:00.000000000,1007,Liliam,-0.1938106544614986,0.08566455447873489
2000-03-08 12:30:00.000000000,1014,Liliam,-0.13312693941434128,-0.7999850491095328
2000-03-08 17:00:00.000000000,1047,Liliam,0.23420308914220955,-0.19137935779671222
2000-03-08 17:45:00.000000000,970,Liliam,0.3121137193459236,0.8661228016650968
2000-03-08 19:45:00.000000000,963,Liliam,-0.6660927360362174,0.07168729968850007
2000-03-08 20:15:00.000000000,1025,Liliam,-0.46905537735963376,-0.7456441797993627
2000-03-08 21:00:00.000000000,985,Liliam,0.9867967704413436,0.3030467145611482
2000-03-08 22:00:00.000000000,1035,Liliam,-0.5599089809383926,0.10279569951977963
2000-03-08 23:00:00.000000000,963,Liliam,0.940197298922657,0.48197082065833996
2000-03-08 23:15:00.000000000,1027,Liliam,-0.36485123257881136,-0.9884317851608699
2000-03-09 01:45:00.000000000,946,Liliam,-0.868427299271044,0.25136586613537415
2000-03-09 02:00:00.000000000,993,Liliam,0.5255077683126981,-0.1209656487674231
2000-03-09 02:15:00.000000000,984,Liliam,0.21190805194833096,0.3665943374160603
2000-03-09 05:45:00.000000000,1021,Liliam,-0.03676712140872773,-0.11946025672964833
2000-03-09 06:15:00.000000000,980,Liliam,0.6470160227087942,0.5998759113208936
2000-03-09 06:45:00.000000000,995,Liliam,0.4028702944401803,-0.701771665478542
2000-03-09 08:00:00.000000000,973,Liliam,0.689462051295304,0.7233887887965411
2000-03-09 09:00:00.000000000,1033,Liliam,-0.7429289291665964,-0.527381390721833
2000-03-09 09:15:00.000000000,1023,Liliam,-0.09166096554119241,-0.10776588540276899
2000-03-09 10:15:00.000000000,995,Liliam,0.04206550933526865,0.03675078642792129
2000-03-09 11:45:00.000000000,1051,Liliam,0.8847349808521292,-0.4166389772979173
2000-03-09 12:30:00.000000000,1005,Liliam,0.2851225601805365,-0.888838573855798
2000-03-09 13:45:00.000000000,979,Liliam,0.7081295820397819,0.5965024466909208
2000-03-09 14:45:00.000000000,984,Liliam,-0.2670571616320445,0.35860393065389773
2000-03-09 15:00:00.000000000,971,Liliam,-0.5840975370754058,-0.39851202638329064
2000-03-09 15:30:00.000000000,1057,Liliam,-0.4700066106500693,0.12294482978516963
2000-03-09 16:15:00.000000000,1005,Liliam,0.6212786691245156,-0.8608176925271329
2000-03-09 16:45:00.000000000,1030,Liliam,0.21068387824521206,-0.5899299893269578
2000-03-09 17:00:00.000000000,975,Liliam,-0.33954360200080336,-0.6457364811902515
2000-03-09 20:15:00.000000000,980,Liliam,0.5017412344750063,0.44964004514285705
2000-03-09 21:45:00.000000000,915,Liliam,-0.8426281320740021,-0.11682710345321112
2000-03-09 22:30:00.000000000,1000,Liliam,-0.49763432081316594,-0.30843139469349645
2000-03-09 22:45:00.000000000,1058,Liliam,0.4805809402272916,0.5985087792054777
2000-03-10 00:00:00.000000000,966,Liliam,0.9661800836558754,0.9135617516355792
2000-03-10 00:30:00.000000000,1006,Liliam,-0.9738823432274089,0.7593696443070246
2000-03-10 04:00:00.000000000,993,Liliam,0.4189533573052071,-0.21202836913520007
2000-03-10 05:15:00.000000000,1045,Liliam,-0.3961295779433691,0.6274682628815829
2000-03-10 08:00:00.000000000,988,Liliam,0.19306750946813045,-0.09013980610705974
2000-03-10 08:45:00.000000000,996,Liliam,-0.07720279712889933,0.9287930966539759
2000-03-10 09:00:00.000000000,995,Liliam,-0.23451026854965673,0.5589739409956702
2000-03-10 09:45:00.000000000,1045,Liliam,-0.8637449146737672,0.22402328075916889
2000-03-10 11:45:00.000000000,998,Liliam,0.33548497263144617,0.3327814130862006
2000-03-10 12:00:00.000000000,1000,Liliam,0.6144977716020106,-0.19423279474345923
2000-03-10 12:30:00.000000000,1079,Liliam,0.39556084926181523,0.6494628981684931
2000-03-10 13:45:00.000000000,1035,Liliam,0.6732399714531445,-0.23990614228534013
2000-03-10 15:15:00.000000000,991,Liliam,-0.08708419684473179,-0.675260765081457
2000-03-10 16:45:00.000000000,1022,Liliam,-0.565798306924409,0.934331428355125
2000-03-10 17:00:00.000000000,996,Liliam,-0.09037890779119206,-0.13436932187959072
2000-03-10 17:45:00.000000000,992,Liliam,0.0017949834876402893,0.9111029471499332
2000-03-10 18:00:00.000000000,1005,Liliam,-0.9234813681196969,0.937841068542272
2000-03-10 18:45:00.000000000,966,Liliam,-0.832591406304684,-0.1392175442110135
2000-03-10 19:30:00.000000000,978,Liliam,-0.5870777895546919,-0.7979633176242009
2000-03-10 20:15:00.000000000,1008,Liliam,-0.966784033807693,0.7617063136399214
2000-03-10 21:30:00.000000000,999,Liliam,-0.21301949474794357,-0.27544348549134234
2000-03-11 04:30:00.000000000,1033,Liliam,0.2905756660081329,0.24155316798639515
2000-03-11 07:00:00.000000000,979,Liliam,0.8030899744157887,-0.656788124862328
2000-03-11 07:15:00.000000000,935,Liliam,0.45126100049810036,-0.5483899880238203
2000-03-11 07:30:00.000000000,986,Liliam,0.21821065528497807,-0.11808019214209908
2000-03-11 09:45:00.000000000,1034,Liliam,0.6211349860494986,0.1587089248697522
2000-03-11 10:15:00.000000000,1002,Liliam,0.9770187342281558,-0.4564876130435209
2000-03-11 13:30:00.000000000,1044,Liliam,0.30075146689211674,0.5030272122606654
2000-03-11 14:00:00.000000000,952,Liliam,0.539766814266716,-0.8445228600256671
2000-03-11 16:45:00.000000000,1052,Liliam,-0.8939262206666827,-0.03140970932981069
2000-03-11 17:15:00.000000000,985,Liliam,0.9708093098753057,0.7758716800750995
2000-03-11 20:15:00.000000000,971,Liliam,-0.8767081270438741,-0.586510648781476
2000-03-11 22:15:00.000000000,1045,Liliam,0.9530235670379017,0.5481096306150732
2000-03-11 23:30:00.000000000,998,Liliam,-0.39400876948839847,0.1200856540370081
2000-03-12 00:00:00.000000000,968,Liliam,0.18009856692679937,-0.6957110224628034
2000-03-12 01:00:00.000000000,1045,Liliam,-0.5892746360014041,-0.5146823592306047
2000-03-12 03:15:00.000000000,1019,Liliam,0.9336905128016368,0.20242702642547017
2000-03-12 05:15:00.000000000,1016,Liliam,-0.8058797631923276,0.5817800614784441
2000-03-12 06:45:00.000000000,1031,Liliam,0.7846842860939196,0.6742072992679153
2000-03-12 07:30:00.000000000,1019,Liliam,-0.13349297847935127,0.8798282791616163
2000-03-12 07:45:00.000000000,982,Liliam,0.3039896654993066,0.43649381041778934
2000-03-12 12:15:00.000000000,1096,Liliam,-0.4714566259271855,-0.31523459049057756
2000-03-12 14:15:00.000000000,997,Liliam,-0.4809667958533337,-0.019533833008695156
2000-03-12 14:45:00.000000000,1009,Liliam,-0.40175818708566613,-0.5878821798083944
2000-03-12 16:00:00.000000000,1037,Liliam,0.1518434301510443,0.2910821097937253
2000-03-12 18:15:00.000000000,982,Liliam,-0.4213419053072105,-0.996510169235789
2000-03-12 19:00:00.000000000,993,Liliam,0.13096224686593216,-0.3001789229915388
2000-03-12 19:30:00.000000000,946,Liliam,0.1892662343845708,-0.3522286022852734
2000-03-12 20:00:00.000000000,996,Liliam,0.627311381082917,-0.7217617171109665
2000-03-12 21:30:00.000000000,1046,Liliam,-0.825551889221928,0.4044485705154719
2000-03-12 21:45:00.000000000,1016,Liliam,0.7563285194254785,-0.5950558407962687
2000-03-12 22:00:00.000000000,1025,Liliam,-0.3069389488064649,-0.9238720534532339
2000-03-13 00:00:00.000000000,1011,Liliam,0.6670463675798921,-0.165488417106473
2000-03-13 00:30:00.000000000,1011,Liliam,-0.8619829905334946,0.38947809881107176
2000-03-13 01:00:00.000000000,1061,Liliam,0.6339066117356482,-0.31162104719374906
2000-03-13 02:45:00.000000000,1064,Liliam,-0.21890751510156137,0.966713414712395
2000-03-13 03:00:00.000000000,966,Liliam,-0.8821065710876803,-0.8668022669922661
2000-03-13 03:15:00.000000000,978,Liliam,0.5807533392170638,-0.04897581888760816
2000-03-13 05:00:00.000000000,1019,Liliam,-0.22113680867785823,-0.03467433234678641
2000-03-13 06:30:00.000000000,988,Liliam,0.6531859558358248,0.27009622626691265
2000-03-13 06:45:00.000000000,1022,Liliam,-0.7356566661648047,-0.6735035058474332
2000-03-13 08:15:00.000000000,984,Liliam,-0.6866825382889106,0.04899722648832938
2000-03-13 11:45:00.000000000,965,Liliam,-0.7530309892548985,-0.38365800921982585
2000-03-13 12:15:00.000000000,970,Liliam,-0.45025774570808474,-0.0921290673574815
2000-03-13 13:30:00.000000000,970,Liliam,0.6329434476462537,-0.3164169930988039
2000-03-13 15:00:00.000000000,932,Liliam,0.08226646548937677,0.10880940139076212
2000-03-13 18:30:00.000000000,991,Liliam,0.8158871035735962,-0.28059103079687486
2000-03-13 18:45:00.000000000,1036,Liliam,-0.3666473871657643,0.9764501881589234
2000-03-13 19:30:00.000000000,982,Liliam,-0.7111330315127398,-0.44196537515036294
2000-03-13 21:15:00.000000000,991,Liliam,-0.805777757202401,0.39932182189262755
2000-03-13 22:00:00.000000000,1000,Liliam,0.35070557918794476,-0.6737674487194438
2000-03-14 00:45:00.000000000,1051,Liliam,-0.5638112042158325,0.6236886750454342
2000-03-14 03:45:00.000000000,972,Liliam,0.769047536541158,-0.3475269509276635
2000-03-14 04:00:00.000000000,1000,Liliam,-0.09978673280972461,-0.9795045348187341
2000-03-14 04:15:00.000000000,934,Liliam,-0.3080142043099121,-0.9114642948275464
2000-03-14 05:15:00.000000000,1009,Liliam,-0.1522890846974927,-0.5574442506678947
2000-03-14 05:30:00.000000000,1007,Liliam,-0.69227833012691,-0.9388714483606859
2000-03-14 06:00:00.000000000,1028,Liliam,-0.41884357043288833,-0.23437316182394752
2000-03-14 07:30:00.000000000,1013,Liliam,-0.7435714077423254,0.10101300370733335
2000-03-14 08:00:00.000000000,948,Liliam,-0.24736871141905992,-0.8917583416550732
2000-03-14 10:00:00.000000000,975,Liliam,0.41000326410685006,-0.5522244993792795
2000-03-14 11:45:00.000000000,974,Liliam,-0.08732923677752136,0.9154088585704021
2000-03-14 16:15:00.000000000,1028,Liliam,0.2967466228880955,-0.6303607787956382
2000-03-14 16:45:00.000000000,969,Liliam,0.7419139678468205,-0.8432684309486271
2000-03-14 17:00:00.000000000,1046,Liliam,-0.9842419484491052,-0.2827173702778638
2000-03-14 18:00:00.000000000,1008,Liliam,0.5439959997582717,-0.7287486188417733
2000-03-14 18:30:00.000000000,1030,Liliam,0.5074247949591697,-0.8408334823884986
2000-03-14 22:15:00.000000000,1032,Liliam,0.04795903303701077,0.09877297504434335
2000-03-15 00:15:00.000000000,1038,Liliam,0.9310203580924656,-0.83465647871442
2000-03-15 02:45:00.000000000,996,Liliam,0.2675872917116884,-0.6017918032800853
2000-03-15 10:00:00.000000000,1002,Liliam,0.8177878238992997,0.11382231810980015
2000-03-15 11:00:00.000000000,995,Liliam,-0.18727331037135886,-0.767504172559256
2000-03-15 12:45:00.000000000,991,Liliam,0.9424741463224675,-0.6022332041922698
2000-03-15 13:00:00.000000000,961,Liliam,0.5418801610390096,-0.12166822551876022
2000-03-15 13:15:00.000000000,1079,Liliam,-0.6437166869179709,0.8765922919963847
2000-03-15 13:45:00.000000000,937,Liliam,-0.9157513292688422,0.49282559818521454
2000-03-15 16:30:00.000000000,997,Liliam,-0.06707755321264375,-0.31194949758824575
2000-03-15 21:15:00.000000000,960,Liliam,0.8630491771260469,-0.8580828871078519
2000-03-16 00:45:00.000000000,1022,Liliam,0.9563552056252869,0.5794062286601587
2000-03-16 03:30:00.000000000,1017,Liliam,0.3741198101968084,0.7863794974245488
2000-03-16 04:15:00.000000000,1054,Liliam,0.9406359467940857,0.4677110944119336
2000-03-16 05:45:00.000000000,1047,Liliam,-0.13814207298992542,0.08658196503640325
2000-03-16 07:00:00.000000000,1053,Liliam,-0.8642966551059243,-0.37111023397680043
2000-03-16 07:15:00.000000000,998,Liliam,-0.6744502944322219,-0.13909578632609043
2000-03-16 07:45:00.000000000,975,Liliam,-0.09323090168934622,0.9773536607809123
2000-03-16 08:15:00.000000000,994,Liliam,-0.13096570851329847,-0.23972709819253835
2000-03-16 09:00:00.000000000,1005,Liliam,0.6615893416522294,0.155157432341672
2000-03-16 11:00:00.000000000,1022,Liliam,-0.404737265855009,-0.4604831773436371
2000-03-16 11:15:00.000000000,1008,Liliam,-0.9250880872266201,0.7330936329381126
2000-03-16 11:45:00.000000000,977,Liliam,0.05048386790711379,0.8498000525382847
2000-03-16 12:45:00.000000000,1006,Liliam,-0.27755045600889106,0.8065709877723826
2000-03-16 13:15:00.000000000,1032,Liliam,0.9554930000041344,-0.66849002998262
2000-03-16 14:00:00.000000000,1048,Liliam,-0.717840366501229,-0.2315617987356251
2000-03-16 18:30:00.000000000,1010,Liliam,0.7077992447721559,0.7209155114135364
2000-03-16 20:15:00.000000000,1039,Liliam,-0.84983685422103,-0.4438434724559517
2000-03-16 20:30:00.000000000,999,Liliam,-0.8899932739751575,-0.32167795488252016
2000-03-17 01:15:00.000000000,959,Liliam,-0.18162869093529888,-0.17877565492703895
2000-03-17 06:00:00.000000000,972,Liliam,0.577766014883891,0.5466633101328175
2000-03-17 06:30:00.000000000,964,Liliam,-0.7468348952865713,0.7818984966226794
2000-03-17 08:00:00.000000000,1006,Liliam,0.48728030602435046,0.3052290284157042
2000-03-17 08:15:00.000000000,1000,Liliam,0.17183438599059375,-0.5427351841381489
2000-03-17 08:45:00.000000000,991,Liliam,0.7377521892355288,0.8299615768999993
2000-03-17 09:30:00.000000000,1021,Liliam,0.4940089595516335,0.7104666118126888
2000-03-17 11:15:00.000000000,967,Liliam,0.35582326018121213,0.769468338606631
2000-03-17 11:30:00.000000000,1040,Liliam,-0.41444232063045217,-0.20902277875862807
2000-03-17 12:45:00.000000000,999,Liliam,0.30111794476655973,0.5473923780767413
2000-03-17 14:15:00.000000000,998,Liliam,0.4514473130826264,0.574644915244948
2000-03-17 15:30:00.000000000,1027,Liliam,-0.2794223586419773,0.7887184089469521
2000-03-17 15:45:00.000000000,957,Liliam,-0.3292101909277261,0.41154500868093025
2000-03-17 19:00:00.000000000,966,Liliam,-0.7386585568504391,0.939952037197026
2000-03-17 19:30:00.000000000,964,Liliam,-0.0250744664262752,-0.5713906709619658
2000-03-17 21:15:00.000000000,1039,Liliam,0.6423537831406696,-0.8222149284436657
2000-03-17 21:30:00.000000000,985,Liliam,-0.544507983403266,0.16915419860335068
2000-03-17 21:45:00.000000000,1017,Liliam,0.1318743215423055,0.710719214122495
2000-03-17 22:15:00.000000000,977,Liliam,0.1447651299969681,-0.5049005424919613
2000-03-17 22:30:00.000000000,1019,Liliam,-0.1881789743682587,0.1477312035408096
2000-03-17 23:45:00.000000000,963,Liliam,-0.8770353034617102,-0.32793931335204274
2000-03-18 01:00:00.000000000,972,Liliam,0.18514131915713739,-0.9647716463531906
2000-03-18 01:45:00.000000000,992,Liliam,0.20107166583291858,0.09483029348794147
2000-03-18 02:15:00.000000000,1048,Liliam,0.11187168307448103,0.515715896260474
2000-03-18 02:30:00.000000000,982,Liliam,0.38977889172045077,0.3598292911769827
2000-03-18 03:15:00.000000000,953,Liliam,0.9028923089670848,-0.9890164347175612
2000-03-18 04:00:00.000000000,1005,Liliam,0.051693877583505854,-0.18223100438385975
2000-03-18 05:45:00.000000000,971,Liliam,-0.5949879666809839,0.5212660476188258
2000-03-18 06:00:00.000000000,1046,Liliam,-0.41373386312766236,0.920461401328214
2000-03-18 07:15:00.000000000,980,Liliam,0.4393865796907095,0.15787732747484196
2000-03-18 08:30:00.000000000,1005,Liliam,-0.9917799713188593,-0.3424351826887537
2000-03-18 11:15:00.000000000,992,Liliam,-0.5100375846370817,0.6141757186412429
2000-03-18 11:30:00.000000000,1019,Liliam,0.32111233142302176,-0.09803479307638119
2000-03-18 11:45:00.000000000,979,Liliam,-0.030167030365016778,-0.11622585760261694
2000-03-18 13:00:00.000000000,973,Liliam,0.3973861628948938,0.5042749718453505
2000-03-18 13:30:00.000000000,976,Liliam,0.6747360385688972,-0.5190652384743528
2000-03-18 13:45:00.000000000,982,Liliam,0.39577388461930374,0.9535195559231098
2000-03-18 15:45:00.000000000,1019,Liliam,-0.017491771960900016,0.3247779987432786
2000-03-18 16:15:00.000000000,992,Liliam,0.8585198400516729,-0.5726869033767199
2000-03-18 17:00:00.000000000,966,Liliam,0.8811205209569688,-0.5686375857176829
2000-03-18 19:15:00.000000000,977,Liliam,-0.37206161187461584,0.6171995082379564
2000-03-18 20:45:00.000000000,1002,Liliam,0.09063287211521875,-0.5544813930586803
2000-03-18 21:30:00.000000000,987,Liliam,-0.816315337996063,0.30339949647047515
2000-03-18 23:15:00.000000000,979,Liliam,-0.2913897715857905,-0.052696943697779774
2000-03-19 00:15:00.000000000,983,Liliam,0.4731718368058633,0.2713112446902155
2000-03-19 02:30:00.000000000,976,Liliam,-0.9375137638079813,-0.36214344303359947
2000-03-19 04:15:00.000000000,1065,Liliam,-0.6352542757076829,-0.49183257421273074
2000-03-19 05:00:00.000000000,1026,Liliam,-0.6526955425632117,0.5715678574093612
2000-03-19 08:30:00.000000000,962,Liliam,-0.914307083384571,-0.5073027129092569
2000-03-19 09:45:00.000000000,1008,Liliam,0.3870719923112578,-0.2089468721891472
2000-03-19 11:00:00.000000000,1083,Liliam,0.28580947343665053,-0.36961147393906324
2000-03-19 14:00:00.000000000,1039,Liliam,0.8187117503104844,0.8585670359812982
2000-03-19 14:15:00.000000000,980,Liliam,-0.7210250031439711,-0.792332051475864
2000-03-19 16:15:00.000000000,999,Liliam,-0.6744758881072079,0.20468014205706564
2000-03-19 17:15:00.000000000,1022,Liliam,-0.6258419330339124,0.7478647475688032
2000-03-19 18:15:00.000000000,994,Liliam,-0.32418998946132516,-0.6484035013017091
2000-03-19 19:15:00.000000000,1063,Liliam,-0.10201292861565703,0.6163117505884452
2000-03-19 21:00:00.000000000,978,Liliam,0.42385093198922474,0.5880595578390388
2000-03-19 22:30:00.000000000,970,Liliam,0.059937385584118985,0.22932666301476234
2000-03-19 22:45:00.000000000,1012,Liliam,0.6807546868119945,-0.7997163416355169
2000-03-19 23:45:00.000000000,994,Liliam,-0.39446904427565266,-0.6606546457046298
2000-03-20 04:00:00.000000000,996,Liliam,0.5403566824692938,0.3026954840390259
2000-03-20 05:30:00.000000000,1023,Liliam,-0.9445473737230043,-0.02783914557614997
2000-03-20 06:15:00.000000000,968,Liliam,-0.9044662110004016,0.7807591306358186
2000-03-20 08:30:00.000000000,995,Liliam,-0.20645878504385196,0.28208719311842634
2000-03-20 09:00:00.000000000,1000,Liliam,-0.3070399955209824,0.8249468015600534
2000-03-20 09:15:00.000000000,1024,Liliam,0.5541065571990393,-0.22575133827033578
2000-03-20 10:15:00.000000000,1027,Liliam,-0.29059038347389676,-0.2940916281578496
2000-03-20 11:15:00.000000000,985,Liliam,-0.9274764328023946,0.6735530734858837
2000-03-20 12:00:00.000000000,1051,Liliam,-0.8770904016347301,-0.06569684536318365
2000-03-20 12:15:00.000000000,1041,Liliam,0.40592678161912477,0.38416655540675526
2000-03-20 12:30:00.000000000,1050,Liliam,0.6382666448651451,-0.14914371526052328
2000-03-20 13:00:00.000000000,980,Liliam,0.8986010846106758,0.6531245998685298
2000-03-20 14:00:00.000000000,970,Liliam,0.477881987583048,-0.647383813508136
2000-03-20 17:15:00.000000000,1014,Liliam,0.44656266311414283,0.2803472413052581
2000-03-20 18:30:00.000000000,1031,Liliam,-0.8470617085629906,0.9292763530998127
2000-03-20 20:15:00.000000000,958,Liliam,0.6587548420844573,-0.09357376967072506
2000-03-20 21:00:00.000000000,1040,Liliam,0.6918075379208313,0.30608565852673664
2000-03-20 21:45:00.000000000,999,Liliam,0.551137251345927,0.499319346115634
2000-03-20 23:00:00.000000000,1020,Liliam,-0.7196389197061395,0.701482320966951
2000-03-20 23:15:00.000000000,991,Liliam,-0.6121523285672721,0.17464134155698363
2000-03-20 23:45:00.000000000,997,Liliam,0.3861030297482859,-0.24600893698624304
2000-03-21 00:30:00.000000000,979,Liliam,-0.45183369125088957,-0.667246780733801
2000-03-21 01:45:00.000000000,997,Liliam,0.48633914422413405,-0.7531483073979333
2000-03-21 03:30:00.000000000,973,Liliam,0.0616554076435345,-0.2837891483809709
2000-03-21 04:30:00.000000000,1000,Liliam,-0.8869051105453112,0.3826735195035824
2000-03-21 04:45:00.000000000,1014,Liliam,-0.310937442052871,0.579809885642492
2000-03-21 05:30:00.000000000,1004,Liliam,-0.13009331202211238,-0.7682571168055117
2000-03-21 09:15:00.000000000,1017,Liliam,0.8908783007553054,0.7177592486844382
2000-03-21 10:00:00.000000000,989,Liliam,-0.04950155279423729,0.9221306395932953
2000-03-21 10:30:00.000000000,1015,Liliam,-0.048661365551069036,-0.3744477406419491
2000-03-21 14:45:00.000000000,1018,Liliam,-0.19606835640462061,-0.9493311552376176
2000-03-21 16:30:00.000000000,1051,Liliam,0.1582615073129714,-0.5760364599960661
2000-03-21 17:45:00.000000000,979,Liliam,-0.9426396569148547,-0.6429059986636287
2000-03-21 18:30:00.000000000,1015,Liliam,-0.7307374800203865,-0.01719365582311383
2000-03-21 19:00:00.000000000,954,Liliam,-0.24200709133470255,-0.4886028787416803
2000-03-21 19:30:00.000000000,996,Liliam,0.4224790735606516,-0.9478012994908367
2000-03-21 22:30:00.000000000,1000,Liliam,0.5896928200477358,0.45118301984123343
2000-03-21 23:15:00.000000000,1029,Liliam,0.7086744129155507,-0.64224436256197
2000-03-22 00:30:00.000000000,1013,Liliam,-0.4732900721113338,0.8195420025034703
2000-03-22 01:00:00.000000000,1018,Liliam,0.9928219903852933,-0.36961038493392806
2000-03-22 01:45:00.000000000,1004,Liliam,-0.6050959411133092,0.33337017227339905
2000-03-22 04:30:00.000000000,1029,Liliam,-0.8542489921656358,0.018680924134824473
2000-03-22 05:00:00.000000000,1012,Liliam,-0.5690475654810614,-0.7243554002612811
2000-03-22 07:00:00.000000000,951,Liliam,-0.7082610510648095,0.1552074565678212
2000-03-22 07:30:00.000000000,983,Liliam,-0.32876313671497326,0.5875377970125839
2000-03-22 08:30:00.000000000,1025,Liliam,-0.5699642026843765,0.020063301605032002
2000-03-22 09:15:00.000000000,1066,Liliam,-0.5713296545399986,-0.36693203398943597
2000-03-22 10:15:00.000000000,1016,Liliam,0.6081212684177437,-0.5679083469179165
2000-03-22 10:45:00.000000000,1013,Liliam,0.7010136486868577,0.11822172971750167
2000-03-22 13:30:00.000000000,990,Liliam,0.18905997303289346,-0.04233971134740555
2000-03-22 16:30:00.000000000,962,Liliam,0.7557770519069158,-0.5519541614911521
2000-03-22 20:00:00.000000000,1004,Liliam,0.6988491081500974,0.7580664856977604
2000-03-22 23:15:00.000000000,1007,Liliam,-0.39385338919167934,-0.1860827579767872
2000-03-23 03:30:00.000000000,1000,Liliam,-0.5572629148026205,-0.06011379144941098
2000-03-23 05:00:00.000000000,1018,Liliam,-0.7231387602226171,0.9120143015022979
2000-03-23 06:45:00.000000000,975,Liliam,0.08564673760458263,-0.44425155585363596
2000-03-23 08:15:00.000000000,989,Liliam,-0.8863587345911272,-0.7295497981224346
2000-03-23 10:30:00.000000000,1021,Liliam,0.34979899053059604,0.32871769776016246
2000-03-23 11:45:00.000000000,960,Liliam,0.9588049260823621,0.0977923245926946
2000-03-23 14:30:00.000000000,1003,Liliam,0.7120146920190498,-0.3472840348246793
2000-03-23 15:00:00.000000000,1049,Liliam,0.7083080395919197,0.16794209238202407
2000-03-23 15:30:00.000000000,1041,Liliam,0.8575632409739748,-0.09361038651689957
2000-03-23 16:15:00.000000000,992,Liliam,0.2740768423889268,-0.6636133830239044
2000-03-23 17:00:00.000000000,966,Liliam,-0.3386881993485229,0.7891882889326256
2000-03-23 17:15:00.000000000,1030,Liliam,-0.43144483282896506,-0.2350777997227551
2000-03-23 18:15:00.000000000,1039,Liliam,0.14855080692052547,-0.4674095716232278
2000-03-23 19:00:00.000000000,998,Liliam,-0.8402750222399324,0.9849803192531077
2000-03-24 01:15:00.000000000,965,Liliam,0.7477956298808439,0.7484826022527895
2000-03-24 03:00:00.000000000,977,Liliam,0.4257152199077259,-0.1773207168726505
2000-03-24 03:15:00.000000000,945,Liliam,-0.024091063168422577,-0.02855802760077797
2000-03-24 04:15:00.000000000,969,Liliam,0.8038974045027047,-0.864212313149969
2000-03-24 05:00:00.000000000,972,Liliam,0.487567804159313,0.8189456585850854
2000-03-24 05:45:00.000000000,1021,Liliam,0.8898203511976084,-0.8146792697733622
2000-03-24 07:30:00.000000000,989,Liliam,-0.3263668623711655,-0.4373406538871374
2000-03-24 08:30:00.000000000,988,Liliam,0.18822577410634267,-0.0030196707491962904
2000-03-24 10:00:00.000000000,1007,Liliam,-0.45697787140185686,-0.5036739296850938
2000-03-24 11:30:00.000000000,969,Liliam,0.888885198048448,-0.0786236073424007
2000-03-24 11:45:00.000000000,965,Liliam,-0.9875009256877723,-0.7995188367598458
2000-03-24 13:15:00.000000000,1009,Liliam,-0.2184704772642565,-0.34681152492459577
2000-03-24 14:30:00.000000000,952,Liliam,-0.5392650718673997,0.5613453681773395
2000-03-24 14:45:00.000000000,976,Liliam,0.15607986503840054,0.16712681031070042
2000-03-24 15:30:00.000000000,1026,Liliam,-0.7148914025971707,-0.7696226680084512
2000-03-24 15:45:00.000000000,1034,Liliam,-0.44375604782845635,0.3801702228309709
2000-03-24 17:00:00.000000000,1019,Liliam,0.14834000778913747,0.9752190733712718
2000-03-24 19:00:00.000000000,1015,Liliam,-0.6805201064944775,-0.377049976392303
2000-03-24 21:15:00.000000000,1002,Liliam,0.854428799420313,-0.2515674381450894
2000-03-24 21:45:00.000000000,973,Liliam,-0.8911868645602983,-0.37936150312395034
2000-03-24 22:15:00.000000000,1000,Liliam,-0.15086750037669483,0.32776459734878993
2000-03-25 02:15:00.000000000,968,Liliam,-0.8147970257238233,-0.7631911473851605
2000-03-25 02:30:00.000000000,1054,Liliam,-0.38588294223248054,-0.5033333760254508
2000-03-25 02:45:00.000000000,1006,Liliam,-0.2538778013630363,0.5910297527640496
2000-03-25 03:45:00.000000000,996,Liliam,0.3430668427510368,0.25988858168881834
2000-03-25 06:45:00.000000000,1005,Liliam,-0.03233064507722139,0.13059832575208463
2000-03-25 08:30:00.000000000,985,Liliam,0.15489048940987749,0.9454659589647711
2000-03-25 10:30:00.000000000,1019,Liliam,0.42715092493059825,0.6851745263281659
2000-03-25 16:00:00.000000000,970,Liliam,0.17308876777965776,-0.22753074271346296
2000-03-25 16:45:00.000000000,1055,Liliam,-0.6659051065662827,-0.6016685419585379
2000-03-25 17:15:00.000000000,966,Liliam,-0.7686447174648834,0.7110936656316107
2000-03-25 18:00:00.000000000,983,Liliam,-0.31976956849113947,-0.9813052745422586
2000-03-25 20:00:00.000000000,1046,Liliam,-0.5099442722659364,0.018284319469519028
2000-03-25 20:15:00.000000000,1033,Liliam,-0.3905405254962735,-0.10491377484432451
2000-03-25 23:00:00.000000000,1007,Liliam,-0.16407362586245533,-0.9521738139569229
2000-03-26 00:30:00.000000000,999,Liliam,0.10450088209250841,0.8614093857204361
2000-03-26 01:15:00.000000000,1010,Liliam,0.9534076224170203,-0.8385580959796821
2000-03-26 01:45:00.000000000,1018,Liliam,-0.7063833426405108,0.6982623599308957
2000-03-26 02:15:00.000000000,1066,Liliam,0.13242220391901016,0.040429431513980374
2000-03-26 02:30:00.000000000,981,Liliam,-0.8578215512295138,-0.7238012116038004
2000-03-26 03:00:00.000000000,1002,Liliam,-0.21537075288592233,-0.0534113178097102
2000-03-26 06:00:00.000000000,987,Liliam,0.47950935068664147,0.1379384482550281
2000-03-26 07:15:00.000000000,1024,Liliam,0.9859043816981294,-0.11735428778594859
2000-03-26 10:00:00.000000000,985,Liliam,0.23646236997354886,-0.8266318248201387
2000-03-26 13:15:00.000000000,983,Liliam,0.32788334930302065,-0.15142434249929249
2000-03-26 13:30:00.000000000,1059,Liliam,0.08787822898472442,-0.3205468554207189
2000-03-26 14:45:00.000000000,1050,Liliam,-0.19047563035316895,-0.4181424168474337
2000-03-26 15:45:00.000000000,1016,Liliam,-0.9281292827375496,-0.9945776660655998
2000-03-26 16:15:00.000000000,987,Liliam,-0.34308863699001746,0.44159345057871113
2000-03-26 18:30:00.000000000,1004,Liliam,0.4022649959804192,0.2289270842193658
2000-03-26 18:45:00.000000000,944,Liliam,-0.33737978226845233,-0.6120647719423427
2000-03-26 21:15:00.000000000,1011,Liliam,0.37864272481780037,0.13706259750641991
2000-03-26 21:45:00.000000000,1007,Liliam,-0.5363000718089053,-0.47392254308061865
2000-03-26 23:45:00.000000000,1002,Liliam,0.04524943619717425,-0.4472935497768138
2000-03-27 00:00:00.000000000,979,Liliam,-0.754353079794654,0.4622360885738226
2000-03-27 01:00:00.000000000,1044,Liliam,-0.7433217903669496,-0.2360209374528215
2000-03-27 03:45:00.000000000,1012,Liliam,0.9782693223771053,-0.31062041869003987
2000-03-27 04:15:00.000000000,974,Liliam,-0.0971549386917201,-0.6113167184403756
2000-03-27 04:45:00.000000000,978,Liliam,-0.7803886067005501,0.8183768676580905
2000-03-27 05:30:00.000000000,1058,Liliam,0.9083074304650998,0.4046474994165854
2000-03-27 06:15:00.000000000,1079,Liliam,0.5366605232047379,0.1403721597310883
2000-03-27 07:30:00.000000000,929,Liliam,-0.7497700464250017,-0.9552072571362895
2000-03-27 07:45:00.000000000,1010,Liliam,-0.19568575630503027,0.048988884696553825
2000-03-27 08:45:00.000000000,963,Liliam,-0.5637895113968088,0.2691262804494414
2000-03-27 10:30:00.000000000,1012,Liliam,0.014708040992002402,0.5085956760097314
2000-03-27 11:00:00.000000000,1018,Liliam,-0.9667944761356537,0.20508847843229616
2000-03-27 11:15:00.000000000,1007,Liliam,0.37146704878643333,-0.021854467471871475
2000-03-27 13:00:00.000000000,992,Liliam,-0.41039944182480004,0.560012895454816
2000-03-27 13:15:00.000000000,1020,Liliam,-0.2746329311441522,-0.7429101670987255
2000-03-27 13:45:00.000000000,1020,Liliam,-0.4017552565971938,-0.17760387986319914
2000-03-27 15:00:00.000000000,1041,Liliam,-0.14596624915700374,0.5913368177053935
2000-03-27 15:15:00.000000000,1015,Liliam,-0.18609345913757447,0.0469925096668764
2000-03-27 16:15:00.000000000,980,Liliam,-0.8013720487724794,-0.9285228833429147
2000-03-27 16:30:00.000000000,1030,Liliam,0.2180892540913988,-0.8506260881041032
2000-03-27 17:45:00.000000000,1034,Liliam,-0.5342372092894918,0.4584492597528935
2000-03-27 18:15:00.000000000,984,Liliam,0.962420494249558,-0.33843261691026827
2000-03-27 18:45:00.000000000,976,Liliam,-0.3596235353403163,-0.9195876939008303
2000-03-27 19:45:00.000000000,959,Liliam,0.3385430959998721,0.4195950606426795
2000-03-27 20:30:00.000000000,1033,Liliam,0.5102545746048308,0.845957719469419
2000-03-27 22:30:00.000000000,982,Liliam,0.49096031087507375,0.32774495468339726
2000-03-27 23:00:00.000000000,1004,Liliam,-0.6858783697329378,0.520995998088702
2000-03-28 02:30:00.000000000,992,Liliam,0.435583063664978,0.8502306016120482
2000-03-28 03:00:00.000000000,980,Liliam,-0.6430667488824582,-0.9478353660554413
2000-03-28 08:45:00.000000000,962,Liliam,-0.02132521366838569,-0.525117736991384
2000-03-28 12:30:00.000000000,997,Liliam,-0.8126331201318717,-0.33704047703369766
2000-03-28 13:30:00.000000000,998,Liliam,0.05981108545836489,0.5648257368773248
2000-03-28 17:45:00.000000000,912,Liliam,-0.9852757420320413,0.0010266862235661645
2000-03-28 18:45:00.000000000,977,Liliam,-0.2361546128344969,0.8055004845606419
2000-03-28 20:00:00.000000000,1023,Liliam,0.9354278990144838,-0.3633820251093407
2000-03-29 00:45:00.000000000,971,Liliam,-0.8664064687087281,0.07949597085129634
2000-03-29 01:00:00.000000000,1007,Liliam,0.14024280796527933,-0.04039798152681939
2000-03-29 01:15:00.000000000,996,Liliam,-0.5739217587988714,-0.6318796007741372
2000-03-29 01:45:00.000000000,992,Liliam,0.6599056597135617,0.765694127135643
2000-03-29 06:15:00.000000000,1034,Liliam,0.3102496372206218,-0.6918872302855001
2000-03-29 07:45:00.000000000,1023,Liliam,0.8252025610887779,0.46901702445846194
2000-03-29 08:30:00.000000000,1080,Liliam,0.3888315737505845,0.4563977105113268
2000-03-29 09:45:00.000000000,1060,Liliam,-0.81189802357437,0.29161809580701226
2000-03-29 10:15:00.000000000,965,Liliam,0.7733568334969194,0.7064330263678329
2000-03-29 11:00:00.000000000,957,Liliam,-0.4936553099006775,0.3167744440007585
2000-03-29 11:30:00.000000000,953,Liliam,0.7735427421078618,0.5050790471910469
2000-03-29 12:45:00.000000000,987,Liliam,-0.0022652831263882955,0.8627595632886047
2000-03-29 14:30:00.000000000,973,Liliam,0.5483083663179886,-0.008499108195366478
2000-03-29 15:30:00.000000000,963,Liliam,0.41106821826828366,-0.8502960644447639
2000-03-29 18:45:00.000000000,1000,Liliam,0.9736170391390375,0.3985221009803559
2000-03-29 19:00:00.000000000,995,Liliam,-0.6621033690764635,-0.6896050569464012
2000-03-29 20:45:00.000000000,986,Liliam,-0.740976328097342,0.7659910516981756
2000-03-29 23:00:00.000000000,996,Liliam,-0.9845066477999687,0.24062563909337076
2000-03-30 00:00:00.000000000,995,Liliam,-0.18872232330574357,-0.6394848390107442
2000-03-30 02:00:00.000000000,1006,Liliam,0.328493109628075,0.9980942293241231
2000-03-30 04:45:00.000000000,982,Liliam,-0.19230658915755616,0.33809836567753515
2000-03-30 11:00:00.000000000,969,Liliam,-0.8174817658786262,-0.5363320659385942
2000-03-30 12:00:00.000000000,956,Liliam,0.1969456087720598,0.6560829535476322
2000-03-30 12:15:00.000000000,977,Liliam,0.9147424584656318,-0.9240654536455584
2000-03-30 12:45:00.000000000,1030,Liliam,-0.6668620652675661,-0.9116714847237384
2000-03-30 17:00:00.000000000,1021,Liliam,0.6656014139773734,0.5342803931293498
2000-03-30 18:00:00.000000000,991,Liliam,0.44832194479283327,-0.32126110318058876
2000-03-30 20:45:00.000000000,933,Liliam,0.19536083354941325,0.21872337202212222
2000-03-30 22:45:00.000000000,1013,Liliam,0.24120591976979355,0.2075588499916623
2000-03-30 23:30:00.000000000,993,Liliam,-0.90736520706645,-0.24796941199122835
2000-01-01 00:00:00.000000000,995,Pedro,0.515597685622665,0.019726860171826788
2000-01-01 02:30:00.000000000,1048,Pedro,-0.1643545629813541,-0.3101209926851445
2000-01-01 03:15:00.000000000,988,Pedro,-0.9569491836676538,0.1575654973884646
2000-01-01 05:45:00.000000000,1021,Pedro,0.5446028503830447,0.33168179434356637
2000-01-01 10:45:00.000000000,1051,Pedro,-0.05466476509688856,0.402155505871727
2000-01-01 11:45:00.000000000,998,Pedro,0.9245509207138218,-0.6011467368533496
2000-01-01 12:45:00.000000000,965,Pedro,-0.6946576411498746,-0.339221047170021
2000-01-01 13:45:00.000000000,979,Pedro,0.7357188820826828,0.6174690273238368
2000-01-01 14:15:00.000000000,1025,Pedro,0.6855800349999936,-0.403929556482862
2000-01-01 18:15:00.000000000,989,Pedro,-0.5285420565422525,-0.4234671588310679
2000-01-01 19:00:00.000000000,987,Pedro,0.6606345973264562,-0.016106247794392736
2000-01-01 19:30:00.000000000,1055,Pedro,-0.5877034013443321,0.6134468206953918
2000-01-01 19:45:00.000000000,1002,Pedro,-0.23948062362880096,-0.363226420267331
2000-01-01 20:00:00.000000000,941,Pedro,-0.6499835386036186,-0.06699092476049051
2000-01-01 20:30:00.000000000,1014,Pedro,-0.5012382480410265,-0.5301521803676488
2000-01-01 20:45:00.000000000,970,Pedro,0.0031089637160195416,-0.9367469943242113
2000-01-01 21:00:00.000000000,1049,Pedro,0.7297622306662344,0.5170296203298925
2000-01-01 21:30:00.000000000,995,Pedro,-0.3380197372006757,-0.2650091075195087
2000-01-02 01:30:00.000000000,984,Pedro,-0.903970862087025,0.759123704860243
2000-01-02 07:45:00.000000000,974,Pedro,0.11873067973505025,0.9278618471275732
2000-01-02 09:30:00.000000000,1053,Pedro,0.07113997766083013,-0.31052135038897566
2000-01-02 13:00:00.000000000,984,Pedro,0.9920855582739836,0.33594118398739226
2000-01-02 17:30:00.000000000,1023,Pedro,0.053980969032363824,0.37348171430795185
2000-01-02 18:00:00.000000000,988,Pedro,0.6523944068106817,0.10101828171599214
2000-01-02 18:45:00.000000000,939,Pedro,-0.7728317592308014,-0.3899845734694236
2000-01-02 19:45:00.000000000,1007,Pedro,0.36732388854777986,-0.63301987668709
2000-01-02 22:45:00.000000000,1038,Pedro,-0.0007131504615722761,-0.2877792426661465
2000-01-03 00:45:00.000000000,1023,Pedro,0.5504124226373952,0.8796018744501792
2000-01-03 04:30:00.000000000,1028,Pedro,0.16307021528250276,-0.6222474015575492
2000-01-03 06:30:00.000000000,1019,Pedro,-0.21692992375058773,0.5073018169149439
2000-01-03 08:30:00.000000000,989,Pedro,-0.034247596356385746,-0.7435161548341755
2000-01-03 09:45:00.000000000,975,Pedro,-0.9881627339902206,-0.5360766064667521
2000-01-03 11:45:00.000000000,990,Pedro,0.7231504456992337,-0.6337676061458024
2000-01-03 14:30:00.000000000,930,Pedro,-0.29918328336872557,0.7948569184674339
2000-01-03 16:45:00.000000000,964,Pedro,0.612789356684305,0.6866729405794196
2000-01-03 18:30:00.000000000,1008,Pedro,0.653377323805161,0.16021450282647587
2000-01-03 22:30:00.000000000,966,Pedro,0.25498209979339115,-0.09409132568068079
2000-01-03 22:45:00.000000000,978,Pedro,-0.04890122444351541,0.6829474380400289
2000-01-03 23:45:00.000000000,1045,Pedro,-0.4575174105592581,0.506980315191188
2000-01-04 02:00:00.000000000,1057,Pedro,0.06254655744208582,0.7269930830327054
2000-01-04 03:15:00.000000000,978,Pedro,-0.31250807334682995,-0.02006026404344685
2000-01-04 03:30:00.000000000,1061,Pedro,0.47726177576665596,-0.97188801755103
2000-01-04 05:45:00.000000000,988,Pedro,0.7233994114879563,0.028953209926290358
2000-01-04 09:00:00.000000000,1013,Pedro,0.8374411713190899,-0.4735338797353692
2000-01-04 11:00:00.000000000,997,Pedro,0.7649328988613158,-0.9945218977599908
2000-01-04 11:30:00.000000000,970,Pedro,0.6033298147640518,0.680693135491363
2000-01-04 15:15:00.000000000,1017,Pedro,-0.7878852818879407,0.08119936651251902
2000-01-04 16:00:00.000000000,982,Pedro,0.757132137535335,0.16647043115808358
2000-01-04 16:15:00.000000000,953,Pedro,-0.29275805007156075,-0.13932184903258116
2000-01-04 17:15:00.000000000,952,Pedro,-0.7382211137068397,-0.5143638151474745
2000-01-04 17:30:00.000000000,977,Pedro,0.5976847019370148,-0.7724518010790331
2000-01-04 18:00:00.000000000,966,Pedro,0.13748954820941628,-0.3564598327855679
2000-01-04 21:00:00.000000000,1017,Pedro,-0.19661207094330946,0.643359228989018
2000-01-04 21:15:00.000000000,1015,Pedro,-0.23577615769607707,-0.4187964844506442
2000-01-04 22:15:00.000000000,980,Pedro,0.552189313570592,-0.21765544785226676
2000-01-05 01:30:00.000000000,1001,Pedro,-0.9241906827285673,-0.768336674113212
2000-01-05 01:45:00.000000000,1014,Pedro,0.4924473101289173,-0.49220651935417625
2000-01-05 04:15:00.000000000,1047,Pedro,-0.36839477667227016,0.7512111434328124
2000-01-05 05:45:00.000000000,1021,Pedro,0.6883535946357533,-0.09568057301379684
2000-01-05 09:00:00.000000000,962,Pedro,0.6854991320445851,-0.052901446696248966
2000-01-05 09:45:00.000000000,991,Pedro,-0.7398740769261685,-0.9540986919776049
2000-01-05 11:15:00.000000000,1003,Pedro,0.6892329396776051,0.6236222236837825
2000-01-05 11:30:00.000000000,1019,Pedro,0.21303800394415773,0.21741709121996222
2000-01-05 11:45:00.000000000,1006,Pedro,-0.3883268337313388,-0.16012134200570638
2000-01-05 12:30:00.000000000,969,Pedro,-0.3741011105627261,-0.5528704669663471
2000-01-05 16:30:00.000000000,1033,Pedro,0.08455440704048356,0.6628306357468681
2000-01-05 17:00:00.000000000,1029,Pedro,0.5446573747680503,-0.7562635740412806
2000-01-05 18:30:00.000000000,1005,Pedro,0.023966695571720598,0.35986611841741745
2000-01-05 18:45:00.000000000,1037,Pedro,0.2166381183852002,0.3634731928730348
2000-01-05 19:00:00.000000000,968,Pedro,0.10347416756188332,0.04591716466161433
2000-01-05 21:00:00.000000000,1063,Pedro,0.7020581606929375,-0.5892662181229902
2000-01-05 21:30:00.000000000,995,Pedro,0.9887521171296461,0.3241831298130491
2000-01-05 22:30:00.000000000,1058,Pedro,-0.2084214503383761,-0.047231385024076644
2000-01-06 00:30:00.000000000,993,Pedro,0.5747021176011629,0.4520801926347413
2000-01-06 00:45:00.000000000,955,Pedro,-0.6072868879994835,0.1289507742874123
2000-01-06 02:30:00.000000000,1045,Pedro,-0.6286648519797369,0.3248491640263913
2000-01-06 04:15:00.000000000,1022,Pedro,-0.8593348267859813,0.5668950532500603
2000-01-06 04:45:00.000000000,1025,Pedro,-0.899835843947993,0.16884674219979123
2000-01-06 05:00:00.000000000,979,Pedro,-0.6717044313482767,0.6190081060777772
2000-01-06 08:00:00.000000000,1011,Pedro,0.1830971465978024,0.6463362012436029
2000-01-06 09:00:00.000000000,969,Pedro,-0.7719927410103977,-0.9659228021988704
2000-01-06 09:30:00.000000000,1005,Pedro,0.8150460912833757,-0.01641652694432194
2000-01-06 12:00:00.000000000,1003,Pedro,0.35745145782138854,0.9864187855754323
2000-01-06 16:15:00.000000000,977,Pedro,-0.4749886940339887,0.21878743373533305
2000-01-06 17:45:00.000000000,974,Pedro,0.23857647204277432,0.12594752162481582
2000-01-06 19:30:00.000000000,1001,Pedro,-0.9203558458409618,0.2794703947773407
2000-01-06 20:15:00.000000000,980,Pedro,0.6222051461155833,0.7569351483246025
2000-01-06 20:45:00.000000000,1001,Pedro,-0.4780244778238203,0.45027515601172463
2000-01-06 23:15:00.000000000,982,Pedro,0.6391405658968838,-0.5578680292901235
2000-01-07 00:45:00.000000000,1006,Pedro,-0.8588473880745247,0.028085844468974885
2000-01-07 04:00:00.000000000,941,Pedro,0.6593713239153467,0.4984543141523736
2000-01-07 05:15:00.000000000,995,Pedro,-0.2891755614693705,-0.8146456732047762
2000-01-07 06:00:00.000000000,1047,Pedro,0.6500458401010043,-0.26986074604904964
2000-01-07 06:45:00.000000000,970,Pedro,0.47413156427672276,-0.5233123046854113
2000-01-07 07:45:00.000000000,1034,Pedro,0.9380696957414607,-0.994989613317945
2000-01-07 12:45:00.000000000,994,Pedro,-0.7154271504713479,-0.5473058516775908
2000-01-07 14:00:00.000000000,974,Pedro,0.3440080278603974,0.5599209975709665
2000-01-07 14:15:00.000000000,1027,Pedro,0.7171156988249592,0.24008686308705895
2000-01-07 15:00:00.000000000,985,Pedro,-0.2918324840451689,-0.7234204191384517
2000-01-07 15:15:00.000000000,962,Pedro,-0.3623629611393804,-0.8096230705912906
2000-01-07 16:45:00.000000000,973,Pedro,-0.10770768670845254,-0.4037726786630098
2000-01-07 21:30:00.000000000,1056,Pedro,0.3426939533282283,0.9139170442759574
2000-01-08 02:30:00.000000000,1019,Pedro,-0.7334999586892816,-0.3549827386221531
2000-01-08 04:15:00.000000000,990,Pedro,-0.3646597062091197,-0.9613109250201897
2000-01-08 07:00:00.000000000,1009,Pedro,0.7185543575479802,-0.08402004677744412
2000-01-08 08:00:00.000000000,1009,Pedro,0.06924590324239022,0.8945376829726346
2000-01-08 09:00:00.000000000,1024,Pedro,-0.719632512202123,-0.6476102486131892
2000-01-08 10:00:00.000000000,1016,Pedro,0.4159597123699832,0.5257188251504719
2000-01-08 10:45:00.000000000,1046,Pedro,-0.859012771008717,-0.5981451589396107
2000-01-08 11:30:00.000000000,1054,Pedro,0.461366921157196,0.7642173643220185
2000-01-08 12:15:00.000000000,1050,Pedro,-0.3987839093668675,-0.20309210506727893
2000-01-08 12:45:00.000000000,1007,Pedro,0.4561357913118058,-0.41934409864063427
2000-01-08 15:45:00.000000000,1000,Pedro,-0.5770299369775549,0.00907651086123673
2000-01-08 16:30:00.000000000,1025,Pedro,0.4726086648122474,-0.661006898356423
2000-01-08 17:30:00.000000000,1048,Pedro,0.5460870446004877,-0.5140451743956356
2000-01-08 18:00:00.000000000,996,Pedro,0.7847972371606853,0.49942410342996957
2000-01-08 19:15:00.000000000,958,Pedro,-0.22320664418230285,-0.6122793527771018
2000-01-08 19:30:00.000000000,1019,Pedro,0.6135634671058197,-0.18889767410570002
2000-01-08 20:15:00.000000000,998,Pedro,0.010985052090777048,0.949632608510989
2000-01-08 20:45:00.000000000,1058,Pedro,-0.20996436095993776,0.45013997897796765
2000-01-08 21:15:00.000000000,972,Pedro,-0.1898415066500132,-0.7387814901548959
2000-01-08 22:00:00.000000000,1040,Pedro,-0.2994872485380269,0.7983935493579488
2000-01-09 01:15:00.000000000,1018,Pedro,-0.5447880922662094,0.9181531238150455
2000-01-09 01:30:00.000000000,1012,Pedro,0.4814970607161839,0.24867243373222192
2000-01-09 03:15:00.000000000,1057,Pedro,-0.03329568224261181,-0.41689675847301144
2000-01-09 04:15:00.000000000,1008,Pedro,0.06935050143917287,0.834914883874226
2000-01-09 07:30:00.000000000,942,Pedro,0.30819354852494785,-0.8117800843520466
2000-01-09 08:15:00.000000000,1030,Pedro,0.9574986838516553,-0.9107491057670696
2000-01-09 09:30:00.000000000,1017,Pedro,0.6025479400412204,0.41360018053656233
2000-01-09 10:00:00.000000000,1009,Pedro,0.5354013491480145,-0.09019240834872178
2000-01-09 13:00:00.000000000,1007,Pedro,-0.6948742088934259,0.06933193488233713
2000-01-09 14:30:00.000000000,974,Pedro,0.19251295261089152,0.9078626453752121
2000-01-09 15:45:00.000000000,1015,Pedro,-0.7536989878629141,0.10841036369998469
2000-01-09 16:00:00.000000000,1017,Pedro,-0.16343364030754892,-0.5896965485962677
2000-01-09 17:30:00.000000000,1010,Pedro,-0.8297022621202976,-0.09861952744563474
2000-01-09 17:45:00.000000000,964,Pedro,-0.829944739588435,0.7299594120259898
2000-01-09 18:30:00.000000000,1039,Pedro,-0.5883215621162832,0.5928074955992264
2000-01-09 22:00:00.000000000,1045,Pedro,0.04062883152957664,-0.38509919568718853
2000-01-09 23:45:00.000000000,1006,Pedro,-0.4021077741269816,-0.6771509473115453
2000-01-10 00:15:00.000000000,1026,Pedro,-0.21315877268603534,-0.8628382871580893
2000-01-10 00:45:00.000000000,991,Pedro,-0.23643954873990958,-0.02503110048149182
2000-01-10 01:00:00.000000000,1002,Pedro,-0.09455022001455826,-0.6171748232231329
2000-01-10 02:00:00.000000000,962,Pedro,0.1406758056691748,0.7516045294258316
2000-01-10 02:15:00.000000000,964,Pedro,-0.39571127989624344,0.07519759017712158
2000-01-10 03:30:00.000000000,984,Pedro,0.8162024634068343,-0.6714032198195505
2000-01-10 05:15:00.000000000,1026,Pedro,0.7296263824454137,0.8733343052947291
2000-01-10 05:30:00.000000000,1003,Pedro,-0.17459222088222748,0.6712817690872144
2000-01-10 07:45:00.000000000,983,Pedro,0.9887168807672986,-0.04927671765304731
2000-01-10 08:15:00.000000000,1027,Pedro,0.47701305602488864,0.07309565532079754
2000-01-10 08:45:00.000000000,1030,Pedro,-0.2704330445854566,0.7387489263382512
2000-01-10 12:45:00.000000000,1043,Pedro,-0.3286783437970726,-0.6912224916634104
2000-01-10 15:15:00.000000000,1010,Pedro,-0.8991093955102016,0.8352110199016982
2000-01-10 15:30:00.000000000,1015,Pedro,-0.017752921085730122,-0.926635091612867
2000-01-10 17:45:00.000000000,978,Pedro,-0.14497368470424665,-0.7766451368127529
2000-01-10 18:00:00.000000000,1018,Pedro,-0.9501941182821492,0.005816839229779713
2000-01-10 19:15:00.000000000,1016,Pedro,0.6396730354663851,-0.8520785127478367
2000-01-10 20:45:00.000000000,1019,Pedro,-0.7698724713091343,0.2816126069046079
2000-01-11 00:00:00.000000000,1041,Pedro,-0.5197126692284539,-0.6507363861786295
2000-01-11 06:00:00.000000000,969,Pedro,-0.5402851969900531,0.33699699309994013
2000-01-11 07:45:00.000000000,982,Pedro,0.9480503459507057,-0.636598321123206
2000-01-11 08:45:00.000000000,1029,Pedro,0.2190338129658802,-0.39115310697661676
2000-01-11 10:15:00.000000000,1002,Pedro,0.8674897982240095,-0.43370590868273595
2000-01-11 11:00:00.000000000,1037,Pedro,-0.9055802708835179,0.5272042732860285
2000-01-11 13:15:00.000000000,969,Pedro,0.428587567676747,0.046801104244113656
2000-01-11 14:30:00.000000000,1044,Pedro,0.667800285174361,-0.4110555771211788
2000-01-11 16:15:00.000000000,1028,Pedro,-0.18042214582360572,0.7835596289050082
2000-01-11 16:45:00.000000000,982,Pedro,0.23733675448866776,-0.9052732593106139
2000-01-11 17:00:00.000000000,974,Pedro,0.7848374238255025,-0.9982834042471738
2000-01-11 23:30:00.000000000,949,Pedro,0.5661963868027446,0.5811754115301353
2000-01-12 02:30:00.000000000,1015,Pedro,0.05110518295619526,-0.8125734880565956
2000-01-12 03:00:00.000000000,1015,Pedro,0.990049466159217,-0.01718832365047107
2000-01-12 05:00:00.000000000,1005,Pedro,0.3263238827157324,0.32393569361023333
2000-01-12 07:00:00.000000000,1007,Pedro,-0.7512440245866476,0.5259424234613044
2000-01-12 08:30:00.000000000,1045,Pedro,-0.3520670718729675,0.522508958308098
2000-01-12 10:30:00.000000000,1029,Pedro,0.6246348376144757,0.8613964385138684
2000-01-12 12:30:00.000000000,1052,Pedro,-0.7736606539356219,-0.7387631498257559
2000-01-12 13:30:00.000000000,975,Pedro,0.8068127466892807,-0.4882321722999261
2000-01-12 16:45:00.000000000,1001,Pedro,0.34047103668531875,-0.07398172238240508
2000-01-12 18:45:00.000000000,949,Pedro,0.013846047553426777,0.2611994439786747
2000-01-12 20:15:00.000000000,980,Pedro,-0.9440008536174185,0.8583812765661614
2000-01-12 21:00:00.000000000,1046,Pedro,0.3604060110232383,0.4506837647027675
2000-01-13 00:45:00.000000000,1012,Pedro,0.907721893733064,-0.15345004938196705
2000-01-13 02:15:00.000000000,1019,Pedro,-0.792333745476463,0.7642297145598433
2000-01-13 03:00:00.000000000,1052,Pedro,-0.23801897662372173,-0.49535777416664883
2000-01-13 03:15:00.000000000,982,Pedro,-0.7133659124110321,0.3053965252873907
2000-01-13 04:15:00.000000000,1020,Pedro,0.6325348875868397,-0.7393482242216596
2000-01-13 05:45:00.000000000,1041,Pedro,-0.07304329200592541,-0.513896543177994
2000-01-13 06:00:00.000000000,957,Pedro,0.7203671064855819,0.22790838447536288
2000-01-13 08:45:00.000000000,1043,Pedro,0.5851543657084597,-0.8221163566545648
2000-01-13 09:15:00.000000000,986,Pedro,-0.8503900395995607,0.5345092488245511
2000-01-13 11:30:00.000000000,916,Pedro,0.3465468089594985,-0.8240501288325437
2000-01-13 13:30:00.000000000,1006,Pedro,-0.7310949030335872,0.5154056775855227
2000-01-13 15:45:00.000000000,905,Pedro,-0.36555831266918926,-0.9779403744869832
2000-01-13 16:15:00.000000000,1030,Pedro,-0.3940449103151378,-0.16577547585410524
2000-01-13 21:00:00.000000000,1012,Pedro,-0.8220456137218071,-0.6871524084716334
2000-01-13 21:45:00.000000000,957,Pedro,-0.6037300553446856,-0.13621923564532068
2000-01-14 00:30:00.000000000,1002,Pedro,0.8068067769011424,-0.8831165343726903
2000-01-14 01:30:00.000000000,975,Pedro,0.24168103966379517,0.3761888820934287
2000-01-14 02:30:00.000000000,1006,Pedro,-0.8362778515686446,-0.9917722804198181
2000-01-14 02:45:00.000000000,984,Pedro,0.550160569012466,-0.9178922858708225
2000-01-14 03:15:00.000000000,1020,Pedro,0.22559558819680747,0.2933900427456593
2000-01-14 04:45:00.000000000,975,Pedro,0.38772286371651465,-0.5221004185966962
2000-01-14 05:15:00.000000000,995,Pedro,0.9645221433626641,-0.6600500636403221
2000-01-14 06:30:00.000000000,1037,Pedro,-0.587302450882341,-0.061610802787202656
2000-01-14 06:45:00.000000000,1036,Pedro,-0.8795224536752602,0.8525419449239964
2000-01-14 07:45:00.000000000,1024,Pedro,-0.8028843841341264,-0.3897677922855478
2000-01-14 08:15:00.000000000,1016,Pedro,0.13051246389744775,0.35503855154111363
2000-01-14 12:00:00.000000000,949,Pedro,0.7912988044709814,0.7245075082399375
2000-01-14 12:15:00.000000000,1004,Pedro,-0.7757925882420991,-0.40648851795987806
2000-01-14 12:45:00.000000000,1011,Pedro,0.30430960773559534,0.278522934977407
2000-01-14 13:15:00.000000000,967,Pedro,0.3244189095854477,-0.11395931788019431
2000-01-14 14:00:00.000000000,986,Pedro,-0.8131461262789779,-0.21872355695129397
2000-01-14 15:00:00.000000000,1046,Pedro,-0.15910212429180204,-0.4885399595980653
2000-01-14 17:45:00.000000000,1024,Pedro,0.621774457919082,-0.3723098967543428
2000-01-14 21:15:00.000000000,1044,Pedro,0.4273037325514022,0.5653432361397144
2000-01-14 23:30:00.000000000,1050,Pedro,-0.7027864789359133,0.35546598752172254
2000-01-15 00:00:00.000000000,1017,Pedro,-0.05454852593957282,-0.2948857241149474
2000-01-15 01:30:00.000000000,953,Pedro,0.23913045752234408,-0.6942180223345433
2000-01-15 02:30:00.000000000,993,Pedro,-0.8665017861105584,0.5502922508640353
2000-01-15 03:30:00.000000000,1007,Pedro,0.4668301505634809,-0.08453794800838699
2000-01-15 04:15:00.000000000,987,Pedro,0.7490352669153155,0.3250371377169148
2000-01-15 05:30:00.000000000,1003,Pedro,-0.3779775338144513,-0.4491082252281777
2000-01-15 07:00:00.000000000,1029,Pedro,-0.8964656326726856,-0.32960816196493514
2000-01-15 09:30:00.000000000,980,Pedro,-0.7567919160652745,0.19198412979717716
2000-01-15 10:45:00.000000000,972,Pedro,0.4232625001078407,0.34782153033079566
2000-01-15 11:30:00.000000000,1045,Pedro,-0.10602625694752055,-0.2905874750295301
2000-01-15 13:15:00.000000000,957,Pedro,-0.5236848851569542,0.24800054357743373
2000-01-15 16:15:00.000000000,993,Pedro,-0.9069309830829109,-0.4443165426122453
2000-01-15 17:00:00.000000000,1009,Pedro,-0.4723894746553732,-0.6618978080018512
2000-01-15 17:15:00.000000000,981,Pedro,0.3177537438637956,0.9539477069375786
2000-01-15 17:45:00.000000000,946,Pedro,0.7252853231272303,-0.46667078265313355
2000-01-15 18:00:00.000000000,995,Pedro,-0.7289020873277341,-0.8952232141300063
2000-01-15 18:45:00.000000000,992,Pedro,0.3256514967090094,-0.6178488218411695
2000-01-15 20:00:00.000000000,1013,Pedro,-0.15282331879067113,0.3227323674564624
2000-01-15 20:15:00.000000000,989,Pedro,-0.8272212683292766,-0.639340253906785
2000-01-16 00:00:00.000000000,1009,Pedro,0.6320022675491757,-0.39108757313666875
2000-01-16 00:15:00.000000000,1009,Pedro,0.10139918551361582,0.011080505064146484
2000-01-16 00:45:00.000000000,985,Pedro,-0.1339401973812795,-0.1818694285426421
2000-01-16 01:30:00.000000000,995,Pedro,-0.21975201655402055,0.2734057598358888
2000-01-16 04:45:00.000000000,1056,Pedro,0.8178653363530204,-0.8732244305037458
2000-01-16 05:15:00.000000000,994,Pedro,-0.8809799677470849,0.5295803100044092
2000-01-16 07:15:00.000000000,995,Pedro,-0.983608870092378,-0.013081159863095548
2000-01-16 09:45:00.000000000,996,Pedro,0.5882206507209404,-0.32034628467963033
2000-01-16 10:00:00.000000000,1014,Pedro,0.19266314216792968,0.287659689639604
2000-01-16 12:30:00.000000000,980,Pedro,0.45209585083173875,-0.830280258348306
2000-01-16 13:15:00.000000000,957,Pedro,0.05843086154108579,0.9684676221910149
2000-01-16 16:30:00.000000000,1004,Pedro,-0.32137002382880087,-0.11903539141062347
2000-01-16 22:00:00.000000000,1023,Pedro,-0.34348619319800555,0.1251235562248989
2000-01-16 23:30:00.000000000,1050,Pedro,0.1358347647897502,0.12118501794855563
2000-01-16 23:45:00.000000000,930,Pedro,0.9657455942803808,-0.890897657531071
2000-01-17 01:30:00.000000000,959,Pedro,0.7465301955065675,-0.6932149641485559
2000-01-17 02:15:00.000000000,941,Pedro,-0.7429557161075921,-0.7228625368536963
2000-01-17 02:30:00.000000000,1050,Pedro,0.9594780860128567,-0.4143358767652445
2000-01-17 02:45:00.000000000,1019,Pedro,-0.3016018430286054,0.6196821327393789
2000-01-17 07:00:00.000000000,945,Pedro,-0.6253141193633622,-0.7339799401534985
2000-01-17 08:45:00.000000000,1001,Pedro,-0.18681163865449602,-0.5679075744026847
2000-01-17 09:45:00.000000000,955,Pedro,-0.12219803771963567,0.7015511498660709
2000-01-17 11:00:00.000000000,1043,Pedro,-0.8921080570297548,-0.4320900997064321
2000-01-17 12:45:00.000000000,1025,Pedro,0.5968568990230216,-0.4867925170349725
2000-01-17 13:15:00.000000000,986,Pedro,-0.468991197857497,0.33983137578466716
2000-01-17 15:00:00.000000000,970,Pedro,-0.7303179643681323,-0.5676148610669656
2000-01-17 16:00:00.000000000,1022,Pedro,0.9163377501526278,-0.505264634533356
2000-01-17 20:15:00.000000000,984,Pedro,0.9595053108808063,0.00928485851035954
2000-01-17 21:15:00.000000000,981,Pedro,-0.8528205973287188,-0.4430994258487184
2000-01-17 23:00:00.000000000,1009,Pedro,-0.2796846772061341,-0.13168074812672947
2000-01-17 23:15:00.000000000,1014,Pedro,-0.721532205715038,-0.9255130961251699
2000-01-17 23:30:00.000000000,1015,Pedro,-0.19047325547298422,-0.5450991474372591
2000-01-18 01:30:00.000000000,983,Pedro,0.11924849984615693,-0.5312192303755277
2000-01-18 05:00:00.000000000,1001,Pedro,-0.13928068233953805,-0.3674721405513952
2000-01-18 05:15:00.000000000,940,Pedro,0.1531448266505655,-0.4098247892200433
2000-01-18 07:15:00.000000000,989,Pedro,0.7822985457604978,-0.9135373369765105
2000-01-18 09:00:00.000000000,1020,Pedro,0.1845555055073127,-0.0994347160202913
2000-01-18 12:00:00.000000000,1010,Pedro,0.9412959437826272,-0.5439922782417022
2000-01-18 12:45:00.000000000,986,Pedro,0.1973832640876727,0.5624902452913265
2000-01-18 15:00:00.000000000,1007,Pedro,0.540009005620119,0.2232737447032973
2000-01-18 15:15:00.000000000,1004,Pedro,-0.7008472564541706,0.2902597241740603
2000-01-18 16:00:00.000000000,969,Pedro,0.3316308129866159,0.44150583530737886
2000-01-18 18:15:00.000000000,956,Pedro,-0.8900548018102445,0.4230716429139654
2000-01-18 20:15:00.000000000,978,Pedro,-0.5760134754585253,0.5741055398148576
2000-01-19 00:30:00.000000000,993,Pedro,-0.9530209477507734,-0.4821656691890459
2000-01-19 00:45:00.000000000,992,Pedro,-0.37458256998936124,-0.15007308167126254
2000-01-19 01:30:00.000000000,968,Pedro,-0.7530674615999087,-0.25827401020673535
2000-01-19 02:00:00.000000000,989,Pedro,0.7342597501740069,-0.2947789382868966
2000-01-19 04:15:00.000000000,985,Pedro,0.06515403959731048,-0.4749475600977493
2000-01-19 05:00:00.000000000,974,Pedro,-0.8164244294236354,0.36527799812620976
2000-01-19 05:15:00.000000000,978,Pedro,-0.06890787944458032,-0.5797575290643426
2000-01-19 07:30:00.000000000,1028,Pedro,0.7768976714671729,-0.7839332442114815
2000-01-19 08:45:00.000000000,1007,Pedro,0.9670346567691921,-0.03699009585613022
2000-01-19 09:00:00.000000000,949,Pedro,-0.7826436138333717,-0.20349812480929153
2000-01-19 22:45:00.000000000,1012,Pedro,0.284861679307288,-0.47958251104677974
2000-01-19 23:30:00.000000000,981,Pedro,0.7093835674115423,0.6599528690997858
2000-01-20 00:15:00.000000000,977,Pedro,-0.5088433041385745,-0.7910704860297304
2000-01-20 01:30:00.000000000,967,Pedro,-0.47519477743382565,-0.12796403583435945
2000-01-20 01:45:00.000000000,983,Pedro,0.5572388793830252,-0.8706763297896809
2000-01-20 03:45:00.000000000,1006,Pedro,0.08490974024302478,0.08987985243208763
2000-01-20 08:45:00.000000000,998,Pedro,-0.7350005520278642,0.923461460142569
2000-01-20 09:30:00.000000000,992,Pedro,0.7376371043139585,0.5055567768113789
2000-01-20 10:00:00.000000000,983,Pedro,-0.5258551705265995,-0.8728325850676393
2000-01-20 12:15:00.000000000,994,Pedro,-0.23428339530870823,0.446056878691119
2000-01-20 14:15:00.000000000,924,Pedro,-0.7992282109438513,-0.9754946483661264
2000-01-20 16:15:00.000000000,1037,Pedro,0.08302074978454699,-0.234771365796679
2000-01-20 18:00:00.000000000,973,Pedro,-0.7370407899946796,-0.1859364578999969
2000-01-20 19:30:00.000000000,1015,Pedro,-0.8616131911311486,0.6043996852099665
2000-01-20 20:30:00.000000000,1006,Pedro,0.3404584636251038,0.03744246701060994
2000-01-20 21:30:00.000000000,1034,Pedro,0.9602767081235619,0.9155074823266842
2000-01-21 01:30:00.000000000,995,Pedro,-0.16350885805727366,0.7180513390246404
2000-01-21 04:00:00.000000000,1003,Pedro,-0.19693883487284314,-0.9288474249936909
2000-01-21 05:00:00.000000000,1010,Pedro,0.12722589327970102,-0.1934242639600754
2000-01-21 07:00:00.000000000,1040,Pedro,-0.334044638076183,0.6134559832315964
2000-01-21 08:00:00.000000000,1044,Pedro,0.2927355025566325,-0.8612192078200902
2000-01-21 09:00:00.000000000,1016,Pedro,-0.20802933330210682,0.38354450591534284
2000-01-21 09:30:00.000000000,957,Pedro,-0.8009574222149689,0.2652296913610903
2000-01-21 10:00:00.000000000,936,Pedro,-0.8512278074343445,0.8617538409420491
2000-01-21 11:15:00.000000000,945,Pedro,0.292413488555886,0.11398451758299788
2000-01-21 13:15:00.000000000,936,Pedro,0.6184921913467261,-0.5730155029066488
2000-01-21 13:30:00.000000000,1011,Pedro,0.9646011543217914,0.41867994518952933
2000-01-21 13:45:00.000000000,995,Pedro,0.8135928506078862,-0.6644672626562227
2000-01-21 14:30:00.000000000,993,Pedro,-0.3738616151276073,0.19497412569800687
2000-01-21 18:15:00.000000000,1007,Pedro,-0.9843951888089484,-0.012373138071922973
2000-01-21 20:00:00.000000000,997,Pedro,-0.07490278008745466,0.5717121770916884
2000-01-22 00:00:00.000000000,1057,Pedro,0.8233997175290533,0.4743554365492815
2000-01-22 02:15:00.000000000,986,Pedro,-0.3367497560495585,0.7202161386642367
2000-01-22 03:30:00.000000000,999,Pedro,0.6180477916280223,0.6628728432668254
2000-01-22 03:45:00.000000000,1037,Pedro,0.9113312515197192,-0.5640823298073687
2000-01-22 08:45:00.000000000,994,Pedro,0.13040719247007027,0.9923096925683017
2000-01-22 09:15:00.000000000,1008,Pedro,-0.23561727822469725,0.4075297171957668
2000-01-22 10:45:00.000000000,995,Pedro,0.4033958296370841,0.9931203187260356
2000-01-22 12:30:00.000000000,945,Pedro,0.3184682625286963,0.00405183327565628
2000-01-22 13:45:00.000000000,994,Pedro,-0.7225413363055886,0.1083287356702547
2000-01-22 17:15:00.000000000,1054,Pedro,0.947134094056207,0.06479097483460916
2000-01-22 19:00:00.000000000,987,Pedro,0.7906677433215725,-0.9552238950666339
2000-01-22 19:15:00.000000000,996,Pedro,0.5815027622157256,-0.9915255633721194
2000-01-22 20:45:00.000000000,1024,Pedro,-0.45553051984265136,-0.5538442351857242
2000-01-22 21:00:00.000000000,984,Pedro,-0.2524033112562454,0.5812435778514919
2000-01-22 21:30:00.000000000,1011,Pedro,0.7230709302354308,-0.5537503993534092
2000-01-22 22:00:00.000000000,991,Pedro,0.24442490787710103,0.7586017879882914
2000-01-23 00:30:00.000000000,974,Pedro,-0.49753895204806,0.03573153717074873
2000-01-23 01:30:00.000000000,1015,Pedro,-0.8929323908851909,0.8427649660661118
2000-01-23 02:15:00.000000000,1026,Pedro,0.7709877572990291,0.9963828041432676
2000-01-23 03:45:00.000000000,963,Pedro,0.6136675422482587,0.4422147639838747
2000-01-23 05:00:00.000000000,996,Pedro,0.17962835565440116,0.06436902103358677
2000-01-23 08:15:00.000000000,1082,Pedro,-0.4775785090964375,-0.47171127659399903
2000-01-23 10:30:00.000000000,1007,Pedro,0.4290812991020836,0.01857750145550585
2000-01-23 11:45:00.000000000,1011,Pedro,0.6190684038106349,0.968519803326005
2000-01-23 12:00:00.000000000,997,Pedro,0.9450473956037986,0.6306982724642693
2000-01-23 12:15:00.000000000,999,Pedro,0.7328142740628563,-0.3418427246362159
2000-01-23 14:45:00.000000000,1001,Pedro,-0.341607928761124,-0.9489723565001029
2000-01-23 17:15:00.000000000,1070,Pedro,-0.1628192659577834,0.05129314584293665
2000-01-23 19:45:00.000000000,1072,Pedro,-0.060447233105383136,-0.24858123146587774
2000-01-23 20:30:00.000000000,962,Pedro,-0.23375844094769072,-0.8113702325203254
2000-01-23 21:30:00.000000000,1010,Pedro,0.8587314415110352,-0.36587291541212874
2000-01-23 23:30:00.000000000,1018,Pedro,-0.08787411205501527,-0.4642647195444707
2000-01-24 03:45:00.000000000,1015,Pedro,0.38195070865284664,0.48960992873043274
2000-01-24 04:00:00.000000000,981,Pedro,0.1639311124663283,-0.6691066775304872
2000-01-24 07:15:00.000000000,997,Pedro,0.8760105906604521,0.09178034442245253
2000-01-24 08:45:00.000000000,950,Pedro,-0.3557579352756155,-0.0013144116941086192
2000-01-24 13:30:00.000000000,1056,Pedro,-0.13854842688300173,-0.5916423245968632
2000-01-24 13:45:00.000000000,1051,Pedro,0.8324948633163354,-0.30669909298753173
2000-01-24 14:00:00.000000000,989,Pedro,0.3980071471601654,-0.8555276416795965
2000-01-24 14:30:00.000000000,998,Pedro,0.09932910205463297,0.5310735836187508
2000-01-24 18:15:00.000000000,1004,Pedro,-0.40358674100699643,0.07896593878300351
2000-01-24 20:30:00.000000000,973,Pedro,-0.7356860940933962,-0.66634418237035
2000-01-24 23:15:00.000000000,992,Pedro,0.3228627412360632,-0.24908271876838017
2000-01-24 23:30:00.000000000,1012,Pedro,-0.581117037994044,0.4329710397091999
2000-01-25 00:00:00.000000000,955,Pedro,0.7297344445739933,-0.9247506471363978
2000-01-25 03:00:00.000000000,975,Pedro,-0.23103039587783303,-0.334507072815279
2000-01-25 03:30:00.000000000,992,Pedro,-0.5429244036854337,-0.062154223287809174
2000-01-25 03:45:00.000000000,1022,Pedro,-0.08845362464498763,0.11124734976517958
2000-01-25 04:00:00.000000000,960,Pedro,0.7092997746191063,-0.2956683948519032
2000-01-25 05:00:00.000000000,961,Pedro,0.8215271832438837,-0.9671977693974017
2000-01-25 06:00:00.000000000,1063,Pedro,0.8372657444794029,0.7792601300362645
2000-01-25 12:00:00.000000000,1012,Pedro,0.6958081666195601,0.36626474723633184
2000-01-25 13:00:00.000000000,997,Pedro,0.20864910679239945,-0.261945837288996
2000-01-25 13:45:00.000000000,1027,Pedro,0.7347218331164034,-0.9665481575589094
2000-01-25 17:00:00.000000000,1014,Pedro,0.6398165796448256,-0.1929693236238157
2000-01-25 18:00:00.000000000,1043,Pedro,-0.6598098748729448,0.9444227195114046
2000-01-25 19:45:00.000000000,996,Pedro,-0.2461087984659298,0.37465405875397506
2000-01-25 22:45:00.000000000,981,Pedro,0.7522398356663238,-0.36101979502308
2000-01-26 00:00:00.000000000,976,Pedro,0.015208070528022644,-0.658317885508557
2000-01-26 02:00:00.000000000,1017,Pedro,0.8590562185627726,-0.907231253934037
2000-01-26 03:45:00.000000000,998,Pedro,-0.5425527448562915,0.308805338199601
2000-01-26 05:15:00.000000000,1000,Pedro,0.47237063328912354,0.595724180577295
2000-01-26 05:30:00.000000000,1020,Pedro,-0.4113083119077956,-0.14637376768541355
2000-01-26 08:00:00.000000000,1023,Pedro,0.30178335581073235,0.639128937934256
2000-01-26 10:00:00.000000000,1040,Pedro,0.8367273068980394,0.22160546038552154
2000-01-26 11:30:00.000000000,956,Pedro,0.12667768762896192,-0.10774618368908362
2000-01-26 11:45:00.000000000,1036,Pedro,0.6374524935921697,-0.6925324903601986
2000-01-26 12:00:00.000000000,984,Pedro,0.21146563756638415,-0.45447052918607667
2000-01-26 13:30:00.000000000,1039,Pedro,0.28955956866586097,0.6974031456795717
2000-01-26 13:45:00.000000000,1064,Pedro,-0.41519231118607625,0.6763051415307144
2000-01-26 15:15:00.000000000,1031,Pedro,-0.28259257413566585,0.8943242579384065
2000-01-26 18:15:00.000000000,988,Pedro,0.4730279287503911,-0.30705720674243975
2000-01-26 19:30:00.000000000,1039,Pedro,0.9287182212632141,-0.4566297387973526
2000-01-26 21:15:00.000000000,928,Pedro,0.7589022878949168,-0.30120976101882113
2000-01-26 21:30:00.000000000,988,Pedro,0.2418337219501383,-0.2175433390938697
2000-01-26 21:45:00.000000000,972,Pedro,0.6429723338638627,-0.9176520404292037
2000-01-27 00:00:00.000000000,1033,Pedro,0.6821593102600143,0.413804833468447
2000-01-27 00:15:00.000000000,1032,Pedro,0.7023470408226347,0.7495568037506137
2000-01-27 02:00:00.000000000,994,Pedro,-0.6787533016074832,-0.05861521615592635
2000-01-27 02:30:00.000000000,1034,Pedro,0.21554017858176966,0.826658428725161
2000-01-27 04:00:00.000000000,1017,Pedro,-0.9211609828810494,0.3533050992760509
2000-01-27 07:45:00.000000000,1028,Pedro,-0.6017157724938356,0.7118843971262543
2000-01-27 09:45:00.000000000,986,Pedro,0.47832603804905616,0.9683682955605384
2000-01-27 10:00:00.000000000,1023,Pedro,0.9153199166919004,0.9651680793377369
2000-01-27 10:15:00.000000000,1059,Pedro,0.13834449740469879,0.9644730108285149
2000-01-27 10:45:00.000000000,1039,Pedro,0.6764765692618073,-0.48147500865331483
2000-01-27 11:30:00.000000000,948,Pedro,0.853385352046258,0.3753333430255297
2000-01-27 12:00:00.000000000,1001,Pedro,-0.3980516434436052,0.1840892893372874
2000-01-27 12:30:00.000000000,1018,Pedro,-0.16324279340939096,0.35457528312977926
2000-01-27 18:00:00.000000000,1003,Pedro,0.9793106934312623,-0.3246216663471344
2000-01-27 18:15:00.000000000,1075,Pedro,0.4304116066252499,0.961596842543702
2000-01-27 20:30:00.000000000,1016,Pedro,-0.7674427408916433,-0.4142849793621599
2000-01-27 22:15:00.000000000,1016,Pedro,-0.9781793501965037,-0.3475508500562041
2000-01-27 22:45:00.000000000,979,Pedro,-0.038952386633023695,-0.44096366116372887
2000-01-27 23:00:00.000000000,945,Pedro,0.07754887040706793,-0.8571520489568756
2000-01-28 00:15:00.000000000,950,Pedro,-0.9743840110012412,0.6102778332125844
2000-01-28 01:00:00.000000000,967,Pedro,0.11262201693338136,0.9635487701926131
2000-01-28 01:15:00.000000000,1020,Pedro,-0.23269536786145584,-0.24829847740344335
2000-01-28 08:15:00.000000000,1032,Pedro,-0.07832547904260756,-0.6464297007218176
2000-01-28 09:30:00.000000000,977,Pedro,-0.5064632093714525,0.16104183586114074
2000-01-28 11:15:00.000000000,987,Pedro,0.9958213052851421,0.14168009959653793
2000-01-28 12:15:00.000000000,1014,Pedro,0.7638584043513863,0.9159556454583084
2000-01-28 13:00:00.000000000,987,Pedro,0.7339441749427769,-0.6510865745103116
2000-01-28 14:45:00.000000000,1018,Pedro,0.734969736947237,-0.4577878255157686
2000-01-28 17:00:00.000000000,998,Pedro,-0.7903203654925239,0.5526105993507353
2000-01-28 18:00:00.000000000,974,Pedro,0.47480251222265824,-0.5870662371125133
2000-01-28 18:15:00.000000000,1021,Pedro,-0.2922848634294337,-0.21161476308576144
2000-01-28 18:45:00.000000000,1006,Pedro,0.9182406728468928,0.14996490667535256
2000-01-28 19:15:00.000000000,974,Pedro,0.16599962111901356,-0.9395555243028284
2000-01-28 20:30:00.000000000,1000,Pedro,0.362321443937218,-0.3881119720264643
2000-01-28 21:45:00.000000000,999,Pedro,0.3088104132396181,0.7583458452688836
2000-01-28 22:00:00.000000000,1016,Pedro,0.6084982170857736,-0.35043563829865754
2000-01-28 23:15:00.000000000,1071,Pedro,0.8076851277940524,0.055574205499502316
2000-01-29 01:00:00.000000000,966,Pedro,-0.05234629886855213,-0.23323702593341955
2000-01-29 02:00:00.000000000,962,Pedro,0.9342521634772778,-0.9548911974125189
2000-01-29 03:45:00.000000000,1008,Pedro,0.4266576428800457,-0.033794635398116224
2000-01-29 04:30:00.000000000,993,Pedro,0.937076708825404,0.9999987376489248
2000-01-29 05:15:00.000000000,958,Pedro,-0.4156027999501237,-0.5515721169937444
2000-01-29 06:00:00.000000000,1077,Pedro,-0.4280659183728426,-0.8844719314109055
2000-01-29 06:45:00.000000000,1045,Pedro,-0.20812405568819115,-0.6330700344407558
2000-01-29 09:45:00.000000000,956,Pedro,-0.794702091919669,0.02624869222064863
2000-01-29 11:30:00.000000000,1011,Pedro,-0.7366526104246849,-0.13681513072364626
2000-01-29 13:30:00.000000000,986,Pedro,0.27722073866759267,-0.8149261034602622
2000-01-29 14:45:00.000000000,1017,Pedro,-0.973392966001275,0.7777571993552115
2000-01-29 21:15:00.000000000,1019,Pedro,-0.7084764627613582,0.9620889101304693
2000-01-30 00:30:00.000000000,1004,Pedro,0.5004819640688125,0.7826783401851425
2000-01-30 02:15:00.000000000,950,Pedro,0.9304554930774787,0.459261252397122
2000-01-30 07:00:00.000000000,1041,Pedro,-0.6279514263849113,-0.1895723340877722
2000-01-30 07:45:00.000000000,1046,Pedro,-0.09935918115406439,0.4818075156720334
2000-01-30 08:30:00.000000000,1000,Pedro,0.26721158914668486,0.16729508908505908
2000-01-30 08:45:00.000000000,1038,Pedro,-0.24084799696620784,-0.70142865222047
2000-01-30 09:00:00.000000000,981,Pedro,0.19488854861749316,-0.5030872877427732
2000-01-30 09:45:00.000000000,962,Pedro,-0.49700447902304257,0.21801986340877044
2000-01-30 10:45:00.000000000,1014,Pedro,-0.1748327273627781,0.9833614766681174
2000-01-30 13:45:00.000000000,994,Pedro,-0.33987877945396483,-0.47413478925509844
2000-01-30 17:00:00.000000000,1016,Pedro,-0.05078363165997013,0.3660035375013031
2000-01-30 18:45:00.000000000,1042,Pedro,-0.9767332816990295,0.18999312024757953
2000-01-30 19:30:00.000000000,1044,Pedro,-0.5392234310256545,0.07171093730752087
2000-01-30 20:00:00.000000000,982,Pedro,0.15700491891756552,0.43540950678400336
2000-01-30 23:15:00.000000000,994,Pedro,0.9150437482031923,0.4750647809184807
2000-01-31 02:15:00.000000000,1049,Pedro,0.6536348818985902,-0.06938278937440456
2000-01-31 05:15:00.000000000,997,Pedro,-0.6471402508788247,0.37558777797475007
2000-01-31 05:30:00.000000000,1000,Pedro,0.5654964382034333,-0.41449171900826354
2000-01-31 06:00:00.000000000,1008,Pedro,-0.9485953982458852,-0.9163362074632477
2000-01-31 07:30:00.000000000,935,Pedro,-0.5357649631420474,-0.11893217434859338
2000-01-31 07:45:00.000000000,1026,Pedro,0.10432140074534346,-0.42259644703685595
2000-01-31 09:45:00.000000000,959,Pedro,0.2038799421278621,-0.013696584311537974
2000-01-31 12:30:00.000000000,968,Pedro,-0.621472588281071,-0.9136026114008939
2000-01-31 16:15:00.000000000,990,Pedro,-0.6334884011159738,-0.26467116707285876
2000-01-31 17:15:00.000000000,1016,Pedro,0.1589247202790529,0.4537329536788963
2000-01-31 19:00:00.000000000,1085,Pedro,-0.4789065404486288,-0.336813674803911
2000-01-31 20:45:00.000000000,984,Pedro,-0.688006085094252,-0.9613151458136968
2000-01-31 22:15:00.000000000,1012,Pedro,0.525238025498344,-0.5678497482632334
2000-01-31 22:45:00.000000000,992,Pedro,0.17807460823617083,0.7097233689889271
2000-02-01 00:30:00.000000000,1026,Pedro,-0.5032441937713703,0.4540597560783213
2000-02-01 03:00:00.000000000,1013,Pedro,0.135945678705236,-0.8483504445263488
2000-02-01 03:15:00.000000000,1025,Pedro,0.2313602410021831,0.42643663832091194
2000-02-01 04:15:00.000000000,986,Pedro,0.6101436137108363,0.6958363547945623
2000-02-01 04:30:00.000000000,1012,Pedro,-0.13096345132607667,-0.026375062229315516
2000-02-01 05:15:00.000000000,1046,Pedro,0.3818298819927022,0.13641910462475426
2000-02-01 07:00:00.000000000,1037,Pedro,0.5786116224105569,-0.07236883326139165
2000-02-01 10:30:00.000000000,1042,Pedro,-0.6230766232178959,0.9164517885233199
2000-02-01 11:00:00.000000000,1003,Pedro,-0.2023933368458919,0.987507712860273
2000-02-01 13:00:00.000000000,1004,Pedro,-0.24057919415373452,0.05397523494419221
2000-02-01 13:15:00.000000000,1013,Pedro,-0.1338354684986094,0.559962027086587
2000-02-01 14:15:00.000000000,982,Pedro,0.9858107328017378,-0.23509364938113042
2000-02-01 15:30:00.000000000,1001,Pedro,-0.7764126885557114,0.22540182190376545
2000-02-01 16:00:00.000000000,996,Pedro,-0.2593533470452414,0.7467025405869807
2000-02-01 16:15:00.000000000,1010,Pedro,-0.42991946688597094,-0.011244932710801514
2000-02-01 17:15:00.000000000,981,Pedro,-0.666746378301825,0.2568004009928422
2000-02-01 17:30:00.000000000,967,Pedro,-0.21639852917110747,-0.5808181527843159
2000-02-01 18:45:00.000000000,992,Pedro,-0.018102773412141504,0.27200162916849546
2000-02-01 21:15:00.000000000,1018,Pedro,-0.6155302954840522,-0.7008770388065402
2000-02-01 21:30:00.000000000,973,Pedro,0.4573653065363179,-0.2570534787249237
2000-02-02 02:45:00.000000000,1004,Pedro,-0.3630208510797013,-0.39061292025814187
2000-02-02 04:15:00.000000000,1019,Pedro,0.9720226979546005,-0.6930445694270211
2000-02-02 05:30:00.000000000,961,Pedro,-0.4237634370175074,0.5268909439324221
2000-02-02 06:15:00.000000000,1001,Pedro,-0.7007357592688956,0.34930946798094653
2000-02-02 07:00:00.000000000,996,Pedro,-0.6519318001019847,-0.654591799295593
2000-02-02 07:45:00.000000000,1063,Pedro,-0.7733773184083486,-0.9030587813362425
2000-02-02 09:15:00.000000000,1045,Pedro,0.0336265507087532,0.6289340781997159
2000-02-02 09:30:00.000000000,1017,Pedro,0.4552249623092708,0.10557242309946413
2000-02-02 12:30:00.000000000,972,Pedro,0.718774996431861,-0.253638322722052
2000-02-02 14:15:00.000000000,971,Pedro,0.28314414064511717,-0.9670154005661551
2000-02-02 16:00:00.000000000,970,Pedro,-0.986807013038929,0.4687372466876305
2000-02-02 16:15:00.000000000,1039,Pedro,0.5409887316012025,-0.053679640580977184
2000-02-02 16:45:00.000000000,987,Pedro,-0.5671318924988988,0.26452271693688956
2000-02-02 19:30:00.000000000,963,Pedro,-0.8799111740781123,0.4666993017422254
2000-02-02 19:45:00.000000000,1032,Pedro,-0.2670708047673873,-0.8616231653467041
2000-02-02 20:30:00.000000000,1018,Pedro,0.1907423903077614,-0.4169275591951047
2000-02-02 21:00:00.000000000,1049,Pedro,-0.27097857146113435,0.02668591176770807
2000-02-03 00:30:00.000000000,1055,Pedro,-0.7444980915953912,-0.85167211253248
2000-02-03 01:00:00.000000000,1008,Pedro,0.9671900575180381,0.1189326583919228
2000-02-03 02:30:00.000000000,977,Pedro,0.7469036261484796,0.7888674550569887
2000-02-03 03:30:00.000000000,973,Pedro,-0.7733323378182761,0.5082923818121081
2000-02-03 07:00:00.000000000,1019,Pedro,-0.1911529399619334,-0.6571857070716403
2000-02-03 07:15:00.000000000,941,Pedro,-0.10087776275830862,-0.8993075814030442
2000-02-03 08:30:00.000000000,964,Pedro,0.09527216831798069,0.6263418431354808
2000-02-03 11:15:00.000000000,975,Pedro,0.15667048257292104,-0.7191893305375727
2000-02-03 11:45:00.000000000,1036,Pedro,0.8060515726964574,-0.5598116892186018
2000-02-03 12:30:00.000000000,1018,Pedro,-0.22974734930464114,0.9477572954918558
2000-02-03 14:45:00.000000000,969,Pedro,0.8808678449067708,-0.8943548817701366
2000-02-03 17:30:00.000000000,1006,Pedro,-0.9594292779166762,0.11197859068991978
2000-02-03 21:00:00.000000000,1005,Pedro,0.38875424137870795,-0.32885512164681363
2000-02-04 01:00:00.000000000,1043,Pedro,0.9512536705028727,0.6470380086679139
2000-02-04 03:15:00.000000000,928,Pedro,0.288829744620376,0.42241424553818563
2000-02-04 05:00:00.000000000,1001,Pedro,0.557346553059572,0.4015172249472585
2000-02-04 05:30:00.000000000,972,Pedro,0.940397910723999,0.276917446772065
2000-02-04 09:15:00.000000000,965,Pedro,0.9395014457256763,-0.9670445172858946
2000-02-04 12:45:00.000000000,953,Pedro,-0.5270199914571503,0.520387360722665
2000-02-04 14:00:00.000000000,953,Pedro,-0.4588716667507291,0.6866199761204475
2000-02-04 18:15:00.000000000,945,Pedro,-0.18581905212506533,0.8684328653199389
2000-02-04 19:00:00.000000000,980,Pedro,-0.793932123638829,0.9147428242523483
2000-02-04 21:45:00.000000000,947,Pedro,0.9323994515289324,0.7286194610161993
2000-02-04 22:15:00.000000000,988,Pedro,0.26668263345534715,0.8098492406669178
2000-02-04 22:30:00.000000000,1001,Pedro,-0.00024572821881085893,-0.8845361434038106
2000-02-04 23:15:00.000000000,982,Pedro,-0.572017891783767,0.2756847575759658
2000-02-05 01:15:00.000000000,1020,Pedro,-0.7456224426474107,-0.40832858666964
2000-02-05 11:00:00.000000000,974,Pedro,-0.6067795149133248,-0.2746264909381144
2000-02-05 13:30:00.000000000,1016,Pedro,-0.060316054528085195,-0.6588993454021204
2000-02-05 13:45:00.000000000,992,Pedro,0.11700860258216883,-0.12223838146225297
2000-02-05 16:00:00.000000000,1014,Pedro,-0.08155356993439589,0.3314364719803804
2000-02-05 16:30:00.000000000,936,Pedro,0.10180759535911288,0.1614946084279536
2000-02-05 17:15:00.000000000,982,Pedro,-0.3158299301599188,-0.5987942062694185
2000-02-05 19:00:00.000000000,994,Pedro,0.5382417651420042,-0.1325890605675497
2000-02-05 19:30:00.000000000,984,Pedro,0.9431447102525936,0.7057644115994062
2000-02-05 20:15:00.000000000,992,Pedro,-0.08350777400901754,-0.1717578628373262
2000-02-05 21:00:00.000000000,970,Pedro,-0.45111798059475006,0.489156921429579
2000-02-05 23:15:00.000000000,994,Pedro,0.9277562663745158,-0.7523818515044107
2000-02-05 23:30:00.000000000,993,Pedro,-0.9530287320591109,0.03499761123930645
2000-02-06 00:15:00.000000000,1056,Pedro,0.1944322972704693,0.9744021911834757
2000-02-06 00:30:00.000000000,960,Pedro,0.24237185519057647,0.07425165223170227
2000-02-06 02:15:00.000000000,1018,Pedro,0.9862944674622227,0.8238256748441148
2000-02-06 02:30:00.000000000,999,Pedro,-0.5763037051118765,-0.8707453094827116
2000-02-06 03:15:00.000000000,1022,Pedro,0.9508693703448028,0.5882768572371697
2000-02-06 03:45:00.000000000,985,Pedro,0.9261848533084458,-0.841211314891642
2000-02-06 04:45:00.000000000,999,Pedro,0.2235773146395612,-0.10740474747107642
2000-02-06 05:00:00.000000000,987,Pedro,-0.9591241595910598,-0.45240881743892447
2000-02-06 05:30:00.000000000,1023,Pedro,0.3457558179161815,-0.21303939630403002
2000-02-06 06:15:00.000000000,972,Pedro,0.1461167958729246,0.35809993773545035
2000-02-06 07:15:00.000000000,1021,Pedro,0.9167187103762453,0.5702393383150972
2000-02-06 08:45:00.000000000,985,Pedro,0.340026488294805,-0.6663239473178992
2000-02-06 09:00:00.000000000,1044,Pedro,-0.1305153480074983,0.09384010575800739
2000-02-06 10:15:00.000000000,939,Pedro,0.7272675410779523,0.24536658255028265
2000-02-06 11:45:00.000000000,1004,Pedro,0.6692670183094338,0.14517614655019262
2000-02-06 13:15:00.000000000,1006,Pedro,0.43460282970855935,-0.352819721945834
2000-02-06 14:00:00.000000000,1007,Pedro,0.47167435220968046,-0.18286317253158657
2000-02-06 15:45:00.000000000,998,Pedro,0.09861883618624345,0.784075253349203
2000-02-06 17:15:00.000000000,1030,Pedro,-0.5806783226911354,0.9375129754592355
2000-02-06 17:30:00.000000000,955,Pedro,-0.5962767169701904,0.45747478715668777
2000-02-06 20:30:00.000000000,1011,Pedro,0.7189734403038661,-0.8771685499648361
2000-02-07 02:30:00.000000000,978,Pedro,0.5056070563907638,-0.13824350529770912
2000-02-07 03:00:00.000000000,1011,Pedro,-0.15762961603837455,0.46779275353967154
2000-02-07 03:45:00.000000000,944,Pedro,-0.3577250898916593,0.9807445424845631
2000-02-07 05:00:00.000000000,1037,Pedro,0.555913095050178,0.2854916798903495
2000-02-07 05:30:00.000000000,1037,Pedro,-0.4437413672430379,-0.6111492244728491
2000-02-07 07:15:00.000000000,1005,Pedro,0.7374421330230465,0.6000414661275493
2000-02-07 07:30:00.000000000,987,Pedro,0.9321210254971299,-0.14054713904111948
2000-02-07 08:00:00.000000000,1004,Pedro,0.20616012476612244,0.21520470853822427
2000-02-07 10:00:00.000000000,991,Pedro,-0.1867640284572707,-0.9139151878739424
2000-02-07 13:30:00.000000000,1021,Pedro,0.33347144807447804,0.1574285943624245
2000-02-07 14:00:00.000000000,994,Pedro,0.9888506123098428,0.41445142280469827
2000-02-07 14:15:00.000000000,980,Pedro,0.7643747488180659,-0.852982452054617
2000-02-07 15:15:00.000000000,1040,Pedro,0.39092735902506437,0.9554879578112718
2000-02-07 17:30:00.000000000,947,Pedro,0.1357059278295898,-0.8638701504776474
2000-02-07 20:45:00.000000000,977,Pedro,0.6149972943846891,-0.17121642798342784
2000-02-07 23:00:00.000000000,978,Pedro,-0.19944546177021194,-0.25257888343014123
2000-02-07 23:45:00.000000000,1036,Pedro,-0.5549310216953516,-0.6303949458568558
2000-02-08 00:00:00.000000000,991,Pedro,-0.07696435348198194,0.8532933767654509
2000-02-08 00:15:00.000000000,1004,Pedro,0.4094663878103435,0.23367679936482566
2000-02-08 01:30:00.000000000,994,Pedro,-0.05576386193107297,-0.004280938183160776
2000-02-08 02:00:00.000000000,998,Pedro,-0.1071267819423738,-0.36616587915632426
2000-02-08 02:15:00.000000000,949,Pedro,0.8969078329175175,-0.8243728424789094
2000-02-08 04:00:00.000000000,1001,Pedro,-0.7470544029279138,0.5426790249487545
2000-02-08 04:45:00.000000000,1018,Pedro,-0.12351423889296176,-0.8973282126309232
2000-02-08 05:15:00.000000000,991,Pedro,0.0421150234709915,-0.20396858041149213
2000-02-08 05:30:00.000000000,1012,Pedro,-0.6056643539877538,-0.5337682167344218
2000-02-08 06:00:00.000000000,1001,Pedro,0.14328462252195262,0.05730611558028498
2000-02-08 06:30:00.000000000,997,Pedro,-0.4244216988368732,0.7182972929550366
2000-02-08 07:30:00.000000000,1030,Pedro,-0.8714440295047476,-0.6434976361830105
2000-02-08 09:15:00.000000000,1038,Pedro,0.27486121964014054,0.756629634379675
2000-02-08 12:00:00.000000000,1049,Pedro,-0.5062143506210308,-0.613561676742661
2000-02-08 13:00:00.000000000,1032,Pedro,0.6640224606105452,0.587237585793188
2000-02-08 15:00:00.000000000,1002,Pedro,-0.9058742076002955,-0.37565941676301917
2000-02-08 17:30:00.000000000,1025,Pedro,-0.9928136902052274,-0.10149787225513185
2000-02-08 19:30:00.000000000,1007,Pedro,0.44241028314039843,0.022170207603869674
2000-02-09 01:15:00.000000000,990,Pedro,-0.3906172413888629,-0.8934922099180547
2000-02-09 02:15:00.000000000,1008,Pedro,-0.6813838112368058,0.868236350610371
2000-02-09 02:45:00.000000000,974,Pedro,0.9363137525976295,0.11916103824787827
2000-02-09 03:15:00.000000000,1008,Pedro,0.8190872679668761,-0.39892478124722897
2000-02-09 04:15:00.000000000,977,Pedro,0.5298956222521916,0.23449275254307977
2000-02-09 08:45:00.000000000,1076,Pedro,-0.8447124164577233,-0.8476467655586302
2000-02-09 09:30:00.000000000,1054,Pedro,-0.19544148429729047,0.10443851234287371
2000-02-09 11:45:00.000000000,978,Pedro,-0.13857463178055496,-0.039105657988399045
2000-02-09 13:15:00.000000000,1011,Pedro,0.2877020180716148,-0.055345952426893774
2000-02-09 13:30:00.000000000,1031,Pedro,-0.7182541980885455,0.12508433719150025
2000-02-09 13:45:00.000000000,1010,Pedro,-0.5661778965461108,0.9944839933767189
2000-02-09 14:30:00.000000000,979,Pedro,0.30992979385432506,0.6645104619286013
2000-02-09 16:45:00.000000000,966,Pedro,-0.06532487309594237,0.3251436215021488
2000-02-09 20:00:00.000000000,1004,Pedro,-0.7928439586590168,0.6992289899659891
2000-02-09 23:15:00.000000000,1037,Pedro,0.8471440749835193,-0.9326157108325455
2000-02-10 00:00:00.000000000,950,Pedro,0.559136205588812,0.09159080672762898
2000-02-10 02:45:00.000000000,1029,Pedro,0.7660499891705299,-0.7826106481862523
2000-02-10 03:00:00.000000000,1005,Pedro,-0.7490277101029994,-0.7122189632744278
2000-02-10 06:15:00.000000000,990,Pedro,-0.8713131110090502,-0.1424950992292462
2000-02-10 06:45:00.000000000,1009,Pedro,0.9228103615158836,-0.748312587226502
2000-02-10 07:45:00.000000000,956,Pedro,0.34078756191410675,0.20167000374152444
2000-02-10 08:30:00.000000000,1009,Pedro,0.7120030398098973,0.2760286532197047
2000-02-10 09:00:00.000000000,1062,Pedro,0.4647498852988212,0.9020182021392196
2000-02-10 15:45:00.000000000,971,Pedro,-0.22121769887643006,0.8599647459133979
2000-02-10 20:30:00.000000000,987,Pedro,0.47699400570291783,0.618018983909467
2000-02-10 22:15:00.000000000,967,Pedro,0.5937338249204254,0.2100661299372597
2000-02-11 03:00:00.000000000,1045,Pedro,0.10495383227879485,0.7705342238004189
2000-02-11 09:00:00.000000000,1057,Pedro,-0.271943098834345,-0.4317690012437285
2000-02-11 10:00:00.000000000,1088,Pedro,-0.5000411574417563,0.2962078746861867
2000-02-11 10:30:00.000000000,988,Pedro,0.6583250133712661,-0.29680426745621835
2000-02-11 11:00:00.000000000,1018,Pedro,-0.9614411100062699,-0.941227034526815
2000-02-11 12:00:00.000000000,977,Pedro,0.6428122964109058,0.023024508873354055
2000-02-11 12:15:00.000000000,1033,Pedro,-0.7355957617924438,0.488307345434833
2000-02-11 13:30:00.000000000,1020,Pedro,0.8950515823192895,-0.9727633437964824
2000-02-11 13:45:00.000000000,1009,Pedro,-0.04050011015326538,0.9325869220915817
2000-02-11 14:30:00.000000000,978,Pedro,0.5644946467190775,0.6573666418945789
2000-02-11 16:15:00.000000000,991,Pedro,0.9913967771459402,0.592849156726712
2000-02-11 17:30:00.000000000,1028,Pedro,-0.5451531104104967,0.7223363024432163
2000-02-11 17:45:00.000000000,949,Pedro,-0.325519241428454,-0.2547559564756867
2000-02-11 18:15:00.000000000,1047,Pedro,0.3583522570306594,-0.950951044655622
2000-02-11 19:30:00.000000000,1033,Pedro,0.3237188371768662,0.7769033089275903
2000-02-11 19:45:00.000000000,992,Pedro,-0.023954547914078805,-0.20921566915712986
2000-02-11 22:30:00.000000000,964,Pedro,0.12157690412877553,-0.5809653645619977
2000-02-11 23:30:00.000000000,1035,Pedro,0.2630571325982223,-0.8430255100168398
2000-02-12 00:15:00.000000000,957,Pedro,0.1760810057415556,-0.8394349969306107
2000-02-12 01:45:00.000000000,1022,Pedro,-0.2812337645975085,-0.46780589759863167
2000-02-12 02:45:00.000000000,942,Pedro,-0.3830144235579547,0.07199041897727687
2000-02-12 03:15:00.000000000,1043,Pedro,-0.01336254286222549,-0.48122662815403716
2000-02-12 04:00:00.000000000,1006,Pedro,0.18920412980087664,0.3199278724162291
2000-02-12 04:30:00.000000000,994,Pedro,-0.7352967331163185,-0.03682021408979774
2000-02-12 06:30:00.000000000,957,Pedro,0.6324514314894063,-0.8388411185910938
2000-02-12 09:15:00.000000000,991,Pedro,-0.5860688120740589,0.04319917191575806
2000-02-12 09:30:00.000000000,1011,Pedro,-0.8041886405395189,-0.2490468640467436
2000-02-12 12:15:00.000000000,1021,Pedro,-0.43726776837906267,-0.10186229221252563
2000-02-12 17:00:00.000000000,1007,Pedro,-0.17976203190436113,-0.8170277572905089
2000-02-12 18:15:00.000000000,979,Pedro,-0.08645699926067696,0.7878106723747258
2000-02-12 19:30:00.000000000,961,Pedro,0.04437749890309384,0.9363118800910664
2000-02-12 20:45:00.000000000,970,Pedro,-0.9474239785538527,0.1568299642222808
2000-02-12 22:00:00.000000000,1035,Pedro,0.6437866739092242,-0.3113774174325663
2000-02-13 00:30:00.000000000,1019,Pedro,-0.02705604228831704,-0.5224697904510802
2000-02-13 01:00:00.000000000,1003,Pedro,0.7071420362776895,-0.34093687326605315
2000-02-13 01:45:00.000000000,954,Pedro,0.18072627175429368,-0.4143700794119831
2000-02-13 04:30:00.000000000,976,Pedro,0.09605271311181607,-0.08033051395073865
2000-02-13 06:15:00.000000000,989,Pedro,-0.36455273939946764,0.9447287523029055
2000-02-13 09:30:00.000000000,990,Pedro,-0.06941857568524767,0.5207758374209075
2000-02-13 10:15:00.000000000,1001,Pedro,-0.03181062673328938,-0.10222008876893862
2000-02-13 10:30:00.000000000,1004,Pedro,-0.4489133029677055,0.5596665190497245
2000-02-13 13:00:00.000000000,971,Pedro,0.7681756461272407,0.3381888415822647
2000-02-13 13:45:00.000000000,1009,Pedro,-0.36935290816583577,-0.7260949955752813
2000-02-13 15:30:00.000000000,903,Pedro,0.864278470136036,0.9841327350373601
2000-02-13 19:45:00.000000000,1033,Pedro,0.029297949848217764,0.6390551713272898
2000-02-13 21:30:00.000000000,1010,Pedro,-0.8433001292009874,-0.4062711762365898
2000-02-13 23:00:00.000000000,994,Pedro,-0.912336020162418,-0.43715347089311485
2000-02-14 00:00:00.000000000,952,Pedro,0.7102983222202508,0.41136476713522185
2000-02-14 01:00:00.000000000,1020,Pedro,0.033318026676737,-0.37393808882558033
2000-02-14 01:30:00.000000000,999,Pedro,0.05190993737574545,0.7213819079147699
2000-02-14 02:45:00.000000000,929,Pedro,-0.21483530815534468,-0.5587416192737262
2000-02-14 05:15:00.000000000,983,Pedro,-0.22386508381894532,-0.2522558808890669
2000-02-14 06:30:00.000000000,1015,Pedro,-0.029429602862298454,0.10950390399863963
2000-02-14 10:15:00.000000000,974,Pedro,0.9809167696479977,0.19591372558458908
2000-02-14 10:30:00.000000000,1059,Pedro,-0.3198912080922913,0.4618510046343498
2000-02-14 13:45:00.000000000,948,Pedro,-0.5145510883998672,0.0698425910328726
2000-02-14 15:00:00.000000000,970,Pedro,0.9065504195165868,0.8070784271631621
2000-02-14 17:00:00.000000000,1051,Pedro,-0.4898253894213378,-0.6754312970714778
2000-02-14 17:15:00.000000000,1041,Pedro,-0.9813030191314822,0.14729901351022412
2000-02-14 18:00:00.000000000,993,Pedro,0.3591307668897019,-0.9813966161034999
2000-02-14 21:00:00.000000000,907,Pedro,-0.10329474759927604,-0.2640633648280646
2000-02-14 21:45:00.000000000,1050,Pedro,-0.9110981975980792,-0.23614242929485596
2000-02-14 23:15:00.000000000,985,Pedro,0.18396193514597536,0.021252497586320196
2000-02-14 23:30:00.000000000,988,Pedro,-0.008810031155331632,0.10109978083244675
2000-02-14 23:45:00.000000000,991,Pedro,0.06748837572330957,-0.26790699968083564
2000-02-15 00:00:00.000000000,1031,Pedro,0.4689158151630437,0.8028497651276469
2000-02-15 02:30:00.000000000,983,Pedro,-0.8078458309251257,-0.7873244377385837
2000-02-15 02:45:00.000000000,985,Pedro,-0.5590466707052815,0.5378709512137259
2000-02-15 03:00:00.000000000,959,Pedro,-0.0033756677482859043,-0.9433048282481133
2000-02-15 05:00:00.000000000,968,Pedro,0.10360877772092092,-0.2697168818299067
2000-02-15 09:00:00.000000000,963,Pedro,-0.5444406047871015,0.9237980523228744
2000-02-15 10:45:00.000000000,998,Pedro,0.27286314094101605,0.47041965918167006
2000-02-15 11:15:00.000000000,1037,Pedro,0.02814865800234201,0.33569945658723466
2000-02-15 13:30:00.000000000,1027,Pedro,0.8581536524732414,-0.15172670656881815
2000-02-15 15:00:00.000000000,995,Pedro,0.7553362159974781,-0.9649460567293151
2000-02-15 21:45:00.000000000,975,Pedro,0.28015681662726455,0.621348480300725
2000-02-15 23:30:00.000000000,978,Pedro,0.36250776084763436,0.6645190734653397
2000-02-16 00:00:00.000000000,969,Pedro,0.18050083828696528,-0.9322611210678928
2000-02-16 00:15:00.000000000,999,Pedro,0.7204038176445502,-0.7034450825221721
2000-02-16 00:45:00.000000000,986,Pedro,-0.9160176603605918,-0.37535704879731857
2000-02-16 01:00:00.000000000,1023,Pedro,-0.08135511267690143,-0.5029284826525993
2000-02-16 02:00:00.000000000,1037,Pedro,0.9081045887615411,0.6036951001322257
2000-02-16 03:00:00.000000000,991,Pedro,-0.5433369493426965,-0.9470785205846572
2000-02-16 03:15:00.000000000,1007,Pedro,0.3023302170235498,0.504002379927533
2000-02-16 05:00:00.000000000,1032,Pedro,-0.484129365003545,-0.07392648930482437
2000-02-16 05:30:00.000000000,970,Pedro,-0.2987436542005433,0.05004129600637408
2000-02-16 07:30:00.000000000,1005,Pedro,0.21198594520928582,0.43415345777563874
2000-02-16 07:45:00.000000000,995,Pedro,-0.3118132298737777,-0.14711702292190476
2000-02-16 08:45:00.000000000,991,Pedro,-0.3995760399253596,-0.6854503105778786
2000-02-16 11:00:00.000000000,999,Pedro,0.028880121514327284,0.6950260140056392
2000-02-16 12:00:00.000000000,989,Pedro,0.21171669057557496,-0.39782715328731744
2000-02-16 14:15:00.000000000,950,Pedro,0.29795608987248245,0.5682815070466742
2000-02-16 14:30:00.000000000,993,Pedro,-0.9473838419724132,0.23254432309474216
2000-02-16 17:15:00.000000000,1028,Pedro,0.8405783005091696,-0.16450171272732672
2000-02-16 18:15:00.000000000,1012,Pedro,-0.19382901509629402,0.594278498077141
2000-02-16 18:45:00.000000000,956,Pedro,0.4554487799021265,0.45281347557635643
2000-02-16 21:00:00.000000000,1074,Pedro,0.32442246626628357,-0.2567655992458042
2000-02-16 21:30:00.000000000,1006,Pedro,-0.1205357042919788,-0.9494435046668348
2000-02-16 21:45:00.000000000,1008,Pedro,-0.6048262054606821,-0.6264689267941244
2000-02-16 22:00:00.000000000,1000,Pedro,-0.9054594660773909,-0.5494930568297338
2000-02-16 22:15:00.000000000,977,Pedro,0.7723186357058618,0.44686759034148693
2000-02-16 22:30:00.000000000,950,Pedro,0.7055458112002195,0.5918285156051415
2000-02-16 23:30:00.000000000,947,Pedro,0.5830938682721445,-0.006954707410812944
2000-02-16 23:45:00.000000000,969,Pedro,-0.7126909026831025,0.6626240686246372
2000-02-17 00:15:00.000000000,1019,Pedro,-0.00713100329049432,-0.1307256936279182
2000-02-17 00:30:00.000000000,1026,Pedro,-0.7885613536912979,0.24009212051392148
2000-02-17 01:00:00.000000000,994,Pedro,-0.1907824779179219,0.9894774586631057
2000-02-17 02:15:00.000000000,1029,Pedro,-0.8312209144622109,-0.5016480725652215
2000-02-17 06:15:00.000000000,993,Pedro,-0.8977151493597837,0.2513748327833847
2000-02-17 08:00:00.000000000,1060,Pedro,0.7052805352603182,-0.9412319901345305
2000-02-17 16:45:00.000000000,1014,Pedro,-0.9510616551009163,0.36188959908689555
2000-02-17 17:45:00.000000000,991,Pedro,-0.7626122716614261,-0.02146755198608785
2000-02-17 20:45:00.000000000,1016,Pedro,-0.6388427828946974,0.8440154081865447
2000-02-17 21:45:00.000000000,1045,Pedro,-0.32430510807565893,0.728869106991177
2000-02-18 03:45:00.000000000,982,Pedro,0.8461041419302833,-0.723093094506966
2000-02-18 04:30:00.000000000,1030,Pedro,0.189247394085571,0.5489677743269157
2000-02-18 04:45:00.000000000,1016,Pedro,0.9760297556177,-0.06829539762456127
2000-02-18 05:30:00.000000000,1026,Pedro,-0.45246865252203317,0.12171097005640608
2000-02-18 06:00:00.000000000,989,Pedro,0.6502295073632867,0.35696231581875004
2000-02-18 08:45:00.000000000,1071,Pedro,0.005267483374299831,-0.49111886200493005
2000-02-18 09:45:00.000000000,1040,Pedro,-0.6234957519758195,0.7286335147868646
2000-02-18 10:00:00.000000000,1061,Pedro,0.5020429536312936,0.054678399726614924
2000-02-18 11:45:00.000000000,965,Pedro,-0.8977942789643689,0.12008991084554599
2000-02-18 12:00:00.000000000,982,Pedro,-0.8158625188886066,-0.42910712644633997
2000-02-18 15:45:00.000000000,1015,Pedro,-0.888834742054095,-0.6151709368732725
2000-02-18 20:00:00.000000000,974,Pedro,-0.7335975141689604,-0.3157080211096961
2000-02-18 21:30:00.000000000,1055,Pedro,0.6082097442421859,-0.5255896002439278
2000-02-18 22:15:00.000000000,960,Pedro,-0.3058609625903479,-0.5745383389695289
2000-02-18 22:45:00.000000000,1039,Pedro,0.41749100721546295,-0.009607479990166201
2000-02-18 23:30:00.000000000,989,Pedro,-0.5753570391184533,-0.32592407897476616
2000-02-19 00:15:00.000000000,934,Pedro,0.2152148075361069,-0.03715645533627865
2000-02-19 00:30:00.000000000,1051,Pedro,-0.31627754911232775,-0.6713473251669446
2000-02-19 02:15:00.000000000,991,Pedro,0.0314830985572514,0.9753089462690305
2000-02-19 02:30:00.000000000,968,Pedro,0.7261500678634636,0.5400312259865387
2000-02-19 07:45:00.000000000,953,Pedro,-0.3788464944841461,-0.14219102677785855
2000-02-19 08:00:00.000000000,991,Pedro,-0.11609006638445707,0.35738082449468966
2000-02-19 08:45:00.000000000,1028,Pedro,0.9087754493846376,-0.5938504060787495
2000-02-19 10:15:00.000000000,994,Pedro,-0.2214003465862593,0.08887367859027506
2000-02-19 10:45:00.000000000,958,Pedro,-0.3794297689756121,0.5404250644628119
2000-02-19 15:00:00.000000000,998,Pedro,-0.6690983885582586,-0.17283357689788414
2000-02-19 16:45:00.000000000,932,Pedro,-0.7332904507007163,-0.48823435810771065
2000-02-19 19:45:00.000000000,956,Pedro,0.9162697801662236,0.832108800923606
2000-02-19 20:00:00.000000000,1032,Pedro,-0.9770385940524628,-0.7696358842575473
2000-02-19 20:30:00.000000000,970,Pedro,-0.016385259818367137,-0.4094347879920739
2000-02-19 23:15:00.000000000,1029,Pedro,0.7760361258029982,0.755653007452624
2000-02-20 00:30:00.000000000,982,Pedro,0.3182835666804533,-0.3243085578662066
2000-02-20 00:45:00.000000000,991,Pedro,-0.6061434937955066,0.540063518075389
2000-02-20 03:45:00.000000000,995,Pedro,0.3983611632069479,-0.8065375270664239
2000-02-20 04:00:00.000000000,947,Pedro,-0.6367121986610143,-0.8401914171562197
2000-02-20 05:15:00.000000000,1022,Pedro,0.4474220236274131,-0.5587183192295222
2000-02-20 06:00:00.000000000,1002,Pedro,0.48629456414921757,0.24856611145108465
2000-02-20 08:00:00.000000000,1011,Pedro,-0.8612718474841998,0.5621524101190583
2000-02-20 11:00:00.000000000,973,Pedro,0.45236118141041626,-0.3249309157493334
2000-02-20 13:45:00.000000000,986,Pedro,-0.10565655643939764,0.6404585529916493
2000-02-20 14:00:00.000000000,951,Pedro,-0.18952589290721544,0.07464066772831046
2000-02-20 15:30:00.000000000,1023,Pedro,0.8032979483782128,0.37493314049755866
2000-02-20 17:00:00.000000000,981,Pedro,0.40943443158844084,0.6335382456016636
2000-02-20 23:00:00.000000000,1002,Pedro,0.3798206680685672,-0.3753924025791555
2000-02-20 23:30:00.000000000,991,Pedro,-0.6775215721951988,0.30593789597621135
2000-02-21 01:15:00.000000000,1016,Pedro,0.9305322420128781,0.6259998892303231
2000-02-21 03:15:00.000000000,958,Pedro,0.7308984743831786,0.05090165811799685
2000-02-21 05:00:00.000000000,965,Pedro,0.1525875357999047,-0.9067959254496045
2000-02-21 06:00:00.000000000,1004,Pedro,0.6370536909262237,0.6720584455706873
2000-02-21 07:15:00.000000000,962,Pedro,-0.3938964438050485,-0.3510279596711927
2000-02-21 09:00:00.000000000,1001,Pedro,0.6445839757641283,-0.9541628698906774
2000-02-21 09:45:00.000000000,953,Pedro,0.3338898791723972,0.5937463149807634
2000-02-21 11:00:00.000000000,966,Pedro,0.7523102763920426,0.908209116858472
2000-02-21 13:45:00.000000000,1002,Pedro,-0.4548132801101157,-0.22081444180830911
2000-02-21 15:00:00.000000000,988,Pedro,-0.7188987986026916,0.004100032842758505
2000-02-21 15:30:00.000000000,1002,Pedro,0.8790758522411086,-0.012325847638096521
2000-02-21 15:45:00.000000000,1004,Pedro,-0.23400497354200955,-0.583705718253213
2000-02-21 16:00:00.000000000,1021,Pedro,-0.30479407284771276,-0.5783721997406996
2000-02-21 19:15:00.000000000,1052,Pedro,0.07776675360893637,-0.34380529469944343
2000-02-21 19:45:00.000000000,1014,Pedro,0.597105205681179,-0.607106774269855
2000-02-21 21:00:00.000000000,1057,Pedro,-0.8834258725168223,0.09197689509415996
2000-02-21 22:15:00.000000000,1041,Pedro,0.15565285519368977,-0.09002506187535464
2000-02-21 22:45:00.000000000,1027,Pedro,-0.8607336575117666,-0.03631731751877232
2000-02-22 01:15:00.000000000,1046,Pedro,0.37645432342689067,0.8602894552063427
2000-02-22 03:30:00.000000000,946,Pedro,-0.6952028618766906,-0.8085211796942229
2000-02-22 03:45:00.000000000,1037,Pedro,-0.7740412714959843,0.5045952719511448
2000-02-22 04:45:00.000000000,978,Pedro,-0.8666981639607074,-0.9749580381387206
2000-02-22 10:30:00.000000000,1024,Pedro,-0.7003266940487445,0.02022779277493192
2000-02-22 11:00:00.000000000,991,Pedro,-0.14692859047783235,0.5999159954896323
2000-02-22 11:45:00.000000000,1000,Pedro,0.9016633019096771,-0.4273125279406773
2000-02-22 12:15:00.000000000,970,Pedro,-0.5284935621316926,0.4299743433208929
2000-02-22 12:45:00.000000000,1010,Pedro,-0.15165102250988594,0.8228122123400861
2000-02-22 13:00:00.000000000,955,Pedro,-0.8323028521134448,0.1715131053161567
2000-02-22 14:15:00.000000000,970,Pedro,-0.9797744136677178,0.2892863119707969
2000-02-22 15:45:00.000000000,1015,Pedro,-0.4968160013021452,-0.564297636970492
2000-02-22 17:45:00.000000000,959,Pedro,0.07921433421637691,0.454427073392659
2000-02-22 19:00:00.000000000,1068,Pedro,-0.2933177714457269,-0.35862484319429777
2000-02-22 19:45:00.000000000,1014,Pedro,0.6653696627637891,0.5047691528977454
2000-02-22 20:00:00.000000000,1034,Pedro,0.12232513326408956,0.6784615441777413
2000-02-22 20:15:00.000000000,1006,Pedro,-0.720840466916493,-0.4040080122247516
2000-02-22 21:45:00.000000000,1011,Pedro,-0.6135970121328878,0.3291826968653777
2000-02-22 23:30:00.000000000,994,Pedro,-0.8406766375800727,-0.3238201529552591
2000-02-23 03:15:00.000000000,1004,Pedro,-0.7784820706917313,0.24337552766076187
2000-02-23 04:15:00.000000000,1027,Pedro,0.3747107416497797,-0.9175723791981905
2000-02-23 04:45:00.000000000,988,Pedro,0.4042763216641072,0.9068692772781679
2000-02-23 05:45:00.000000000,978,Pedro,0.7649760673241521,-0.7418658176999804
2000-02-23 06:30:00.000000000,1034,Pedro,0.7840984245152645,0.8998708496512644
2000-02-23 09:30:00.000000000,995,Pedro,0.8557124764055246,0.8012859263913039
2000-02-23 10:00:00.000000000,989,Pedro,0.02157575580761506,-0.8094598574401339
2000-02-23 11:00:00.000000000,994,Pedro,-0.21376304766478937,-0.9972520520877017
2000-02-23 12:15:00.000000000,962,Pedro,0.03354803649135696,-0.1255432910993297
2000-02-23 12:30:00.000000000,997,Pedro,-0.9646803739539207,0.3014156855499186
2000-02-23 15:30:00.000000000,1020,Pedro,0.39815209390711215,0.04143501543656347
2000-02-23 15:45:00.000000000,1042,Pedro,-0.7408659306057341,-0.6480511548188144
2000-02-23 18:00:00.000000000,997,Pedro,0.07757550406571956,0.1467202668410943
2000-02-23 19:15:00.000000000,991,Pedro,0.3211951396698687,0.6166231723866904
2000-02-23 20:45:00.000000000,998,Pedro,-0.4171771070358825,0.4322083774839276
2000-02-23 22:15:00.000000000,989,Pedro,-0.9582285269652755,0.6467586467775828
2000-02-24 00:15:00.000000000,975,Pedro,0.7323220597326383,-0.29699824278559195
2000-02-24 03:15:00.000000000,948,Pedro,-0.5265841816294019,-0.4739403061848251
2000-02-24 05:45:00.000000000,1026,Pedro,0.559275298990624,-0.5032942898255355
2000-02-24 06:15:00.000000000,962,Pedro,0.16185221830722685,-0.4141991537683123
2000-02-24 07:15:00.000000000,1015,Pedro,-0.2947870330653297,0.08047488062034924
2000-02-24 10:30:00.000000000,944,Pedro,0.668883048044983,0.34917520148807246
2000-02-24 11:30:00.000000000,1021,Pedro,-0.9719082088403428,-0.013013624844129046
2000-02-24 15:30:00.000000000,970,Pedro,-0.9984058554699311,-0.38069366951609096
2000-02-24 16:00:00.000000000,920,Pedro,0.32576467401515874,-0.6208325157921879
2000-02-24 16:15:00.000000000,1006,Pedro,-0.8094763427151193,-0.4103838667809139
2000-02-24 17:00:00.000000000,1001,Pedro,0.08506057315940296,-0.4419092274957872
2000-02-24 17:30:00.000000000,970,Pedro,-0.8943635284200018,0.9648550518801358
2000-02-24 19:45:00.000000000,957,Pedro,0.9569305496198146,0.16581010219377168
2000-02-24 23:15:00.000000000,1026,Pedro,0.8628841966279708,0.3244731875035711
2000-02-25 01:00:00.000000000,937,Pedro,0.4549527716317534,-0.3336960873797834
2000-02-25 01:30:00.000000000,978,Pedro,-0.0013341709639855814,-0.36072715456320026
2000-02-25 02:30:00.000000000,958,Pedro,0.08419672224309926,-0.757620589249681
2000-02-25 04:00:00.000000000,953,Pedro,-0.02392135172981069,-0.1602889858782348
2000-02-25 05:30:00.000000000,1042,Pedro,0.2034097020443979,0.407151372642089
2000-02-25 07:00:00.000000000,1009,Pedro,0.7054940818932482,-0.3973118760414145
2000-02-25 08:00:00.000000000,1045,Pedro,0.5192720422897614,0.23761083390654636
2000-02-25 11:45:00.000000000,1008,Pedro,-0.0979595594956213,-0.3521182867090431
2000-02-25 13:30:00.000000000,993,Pedro,-0.6217494216775963,0.7338882628082224
2000-02-25 15:45:00.000000000,992,Pedro,0.6639805917746666,0.9807312502961789
2000-02-25 17:30:00.000000000,1032,Pedro,0.05363511552105682,-0.9289244648461357
2000-02-25 18:00:00.000000000,1002,Pedro,-0.14617179735438235,-0.021591201109400826
2000-02-25 18:30:00.000000000,1042,Pedro,-0.7116997398909921,-0.2720045880626967
2000-02-25 19:15:00.000000000,987,Pedro,0.9129060220170673,-0.05920613796138152
2000-02-25 20:30:00.000000000,993,Pedro,0.6311731239898992,-0.9563821093693095
2000-02-25 20:45:00.000000000,982,Pedro,0.3003432673388007,0.6906568473506658
2000-02-25 21:00:00.000000000,1017,Pedro,-0.8220233297909207,-0.1854867641055853
2000-02-25 21:15:00.000000000,1030,Pedro,-0.6811051542864759,-0.5177245658216907
2000-02-25 23:15:00.000000000,954,Pedro,0.8441844469565729,-0.9893238899663674
2000-02-26 04:45:00.000000000,1014,Pedro,-0.4278445040393086,-0.7274508979972996
2000-02-26 05:15:00.000000000,980,Pedro,-0.31120572502769495,-0.6047882143570997
2000-02-26 05:30:00.000000000,931,Pedro,0.14474886499368567,-0.6440318720299856
2000-02-26 08:15:00.000000000,989,Pedro,-0.48298295891028364,0.4289150875640517
2000-02-26 08:30:00.000000000,989,Pedro,0.1439711244059878,-0.023731864674602976
2000-02-26 08:45:00.000000000,1001,Pedro,-0.5419365352874737,0.7502542252740287
2000-02-26 10:00:00.000000000,1000,Pedro,-0.8335819904236041,0.7084080966016184
2000-02-26 16:30:00.000000000,1025,Pedro,0.5487045428231592,0.8033353229872384
2000-02-26 17:45:00.000000000,1063,Pedro,-0.7507548468974503,-0.8451235228983842
2000-02-26 18:30:00.000000000,1025,Pedro,-0.3201048555900232,-0.0020067145968185596
2000-02-26 19:15:00.000000000,1004,Pedro,-0.2038032039257942,0.9606652122232595
2000-02-26 20:30:00.000000000,979,Pedro,-0.8026129796324288,0.519264893378897
2000-02-26 21:15:00.000000000,996,Pedro,0.34119834189068543,-0.7682234726326593
2000-02-26 21:30:00.000000000,1021,Pedro,0.47018196720894734,0.9260706421252409
2000-02-27 01:15:00.000000000,1003,Pedro,0.11217446197514835,-0.9417302832300884
2000-02-27 02:15:00.000000000,949,Pedro,0.9019740446659006,-0.4740854130769532
2000-02-27 07:45:00.000000000,995,Pedro,-0.9974134819438962,0.24734174274652165
2000-02-27 11:00:00.000000000,984,Pedro,-0.0604635575578929,-0.8373436509934904
2000-02-27 12:00:00.000000000,985,Pedro,-0.3851903373578631,0.1399313459512732
2000-02-27 14:00:00.000000000,963,Pedro,-0.40969566780392386,0.08460883233170824
2000-02-27 14:15:00.000000000,1016,Pedro,-0.7762066850761644,-0.006145685087375563
2000-02-27 14:30:00.000000000,1031,Pedro,0.919972447086777,-0.4851184757193383
2000-02-27 17:15:00.000000000,948,Pedro,-0.9129050182421967,-0.26569669097496207
2000-02-27 18:15:00.000000000,984,Pedro,0.9079666953926739,0.9966224308373464
2000-02-27 21:45:00.000000000,1020,Pedro,0.701192764042142,0.7958602305173093
2000-02-27 23:00:00.000000000,1061,Pedro,-0.48313218243955824,-0.7082979212633655
2000-02-27 23:45:00.000000000,987,Pedro,-0.46645138522226137,-0.25298191403272896
2000-02-28 01:45:00.000000000,1023,Pedro,-0.13105259634537525,0.38997122720085264
2000-02-28 02:15:00.000000000,922,Pedro,-0.4656968666328061,-0.6927783637928662
2000-02-28 03:15:00.000000000,1060,Pedro,0.5811700439825318,0.05906968700727511
2000-02-28 04:15:00.000000000,978,Pedro,-0.47061305213637517,-0.7365883965274647
2000-02-28 07:45:00.000000000,1020,Pedro,-0.0293552550842493,-0.15119151149664578
2000-02-28 08:00:00.000000000,1013,Pedro,-0.4929062269782081,0.2978617727838233
2000-02-28 08:30:00.000000000,998,Pedro,0.7977715603092073,-0.457291559809093
2000-02-28 08:45:00.000000000,954,Pedro,0.12426327254805125,-0.18067399697851427
2000-02-28 17:00:00.000000000,1047,Pedro,-0.48075078145261085,0.08752716970145036
2000-02-28 17:15:00.000000000,997,Pedro,0.1476977311698222,0.7787190094131362
2000-02-28 20:30:00.000000000,964,Pedro,-0.5687471414458807,0.272039572004682
2000-02-28 23:30:00.000000000,1006,Pedro,-0.7213180460174182,-0.6227441897205575
2000-02-29 00:30:00.000000000,955,Pedro,0.04886861862534153,0.8170018786063533
2000-02-29 00:45:00.000000000,987,Pedro,-0.5892380377322388,0.3790726824984696
2000-02-29 01:00:00.000000000,1011,Pedro,0.29808482028895855,0.2969204866905095
2000-02-29 01:15:00.000000000,1002,Pedro,-0.7814434578856488,-0.9338228138371636
2000-02-29 03:15:00.000000000,1038,Pedro,0.9757504974843239,0.9386199828846788
2000-02-29 05:15:00.000000000,963,Pedro,0.2990028198796646,0.7318976069695948
2000-02-29 06:15:00.000000000,995,Pedro,-0.3925659509638044,0.6619036391768716
2000-02-29 07:00:00.000000000,1075,Pedro,0.020602438615433982,0.14081528065985527
2000-02-29 07:45:00.000000000,963,Pedro,0.7557609637122584,0.5894314634648492
2000-02-29 08:45:00.000000000,954,Pedro,-0.3276610410564773,-0.7254716462171951
2000-02-29 11:00:00.000000000,1013,Pedro,0.024217595976703477,-0.6439153603661898
2000-02-29 12:45:00.000000000,1043,Pedro,-0.466153014719646,-0.9585502257490466
2000-02-29 14:15:00.000000000,1036,Pedro,-0.18482045590755547,0.6158982082715834
2000-02-29 18:15:00.000000000,966,Pedro,-0.9010291348234167,0.6316494650101185
2000-02-29 19:15:00.000000000,964,Pedro,-0.6830976050938209,-0.24952166421240696
2000-02-29 21:45:00.000000000,973,Pedro,-0.42628445721223396,-0.4530510399315075
2000-02-29 22:15:00.000000000,996,Pedro,-0.38525637112143984,0.9688532231861917
2000-02-29 23:45:00.000000000,997,Pedro,-0.1940591713636275,0.0714018813997419
2000-03-01 01:00:00.000000000,994,Pedro,-0.04836451695883248,-0.3709740512868209
2000-03-01 01:30:00.000000000,927,Pedro,-0.6313134292155465,-0.407211470536891
2000-03-01 02:45:00.000000000,1006,Pedro,-0.10546285584681137,-0.4453401996777677
2000-03-01 03:15:00.000000000,999,Pedro,-0.6340313772972146,-0.8838745804408286
2000-03-01 04:45:00.000000000,952,Pedro,0.4089971687502931,-0.7234795263359739
2000-03-01 05:15:00.000000000,1016,Pedro,0.6523135794988171,0.10773661820167724
2000-03-01 05:30:00.000000000,1016,Pedro,-0.5506137350901263,-0.5138852435906287
2000-03-01 06:00:00.000000000,992,Pedro,0.4412648003400179,-0.7802873946818176
2000-03-01 08:00:00.000000000,1007,Pedro,-0.23996173390899522,0.02609327279456486
2000-03-01 08:45:00.000000000,971,Pedro,-0.4683735415966275,0.7492844911823573
2000-03-01 09:30:00.000000000,987,Pedro,-0.02591532234254834,-0.8394667430407152
2000-03-01 12:15:00.000000000,1026,Pedro,0.47540890023539717,0.5069855788930029
2000-03-01 12:30:00.000000000,996,Pedro,0.48423317976990776,-0.7679404127241005
2000-03-01 12:45:00.000000000,969,Pedro,-0.8644163067635215,0.6198910253406302
2000-03-01 14:00:00.000000000,980,Pedro,0.9400316128468327,-0.7503900790254654
2000-03-01 14:45:00.000000000,1019,Pedro,0.6587615345272708,-0.6546997187483625
2000-03-01 18:15:00.000000000,1002,Pedro,-0.9966203818628843,0.9794184032836666
2000-03-01 18:45:00.000000000,995,Pedro,0.5346241299808314,0.07965947175888011
2000-03-01 19:45:00.000000000,896,Pedro,0.3975343786894301,0.36166641991421855
2000-03-01 20:30:00.000000000,996,Pedro,0.028968617206244662,0.9977180873522089
2000-03-01 23:30:00.000000000,982,Pedro,0.7322777010922565,-0.8274200700095127
2000-03-02 01:15:00.000000000,1004,Pedro,-0.5605159590449866,0.4612227580732253
2000-03-02 03:15:00.000000000,957,Pedro,-0.15736920576420266,0.7815908184877849
2000-03-02 05:15:00.000000000,1011,Pedro,-0.18797124619211858,0.6556742635899759
2000-03-02 06:15:00.000000000,1021,Pedro,-0.04801819430985721,0.7673079549311639
2000-03-02 06:30:00.000000000,1025,Pedro,-0.555524016778542,0.06401582524647931
2000-03-02 07:00:00.000000000,1024,Pedro,-0.0009102312841882121,0.8030843922311128
2000-03-02 07:15:00.000000000,967,Pedro,0.01645526264811692,0.6516882939520574
2000-03-02 07:45:00.000000000,1037,Pedro,0.48304743851525145,0.04906448165128263
2000-03-02 08:15:00.000000000,1005,Pedro,-0.2180055800051739,0.9139955483883668
2000-03-02 08:45:00.000000000,998,Pedro,0.13510386391563722,-0.48501675371847375
2000-03-02 09:00:00.000000000,1018,Pedro,0.09249662215090781,-0.3811155020817816
2000-03-02 12:30:00.000000000,1011,Pedro,-0.2993492410379317,0.4996169664989105
2000-03-02 13:15:00.000000000,1039,Pedro,0.6829648935038448,-0.9583514111415186
2000-03-02 14:00:00.000000000,975,Pedro,0.547546035434868,-0.6459623405618318
2000-03-02 15:00:00.000000000,942,Pedro,-0.4689330994608547,-0.9599870843796992
2000-03-02 17:00:00.000000000,1058,Pedro,-0.6424658089109214,0.5697168916606266
2000-03-02 21:45:00.000000000,1021,Pedro,-0.3212172778217439,0.07606527628654058
2000-03-02 22:00:00.000000000,996,Pedro,-0.8242903571752003,-0.22138247174647918
2000-03-03 00:00:00.000000000,1036,Pedro,0.25405168000347333,0.017299107830468508
2000-03-03 00:15:00.000000000,1008,Pedro,-0.8235565352607448,0.4940522084881549
2000-03-03 00:45:00.000000000,982,Pedro,-0.08973510601914914,0.8853349179300924
2000-03-03 02:30:00.000000000,973,Pedro,0.7461251264167432,0.6595129716489936
2000-03-03 05:30:00.000000000,998,Pedro,0.7809545549116925,0.9347352986793929
2000-03-03 07:30:00.000000000,1035,Pedro,-0.474002220952898,0.12147221983665069
2000-03-03 08:30:00.000000000,1010,Pedro,0.16753636860466803,-0.8815076321402331
2000-03-03 08:45:00.000000000,1043,Pedro,-0.11271695858618624,0.7654853296473907
2000-03-03 10:00:00.000000000,963,Pedro,0.5502798435476637,-0.33857291054890637
2000-03-03 11:30:00.000000000,1007,Pedro,0.026116148934210104,-0.25658434764283466
2000-03-03 15:15:00.000000000,1038,Pedro,0.7331923970634129,-0.17077585026107434
2000-03-03 16:30:00.000000000,935,Pedro,-0.476832713390801,-0.09345229765132013
2000-03-03 20:45:00.000000000,1013,Pedro,0.5941680911694811,0.6013304625623574
2000-03-03 21:00:00.000000000,1006,Pedro,-0.749107912718157,-0.4754812881464654
2000-03-03 22:15:00.000000000,991,Pedro,0.01121452784379895,0.167171638614386
2000-03-03 23:45:00.000000000,975,Pedro,0.20339736178811885,-0.34154294947850383
2000-03-04 01:30:00.000000000,997,Pedro,-0.9343610653745238,0.8329013527417268
2000-03-04 01:45:00.000000000,963,Pedro,-0.7826296215291955,-0.34222893607719884
2000-03-04 03:15:00.000000000,980,Pedro,0.16715823648725614,0.9134626188571484
2000-03-04 03:30:00.000000000,1030,Pedro,-0.2773596757902639,0.38577031063616984
2000-03-04 07:30:00.000000000,1032,Pedro,-0.28668488984346086,0.06985349244245498
2000-03-04 09:00:00.000000000,971,Pedro,-0.9703055617765426,0.22402460155712256
2000-03-04 09:30:00.000000000,989,Pedro,0.353433151558844,0.6052649255812181
2000-03-04 10:15:00.000000000,1035,Pedro,-0.8800464383886732,-0.46350125140590204
2000-03-04 10:45:00.000000000,1059,Pedro,0.6883693751842948,-0.6757003928683505
2000-03-04 12:15:00.000000000,1057,Pedro,0.5529376589739272,-0.7790022621705508
2000-03-04 13:45:00.000000000,980,Pedro,-0.9243363030731517,0.37893424334434456
2000-03-04 16:30:00.000000000,960,Pedro,-0.043079324682497644,-0.7460583939097865
2000-03-04 18:00:00.000000000,974,Pedro,0.685221394672896,0.7234729462824658
2000-03-04 20:45:00.000000000,1030,Pedro,-0.052355407997075165,0.24452572453929688
2000-03-04 21:45:00.000000000,998,Pedro,-0.19086020725689967,0.9524715965169552
2000-03-04 22:15:00.000000000,1016,Pedro,-0.9916141451102995,-0.3822562366572908
2000-03-05 03:45:00.000000000,1028,Pedro,-0.9707020545098219,0.7517880445503862
2000-03-05 06:30:00.000000000,998,Pedro,0.004068683450461741,0.49876501504838244
2000-03-05 06:45:00.000000000,1008,Pedro,-0.25366103383766037,0.5718195220071784
2000-03-05 07:30:00.000000000,981,Pedro,0.11754879291341047,0.6476033194110411
2000-03-05 09:30:00.000000000,975,Pedro,0.9968960062957026,0.4732086396054491
2000-03-05 11:00:00.000000000,950,Pedro,0.5261967503104545,-0.17430374508996205
2000-03-05 14:00:00.000000000,974,Pedro,0.2076355298564354,-0.42325111109579017
2000-03-05 14:45:00.000000000,948,Pedro,0.6799933885447642,0.05188959572415075
2000-03-05 16:00:00.000000000,1007,Pedro,-0.3277759521962864,0.2610856215763038
2000-03-05 18:30:00.000000000,1011,Pedro,-0.1934684360731458,0.9785164509599757
2000-03-05 20:15:00.000000000,1024,Pedro,-0.5729998747418377,0.16385172101667367
2000-03-05 22:00:00.000000000,996,Pedro,-0.30672642156592245,0.6834215360148324
2000-03-05 22:45:00.000000000,989,Pedro,0.9175395419292736,0.0225653560232959
2000-03-05 23:00:00.000000000,1003,Pedro,-0.017899351919575146,-0.0888950599919025
2000-03-06 01:00:00.000000000,984,Pedro,0.1740990700928997,0.21746679709773287
2000-03-06 02:15:00.000000000,1019,Pedro,-0.9428662621887045,0.8000568571815283
2000-03-06 02:45:00.000000000,975,Pedro,-0.6009171593358105,-0.2705032309930133
2000-03-06 05:00:00.000000000,988,Pedro,-0.2244718910130854,0.9956559885265501
2000-03-06 05:45:00.000000000,1082,Pedro,0.4417238650144675,-0.5400412468561056
2000-03-06 06:00:00.000000000,998,Pedro,-0.9148378789043468,0.034322271430230034
2000-03-06 06:15:00.000000000,1013,Pedro,-0.3957973499998353,-0.9190192481297674
2000-03-06 07:45:00.000000000,1028,Pedro,-0.9939023984810051,-0.42970481154662665
2000-03-06 08:45:00.000000000,967,Pedro,0.43158032215499476,-0.013290703975902707
2000-03-06 09:45:00.000000000,1006,Pedro,0.6593356917132136,0.8271436363714761
2000-03-06 10:15:00.000000000,1007,Pedro,-0.10494564718379151,0.6562307214137153
2000-03-06 15:15:00.000000000,970,Pedro,-0.9142610305957128,0.8072552686961152
2000-03-06 15:30:00.000000000,1013,Pedro,-0.41358732313741764,0.8423657021762685
2000-03-06 16:45:00.000000000,982,Pedro,-0.826058004859249,-0.4032913272020415
2000-03-06 18:15:00.000000000,967,Pedro,0.4872993131593353,-0.003987004177514519
2000-03-06 19:30:00.000000000,1013,Pedro,0.7723871490391832,0.6500129007618787
2000-03-06 23:30:00.000000000,1038,Pedro,-0.7683341179796326,-0.9388594803789412
2000-03-06 23:45:00.000000000,946,Pedro,-0.6226609941164132,0.556541339858081
2000-03-07 00:00:00.000000000,1002,Pedro,-0.05283574536039848,-0.2960179208084428
2000-03-07 00:30:00.000000000,981,Pedro,-0.5555695007760482,-0.9796749697346261
2000-03-07 00:45:00.000000000,967,Pedro,0.6129367427460946,-0.6699539395632201
2000-03-07 01:30:00.000000000,1000,Pedro,-0.3044565670711741,0.08168623837418298
2000-03-07 02:30:00.000000000,1066,Pedro,0.8392080209415844,-0.5956201481279222
2000-03-07 05:15:00.000000000,950,Pedro,-0.6878601596030318,-0.4756831097584233
2000-03-07 05:30:00.000000000,992,Pedro,0.27433693005559356,0.8795352190471835
2000-03-07 06:00:00.000000000,1017,Pedro,-0.9944675544817128,-0.31987867793294433
2000-03-07 06:30:00.000000000,966,Pedro,0.6329406769913748,-0.7570082390487469
2000-03-07 06:45:00.000000000,1057,Pedro,-0.4159306276143948,-0.05734384153036953
2000-03-07 07:30:00.000000000,991,Pedro,-0.20180025407945723,0.5595936737014335
2000-03-07 11:00:00.000000000,920,Pedro,0.2643812067416442,-0.7632132560294644
2000-03-07 11:45:00.000000000,1046,Pedro,0.239582634257274,-0.5871798306085492
2000-03-07 12:00:00.000000000,981,Pedro,-0.820213629848983,-0.7532466235233004
2000-03-07 18:00:00.000000000,1029,Pedro,0.8991992034654617,0.5817974527720156
2000-03-07 19:00:00.000000000,990,Pedro,0.3307798925505798,0.9173363324311614
2000-03-07 22:00:00.000000000,1093,Pedro,0.34275325229072773,-0.7936813307204482
2000-03-08 01:30:00.000000000,924,Pedro,-0.28547000473254136,-0.7828768046103778
2000-03-08 04:15:00.000000000,998,Pedro,0.3133437434469686,-0.9467467694803258
2000-03-08 06:45:00.000000000,1027,Pedro,-0.5516151256326753,0.6029200528026759
2000-03-08 07:45:00.000000000,969,Pedro,-0.6838092413814203,-0.08699812740727286
2000-03-08 08:45:00.000000000,1008,Pedro,-0.8416286356165052,-0.9626809857854024
2000-03-08 10:30:00.000000000,957,Pedro,-0.6580675696653879,-0.37499112109173294
2000-03-08 11:00:00.000000000,1002,Pedro,-0.9266786608009883,0.39087836314061875
2000-03-08 13:00:00.000000000,982,Pedro,0.48199325209708976,-0.32460463748516966
2000-03-08 14:15:00.000000000,1092,Pedro,0.7112785388431089,0.7830430043307572
2000-03-08 15:30:00.000000000,998,Pedro,0.5859946272655177,0.3354021657519859
2000-03-08 19:30:00.000000000,977,Pedro,-0.3193820524560471,-0.786005805482352
2000-03-09 00:15:00.000000000,992,Pedro,0.8711787468391841,0.6366477106234529
2000-03-09 01:00:00.000000000,1011,Pedro,0.2754452319131888,-0.3044659906019036
2000-03-09 02:30:00.000000000,993,Pedro,-0.009271697841101378,-0.8295148249344935
2000-03-09 02:45:00.000000000,1031,Pedro,-0.473257421775922,-0.6990453473870528
2000-03-09 03:45:00.000000000,993,Pedro,0.15178375006988554,0.8040190968929479
2000-03-09 07:15:00.000000000,970,Pedro,-0.32020981056230724,0.46266252128673013
2000-03-09 07:30:00.000000000,1008,Pedro,0.4999544929236375,0.8328576430030468
2000-03-09 08:45:00.000000000,1040,Pedro,0.2951658440259468,-0.4775205644782039
2000-03-09 09:45:00.000000000,952,Pedro,0.5364635501816848,0.25071226462220153
2000-03-09 10:30:00.000000000,999,Pedro,-0.9818446210664882,0.044439235716221104
2000-03-09 13:15:00.000000000,1025,Pedro,0.9871753415905857,-0.03949666995156176
2000-03-09 16:30:00.000000000,951,Pedro,-0.8095724144988306,0.22793249875496113
2000-03-09 18:15:00.000000000,964,Pedro,0.5039774008747551,-0.839455031260778
2000-03-09 18:45:00.000000000,980,Pedro,-0.7773238546153665,-0.046365188035724536
2000-03-09 19:45:00.000000000,977,Pedro,0.12538536038884907,-0.7126883547216716
2000-03-09 22:00:00.000000000,1008,Pedro,-0.8478954450594072,0.31497109865359474
2000-03-10 01:00:00.000000000,1052,Pedro,0.7833994873297365,-0.7996215116833965
2000-03-10 01:15:00.000000000,978,Pedro,-0.10511290803630202,-0.5672131919258452
2000-03-10 01:30:00.000000000,944,Pedro,-0.5215656875236765,0.003126832211933328
2000-03-10 02:15:00.000000000,983,Pedro,-0.40343851889459237,0.2102979188330849
2000-03-10 02:30:00.000000000,978,Pedro,0.04051137201799593,0.3606971597148787
2000-03-10 03:15:00.000000000,992,Pedro,0.8570028719054728,-0.06305966631643223
2000-03-10 03:45:00.000000000,975,Pedro,0.3427719216921499,-0.20002225768223036
2000-03-10 04:30:00.000000000,908,Pedro,0.9604046639208834,-0.13528989264615743
2000-03-10 06:15:00.000000000,1019,Pedro,-0.6624541978576621,0.1809480308154261
2000-03-10 08:30:00.000000000,994,Pedro,-0.9266167895724271,0.6782971072163408
2000-03-10 13:15:00.000000000,1037,Pedro,-0.5141774471013663,-0.8858244381336502
2000-03-10 16:30:00.000000000,988,Pedro,-0.6089184683876847,-0.15607255811942577
2000-03-10 20:45:00.000000000,1013,Pedro,0.5413780950380871,-0.7471983558271837
2000-03-10 22:00:00.000000000,963,Pedro,-0.46654866660789907,0.19768254093776583
2000-03-10 22:45:00.000000000,1042,Pedro,0.14940714085412998,0.7823021364228306
2000-03-11 00:15:00.000000000,1036,Pedro,-0.2774750133602073,-0.035248315128274754
2000-03-11 03:15:00.000000000,1012,Pedro,0.8471368061814797,0.15389189002422254
2000-03-11 05:00:00.000000000,949,Pedro,0.5596386951446013,0.8512233917551086
2000-03-11 05:15:00.000000000,1002,Pedro,-0.7660520615346871,-0.6957243062282139
2000-03-11 06:00:00.000000000,1033,Pedro,0.03217195354470359,-0.4498180515580754
2000-03-11 06:30:00.000000000,1086,Pedro,0.7623365104730784,-0.6492470377403396
2000-03-11 06:45:00.000000000,980,Pedro,0.9816108586107948,0.6921711137223361
2000-03-11 07:45:00.000000000,1053,Pedro,-0.3054480168469844,0.15521626202340366
2000-03-11 08:00:00.000000000,994,Pedro,-0.34775707664191113,0.09539818453782622
2000-03-11 10:00:00.000000000,1004,Pedro,-0.22384198072292594,0.10456336044323833
2000-03-11 12:00:00.000000000,984,Pedro,-0.058218587239106334,-0.842325377732231
2000-03-11 12:15:00.000000000,906,Pedro,-0.701465517755758,-0.10373893219368457
2000-03-11 14:45:00.000000000,942,Pedro,0.5537633995862998,0.8219150198210596
2000-03-11 15:00:00.000000000,1045,Pedro,0.9859329229376279,-0.4654009587157002
2000-03-11 16:00:00.000000000,1042,Pedro,0.4581451346722927,0.6787176259264813
2000-03-11 20:30:00.000000000,1036,Pedro,0.3371313740006978,-0.8394563209314416
2000-03-11 21:30:00.000000000,1016,Pedro,-0.2504112550069879,-0.690143261352004
2000-03-11 22:00:00.000000000,1035,Pedro,-0.492892426815692,-0.08116273386918293
2000-03-11 23:45:00.000000000,986,Pedro,-0.8636278078635662,-0.4668083126502005
2000-03-12 00:30:00.000000000,965,Pedro,-0.4796219900329117,-0.12089554441375117
2000-03-12 00:45:00.000000000,1063,Pedro,-0.3338139046655706,-0.4843938788883886
2000-03-12 01:45:00.000000000,965,Pedro,0.42385412319691373,0.12923562183694348
2000-03-12 02:15:00.000000000,1080,Pedro,0.27954206761214384,-0.7519984475083186
2000-03-12 04:00:00.000000000,1101,Pedro,0.1646324785004729,-0.1523042141034996
2000-03-12 04:15:00.000000000,942,Pedro,-0.20239877023532693,-0.5800855926585802
2000-03-12 10:15:00.000000000,1010,Pedro,-0.15934458599887646,0.028371174186296866
2000-03-12 11:15:00.000000000,1018,Pedro,-0.9202821527302221,0.992297126168306
2000-03-12 11:30:00.000000000,988,Pedro,-0.9760760612519108,0.7050905811514556
2000-03-12 13:45:00.000000000,984,Pedro,0.3901193797037641,0.525751034998053
2000-03-12 14:30:00.000000000,985,Pedro,0.4460506985723258,-0.8248143386369742
2000-03-12 15:00:00.000000000,1015,Pedro,-0.5254706320929072,0.49651648502508916
2000-03-12 16:30:00.000000000,988,Pedro,0.19049412278823818,0.2967045149293317
2000-03-12 17:15:00.000000000,972,Pedro,0.39510583538741884,-0.9870346736585045
2000-03-12 18:45:00.000000000,1093,Pedro,0.3699851929537554,-0.9026326438305576
2000-03-12 22:30:00.000000000,959,Pedro,-0.7860700243307734,-0.29137014448163145
2000-03-12 22:45:00.000000000,1033,Pedro,0.248189919758248,0.42870043025828664
2000-03-12 23:30:00.000000000,1002,Pedro,-0.6488544342754783,-0.7352152236053233
2000-03-13 04:30:00.000000000,942,Pedro,-0.9426940268840933,0.8952258385674072
2000-03-13 06:00:00.000000000,1040,Pedro,-0.0720508058761069,0.09102512391172524
2000-03-13 07:15:00.000000000,998,Pedro,0.3600816600566985,-0.8798553643715026
2000-03-13 08:00:00.000000000,975,Pedro,0.6367985514668237,0.35645538675554134
2000-03-13 08:45:00.000000000,1016,Pedro,-0.28735166533741774,0.17928538542250005
2000-03-13 09:15:00.000000000,975,Pedro,-0.650473523563732,-0.13891106712544432
2000-03-13 10:00:00.000000000,1025,Pedro,0.82749070805808,0.4494656995674029
2000-03-13 10:45:00.000000000,984,Pedro,-0.7624937175825803,0.3083156561314313
2000-03-13 11:30:00.000000000,1047,Pedro,-0.2746753259480348,-0.015698791749905183
2000-03-13 12:00:00.000000000,1003,Pedro,0.04291801215032165,-0.22206161775513267
2000-03-13 13:00:00.000000000,1051,Pedro,0.41250966615384344,0.20492523229102755
2000-03-13 13:45:00.000000000,1051,Pedro,-0.4420783092573253,0.8864572494249319
2000-03-13 14:00:00.000000000,1038,Pedro,-0.24851209311885825,0.6970104294084327
2000-03-13 14:15:00.000000000,939,Pedro,-0.11349705331597426,0.40482640245283363
2000-03-13 15:45:00.000000000,1041,Pedro,-0.8208852368396635,0.7365377780272635
2000-03-13 17:00:00.000000000,951,Pedro,0.9299785458360399,0.214824064441397
2000-03-13 17:30:00.000000000,998,Pedro,-0.7803170171720895,-0.3347360585980379
2000-03-13 19:00:00.000000000,1034,Pedro,-0.510232428215623,-0.1847387826759399
2000-03-13 20:15:00.000000000,967,Pedro,0.004970602865673079,-0.7429929983834318
2000-03-13 21:00:00.000000000,990,Pedro,-0.4455932576828219,0.8145562286405628
2000-03-13 22:30:00.000000000,1007,Pedro,0.2493887349060686,-0.6034287213790217
2000-03-13 23:00:00.000000000,1051,Pedro,-0.8805222687419476,0.48327197550068623
2000-03-13 23:30:00.000000000,1012,Pedro,0.380196368210415,-0.27297493618397595
2000-03-14 01:45:00.000000000,1026,Pedro,0.6752460781120895,-0.13015094562230356
2000-03-14 02:30:00.000000000,996,Pedro,0.2529983807693408,0.9428478056937561
2000-03-14 03:00:00.000000000,991,Pedro,-0.9261010052838683,-0.5255438258859748
2000-03-14 04:30:00.000000000,1060,Pedro,0.03756328739021253,-0.7180278758662002
2000-03-14 11:00:00.000000000,979,Pedro,-0.5674217664006946,0.9315196598395048
2000-03-14 11:15:00.000000000,980,Pedro,-0.2643872735025594,-0.6325864690937621
2000-03-14 12:15:00.000000000,998,Pedro,0.5194089090544995,0.5832193746943535
2000-03-14 12:45:00.000000000,966,Pedro,0.3985402769734241,-0.3106039979954993
2000-03-14 13:45:00.000000000,1084,Pedro,-0.5368515128333842,0.059840894626576935
2000-03-14 15:00:00.000000000,1014,Pedro,-0.6209943429637181,0.6721224092360052
2000-03-14 16:00:00.000000000,1054,Pedro,0.6807764658876925,0.38160229266597745
2000-03-14 19:15:00.000000000,972,Pedro,0.9684211530298699,0.9673949519515346
2000-03-14 20:15:00.000000000,995,Pedro,-0.41107400553046847,-0.6451196585307224
2000-03-14 23:30:00.000000000,961,Pedro,-0.6941350331964986,0.6560910785721115
2000-03-15 01:45:00.000000000,963,Pedro,0.10460670303199282,0.8365581963112838
2000-03-15 02:00:00.000000000,1052,Pedro,-0.9613425924279222,-0.5696208682494617
2000-03-15 02:15:00.000000000,980,Pedro,-0.44034996190778064,-0.2875467359111319
2000-03-15 03:15:00.000000000,1037,Pedro,-0.559853379459599,0.7355531244711724
2000-03-15 05:00:00.000000000,1033,Pedro,0.4096652946836059,-0.04581746641808149
2000-03-15 05:15:00.000000000,1028,Pedro,-0.7748417946743003,0.9025119605368104
2000-03-15 05:45:00.000000000,1017,Pedro,0.7022763406739556,-0.5689398548469831
2000-03-15 08:45:00.000000000,1040,Pedro,-0.15892277423827172,0.7024120838206849
2000-03-15 09:00:00.000000000,998,Pedro,-0.5646138733401904,0.1602053443465008
2000-03-15 09:15:00.000000000,991,Pedro,0.489607110827055,0.061267737628853514
2000-03-15 09:45:00.000000000,994,Pedro,-0.3656127949897867,-0.5606821059408524
2000-03-15 17:45:00.000000000,1006,Pedro,0.3851669064791672,0.13125872808097228
2000-03-15 18:15:00.000000000,1038,Pedro,0.2384628447874091,-0.07276223391547276
2000-03-15 19:15:00.000000000,995,Pedro,0.850440405896913,0.7102775642813846
2000-03-15 20:30:00.000000000,1055,Pedro,-0.02723520729473705,0.6156102746919849
2000-03-16 00:00:00.000000000,960,Pedro,-0.4603341941144219,0.1990853753056907
2000-03-16 00:30:00.000000000,1014,Pedro,-0.6998888868701016,0.0015947141260694853
2000-03-16 02:15:00.000000000,997,Pedro,-0.9466830067326959,-0.8020739009125051
2000-03-16 02:45:00.000000000,1013,Pedro,-0.28845574135443,-0.21488367348894677
2000-03-16 03:15:00.000000000,1006,Pedro,-0.8972022048552388,0.30971102588016386
2000-03-16 03:45:00.000000000,1000,Pedro,0.5545237946586781,0.20165769290177193
2000-03-16 04:45:00.000000000,1035,Pedro,-0.2496682679264215,-0.6686577540932392
2000-03-16 06:00:00.000000000,1037,Pedro,0.11586658208517275,0.3795473504133333
2000-03-16 08:00:00.000000000,981,Pedro,0.6935262401803108,0.23516098886591208
2000-03-16 08:45:00.000000000,967,Pedro,0.23633068660118361,-0.8565118499747866
2000-03-16 10:00:00.000000000,1007,Pedro,-0.8717846762494628,0.07604522641133116
2000-03-16 12:00:00.000000000,1028,Pedro,-0.11316474506475682,0.7153896305404261
2000-03-16 16:15:00.000000000,1051,Pedro,-0.29119630300149013,0.6188160128144455
2000-03-16 16:45:00.000000000,1041,Pedro,0.36392506001687597,0.8476507610649084
2000-03-16 19:00:00.000000000,1005,Pedro,-0.38973450442395574,-0.14566910014989065
2000-03-16 19:45:00.000000000,971,Pedro,0.485605569650692,0.9508061790996516
2000-03-16 20:00:00.000000000,958,Pedro,-0.8731154009157351,0.6661094871252069
2000-03-16 22:15:00.000000000,1021,Pedro,-0.7477315340703761,-0.22886321782347174
2000-03-17 03:30:00.000000000,1018,Pedro,0.987395469687069,-0.5563808656202123
2000-03-17 06:45:00.000000000,1047,Pedro,-0.7884064810021363,-0.6220196857634834
2000-03-17 10:15:00.000000000,999,Pedro,-0.03292878450083947,-0.2404644864530181
2000-03-17 13:45:00.000000000,980,Pedro,-0.8327476354772065,0.44054843654031517
2000-03-17 17:15:00.000000000,971,Pedro,-0.9982748400154993,-0.9551327990633862
2000-03-17 17:45:00.000000000,980,Pedro,0.05149451484308831,-0.47124003934146974
2000-03-17 20:15:00.000000000,1018,Pedro,-0.5003810944775324,-0.05268493671488583
2000-03-17 20:30:00.000000000,980,Pedro,0.7119156467823795,-0.8731628173148289
2000-03-18 00:15:00.000000000,991,Pedro,-0.03641053711231357,-0.23756104556700652
2000-03-18 00:30:00.000000000,976,Pedro,-0.5269204033784263,-0.40185826077793196
2000-03-18 01:15:00.000000000,980,Pedro,0.31371280242300426,-0.5364344014788367
2000-03-18 05:30:00.000000000,1004,Pedro,0.04722594189165763,0.9646346599506552
2000-03-18 09:15:00.000000000,966,Pedro,0.5549638924798868,0.4026264160428348
2000-03-18 10:15:00.000000000,997,Pedro,0.7708758943835257,-0.9435382948631332
2000-03-18 12:30:00.000000000,1075,Pedro,-0.49157152579752705,-0.8379513972234345
2000-03-18 13:15:00.000000000,1043,Pedro,0.6444184889847049,0.9028460180662603
2000-03-18 15:00:00.000000000,1006,Pedro,0.4759363302583284,-0.7995028431211078
2000-03-18 15:30:00.000000000,987,Pedro,0.3389696809920364,0.8136831305442394
2000-03-18 18:00:00.000000000,929,Pedro,0.4910094463460428,0.1620097238767284
2000-03-18 21:00:00.000000000,1005,Pedro,0.2012387872468131,0.7711431145043499
2000-03-18 22:15:00.000000000,1022,Pedro,0.9121257902537896,-0.509473501183668
2000-03-18 22:30:00.000000000,963,Pedro,-0.6830768631112492,0.1861017365218378
2000-03-18 23:45:00.000000000,999,Pedro,-0.29930675646318994,-0.4222290447318615
2000-03-19 01:30:00.000000000,1023,Pedro,0.06554570383983149,-0.278713832367107
2000-03-19 04:30:00.000000000,985,Pedro,0.914471424147586,0.574219350120009
2000-03-19 04:45:00.000000000,1037,Pedro,0.6433218652607235,-0.8389011141455269
2000-03-19 05:15:00.000000000,997,Pedro,-0.7307690243716705,-0.3068625657457347
2000-03-19 06:30:00.000000000,956,Pedro,-0.4157002016415714,0.659939405695116
2000-03-19 06:45:00.000000000,999,Pedro,-0.865486055368728,0.5153392750517511
2000-03-19 07:00:00.000000000,1067,Pedro,0.35221449538767935,-0.17075566462402025
2000-03-19 07:30:00.000000000,947,Pedro,-0.5286669025298898,-0.41183573902855963
2000-03-19 10:30:00.000000000,984,Pedro,0.5244571577750528,-0.5115499014719531
2000-03-19 13:00:00.000000000,1041,Pedro,-0.7063562941040376,-0.10630045029662205
2000-03-19 16:45:00.000000000,1042,Pedro,-0.41687985046628695,-0.06184393772589658
2000-03-19 20:30:00.000000000,1016,Pedro,0.9460923881011003,-0.5621996946179961
2000-03-19 20:45:00.000000000,969,Pedro,-0.4314437112636791,-0.09813431695496067
2000-03-20 00:00:00.000000000,1007,Pedro,0.877759122586967,0.44287251758211643
2000-03-20 01:15:00.000000000,991,Pedro,-0.20169796632615644,0.8974413640899532
2000-03-20 01:30:00.000000000,1045,Pedro,-0.40535852895703917,0.852761079045671
2000-03-20 01:45:00.000000000,1021,Pedro,0.7752411541672182,-0.6166321199765203
2000-03-20 02:00:00.000000000,1031,Pedro,-0.7894318533469074,0.2657017536398787
2000-03-20 02:45:00.000000000,986,Pedro,-0.5013427854542172,0.8298509697623453
2000-03-20 03:15:00.000000000,986,Pedro,0.02061300642410213,0.14706606178004988
2000-03-20 06:30:00.000000000,1053,Pedro,-0.01488270229191313,-0.9293323986438438
2000-03-20 06:45:00.000000000,1001,Pedro,0.06922374438769108,-0.5845191906652687
2000-03-20 08:00:00.000000000,975,Pedro,-0.45745738973216654,-0.4314670373160667
2000-03-20 09:45:00.000000000,976,Pedro,0.6968256734286526,0.3827745776851337
2000-03-20 11:00:00.000000000,971,Pedro,0.013819219426926654,0.7879651652602468
2000-03-20 13:15:00.000000000,951,Pedro,-0.886010075995495,-0.004502496544000367
2000-03-20 23:30:00.000000000,989,Pedro,-0.595772794762879,-0.8557040405079839
2000-03-21 00:00:00.000000000,974,Pedro,-0.9082414939546031,0.6049080427598377
2000-03-21 00:45:00.000000000,1010,Pedro,0.09611040898847811,-0.7744219441150408
2000-03-21 03:15:00.000000000,1030,Pedro,0.00991429806239319,0.6956017850165366
2000-03-21 03:45:00.000000000,998,Pedro,0.23405104713314162,0.18434575377842188
2000-03-21 07:15:00.000000000,973,Pedro,-0.5953057931948191,-0.8953776351564062
2000-03-21 07:30:00.000000000,983,Pedro,-0.8478020155690451,-0.2134807088805699
2000-03-21 08:15:00.000000000,1061,Pedro,-0.657525383910625,-0.3036361443740643
2000-03-21 09:30:00.000000000,949,Pedro,0.8847376348658866,0.564845151479471
2000-03-21 10:45:00.000000000,1019,Pedro,-0.26344760739525475,-0.4295295552373197
2000-03-21 11:15:00.000000000,1028,Pedro,-0.9231978969756081,0.9065637773918245
2000-03-21 11:30:00.000000000,1031,Pedro,-0.1185813674251619,-0.9694142938008636
2000-03-21 11:45:00.000000000,994,Pedro,0.7747080583229384,0.2610546383404251
2000-03-21 12:30:00.000000000,941,Pedro,-0.6969606256959244,-0.8980814794828182
2000-03-21 13:30:00.000000000,1002,Pedro,-0.4070647981691575,0.17323558243824766
2000-03-21 14:00:00.000000000,1046,Pedro,0.275159264512856,-0.4605929960361921
2000-03-21 15:00:00.000000000,1008,Pedro,0.5971497460187849,0.8109935735297251
2000-03-21 15:45:00.000000000,1005,Pedro,-0.18129363968469558,-0.21273334489529705
2000-03-21 21:30:00.000000000,981,Pedro,0.9453347080255077,0.8861626305824741
2000-03-22 01:30:00.000000000,965,Pedro,-0.3015133838637176,-0.8784676995845944
2000-03-22 02:00:00.000000000,946,Pedro,-0.8321940302217405,-0.7348483940324775
2000-03-22 08:15:00.000000000,1013,Pedro,0.4696141300415082,0.27585460214693813
2000-03-22 09:00:00.000000000,1021,Pedro,-0.7631215627650418,0.8151353073347101
2000-03-22 09:45:00.000000000,1006,Pedro,0.7099853704998402,0.28273603198284025
2000-03-22 10:00:00.000000000,997,Pedro,-0.6250434318615932,0.4702136129735697
2000-03-22 13:45:00.000000000,1095,Pedro,-0.13157015720088494,0.9526890718393688
2000-03-22 14:30:00.000000000,1025,Pedro,-0.7300002089798019,-0.18701141345802452
2000-03-22 15:00:00.000000000,968,Pedro,0.7421268826750753,0.576340088805225
2000-03-22 16:00:00.000000000,959,Pedro,-0.13782471444520317,-0.8062686950158997
2000-03-22 16:45:00.000000000,943,Pedro,0.6866820373617031,0.8202309437886373
2000-03-22 17:00:00.000000000,1019,Pedro,-0.9938348952434515,0.23594498163559874
2000-03-22 17:45:00.000000000,1024,Pedro,-0.02065973315523051,0.12886346395357018
2000-03-22 19:45:00.000000000,1018,Pedro,0.6838083493768057,0.7673993794383995
2000-03-22 22:45:00.000000000,1020,Pedro,-0.07853069830817216,-0.10464846664146599
2000-03-22 23:00:00.000000000,982,Pedro,0.8353980491675679,-0.3604505016212052
2000-03-22 23:30:00.000000000,1056,Pedro,-0.8971798010891594,0.8768777321750558
2000-03-22 23:45:00.000000000,966,Pedro,0.8004401371366117,0.16446634127069237
2000-03-23 01:30:00.000000000,1010,Pedro,0.9813716386770603,-0.04751352849219037
2000-03-23 02:00:00.000000000,1005,Pedro,-0.8829899598594857,-0.6046605562525127
2000-03-23 04:30:00.000000000,1058,Pedro,-0.856367864373863,0.8205797231240755
2000-03-23 05:15:00.000000000,1033,Pedro,0.04970238035329988,-0.4256284678091129
2000-03-23 07:15:00.000000000,977,Pedro,0.6854293322594303,0.8930003015317509
2000-03-23 07:45:00.000000000,1001,Pedro,0.012917393251601794,0.5338127843729337
2000-03-23 09:00:00.000000000,1000,Pedro,-0.2728729528943239,-0.37128878499755125
2000-03-23 11:00:00.000000000,940,Pedro,-0.9508794853048859,0.5212734511642652
2000-03-23 12:00:00.000000000,979,Pedro,0.8215838213079989,0.1268434509362797
2000-03-23 12:30:00.000000000,918,Pedro,-0.3516393628750054,0.5945114715798645
2000-03-23 13:15:00.000000000,1034,Pedro,-0.7793190299485668,0.5743719640506673
2000-03-23 17:45:00.000000000,1015,Pedro,0.28885094557528523,-0.48021211735028846
2000-03-23 18:00:00.000000000,953,Pedro,0.9244236574927363,-0.6781766913992431
2000-03-23 18:30:00.000000000,1006,Pedro,0.21308860375896432,-0.023556125550566076
2000-03-23 19:30:00.000000000,992,Pedro,-0.8395264218845626,-0.22916990965794248
2000-03-23 21:45:00.000000000,1007,Pedro,-0.3015084184526957,-0.07527794735217763
2000-03-23 22:45:00.000000000,989,Pedro,0.12433230678956209,-0.8144057478289597
2000-03-23 23:15:00.000000000,1029,Pedro,0.8307715771204081,-0.9913934946099889
2000-03-23 23:45:00.000000000,971,Pedro,-0.6452659596940848,0.9846402160194758
2000-03-24 02:00:00.000000000,1006,Pedro,0.8418394987724491,-0.5618345390152557
2000-03-24 03:30:00.000000000,1017,Pedro,-0.659414383582624,0.17189067739421415
2000-03-24 05:30:00.000000000,945,Pedro,0.6715124754091255,-0.5473094038515849
2000-03-24 06:15:00.000000000,1066,Pedro,0.3025744559180019,-0.8380099564905126
2000-03-24 07:15:00.000000000,1019,Pedro,-0.8055371152112583,0.04413373114626862
2000-03-24 08:15:00.000000000,1014,Pedro,0.5631309560649571,0.5862058276864137
2000-03-24 12:00:00.000000000,978,Pedro,-0.3037400941237838,0.8326003139266809
2000-03-24 12:15:00.000000000,946,Pedro,0.7918410363762083,-0.8300346450977123
2000-03-24 13:30:00.000000000,1051,Pedro,0.7553908950697537,0.3570449098813755
2000-03-24 14:15:00.000000000,1032,Pedro,0.051332009101952014,0.7185534081794271
2000-03-24 19:30:00.000000000,1050,Pedro,-0.8769691635965069,0.5655889974855084
2000-03-24 20:15:00.000000000,1055,Pedro,0.8580999959019411,0.9412216358896968
2000-03-24 22:45:00.000000000,978,Pedro,0.47726234908572795,-0.05263054290861624
2000-03-24 23:15:00.000000000,1045,Pedro,0.7153005702891901,0.11065234337954366
2000-03-25 00:00:00.000000000,1031,Pedro,0.3421031842989899,-0.12356096710254261
2000-03-25 00:30:00.000000000,1017,Pedro,0.1003952544798501,0.1638444441874185
2000-03-25 01:00:00.000000000,1003,Pedro,-0.01096678566161291,0.030767631265725237
2000-03-25 04:45:00.000000000,966,Pedro,-0.4936319593937577,0.6907256218644418
2000-03-25 06:15:00.000000000,1009,Pedro,-0.9556390372989954,-0.38683890079926075
2000-03-25 07:15:00.000000000,1005,Pedro,0.5989793604301685,-0.46614900091439404
2000-03-25 08:00:00.000000000,955,Pedro,-0.5604953865851268,0.924595995801553
2000-03-25 08:45:00.000000000,1006,Pedro,-0.3608940613731997,-0.7177318183801349
2000-03-25 09:15:00.000000000,1012,Pedro,-0.818360579272309,-0.16332758590668162
2000-03-25 10:00:00.000000000,1010,Pedro,0.6998070187250673,0.4682155854477259
2000-03-25 11:15:00.000000000,1032,Pedro,-0.2938293477972147,0.1595403763726002
2000-03-25 12:30:00.000000000,984,Pedro,0.3422173323610447,0.1414883340996531
2000-03-25 13:45:00.000000000,978,Pedro,0.5710180040342279,0.8131794278159208
2000-03-25 14:45:00.000000000,1007,Pedro,0.2324337958879561,0.369290020122113
2000-03-25 15:30:00.000000000,980,Pedro,0.40108814981591934,-0.02610337364519566
2000-03-25 18:15:00.000000000,1019,Pedro,0.27302696747214017,0.8563589544094268
2000-03-25 19:30:00.000000000,1033,Pedro,-0.751699186414919,0.6422878316223835
2000-03-25 20:45:00.000000000,979,Pedro,-0.42951447147659594,0.7131776813536872
2000-03-25 21:00:00.000000000,963,Pedro,0.42187110353000223,-0.5271776216381117
2000-03-25 22:15:00.000000000,1005,Pedro,0.45370897791473697,0.08411521514641507
2000-03-25 23:45:00.000000000,1041,Pedro,0.15661104661700498,-0.3487536425043205
2000-03-26 04:15:00.000000000,906,Pedro,-0.48481085221409415,-0.261395465810514
2000-03-26 04:45:00.000000000,1022,Pedro,0.5495346750681289,-0.5690932057053244
2000-03-26 05:30:00.000000000,1043,Pedro,0.3215539759694317,0.6179350307744491
2000-03-26 06:30:00.000000000,949,Pedro,-0.19134476658538158,-0.12494989921512678
2000-03-26 10:30:00.000000000,949,Pedro,-0.1637177898669091,-0.8242787678752572
2000-03-26 14:30:00.000000000,979,Pedro,-0.13461428996849678,-0.17291535216935183
2000-03-26 15:00:00.000000000,1037,Pedro,0.23845682268420032,0.9955440809077685
2000-03-26 15:15:00.000000000,1014,Pedro,-0.07704245778339436,0.31895903628631683
2000-03-26 19:30:00.000000000,969,Pedro,0.003308109260244496,0.6376403731852807
2000-03-26 20:15:00.000000000,1031,Pedro,-0.5143851412797837,-0.8102894625313641
2000-03-26 21:00:00.000000000,1031,Pedro,-0.39153908943546156,0.7927396525116226
2000-03-26 22:00:00.000000000,962,Pedro,-0.051876149703363295,0.8843720280067007
2000-03-27 00:15:00.000000000,998,Pedro,-0.5466588855754151,-0.8075412575814571
2000-03-27 00:30:00.000000000,1016,Pedro,-0.30696086630177777,0.5420881299324358
2000-03-27 03:30:00.000000000,1038,Pedro,0.6094641054407774,-0.10201829427377085
2000-03-27 06:00:00.000000000,947,Pedro,-0.07153518001446857,0.7026999146118513
2000-03-27 12:15:00.000000000,1051,Pedro,-0.5178490149766226,-0.784706443228808
2000-03-27 13:30:00.000000000,1026,Pedro,-0.7510460490161028,-0.5465640769786049
2000-03-27 14:30:00.000000000,1006,Pedro,-0.1463152647473296,-0.056878672006492215
2000-03-27 14:45:00.000000000,946,Pedro,-0.20825600847484238,0.2763091957511594
2000-03-27 15:30:00.000000000,964,Pedro,-0.32404839765492977,-0.38947584936944635
2000-03-27 16:45:00.000000000,974,Pedro,-0.6660613618622182,0.865674702799986
2000-03-27 19:30:00.000000000,917,Pedro,-0.8856011422115164,0.23339198178277654
2000-03-27 20:45:00.000000000,972,Pedro,-0.04810062385370295,-0.14885320679140857
2000-03-27 21:30:00.000000000,1017,Pedro,-0.7007401487577667,0.6041723710782585
2000-03-27 22:15:00.000000000,973,Pedro,-0.003412329318554619,0.47812370111330327
2000-03-28 00:15:00.000000000,1039,Pedro,-0.30220571788528905,-0.06471852801820899
2000-03-28 02:15:00.000000000,997,Pedro,-0.38981848171821376,-0.6118655281149277
2000-03-28 03:30:00.000000000,968,Pedro,0.6007543416799901,-0.5943167123601822
2000-03-28 04:30:00.000000000,980,Pedro,0.21517902264077882,-0.7298584431072015
2000-03-28 06:30:00.000000000,1013,Pedro,0.3923714833245795,0.8083790453893884
2000-03-28 06:45:00.000000000,1003,Pedro,-0.5041743362942339,0.888228337673393
2000-03-28 08:00:00.000000000,990,Pedro,-0.5199981237529792,0.29260959794604635
2000-03-28 12:45:00.000000000,964,Pedro,0.44515486126735015,-0.6496797517598099
2000-03-28 15:00:00.000000000,968,Pedro,0.06427247681162185,0.38874552885492797
2000-03-28 15:45:00.000000000,998,Pedro,0.7178534049915497,-0.8149415661844703
2000-03-28 16:30:00.000000000,1051,Pedro,-0.7194097914503035,0.4294709383338833
2000-03-28 19:15:00.000000000,982,Pedro,-0.005757626769776536,0.41107144755291714
2000-03-28 19:45:00.000000000,1011,Pedro,0.29035573927161384,0.7373874347989637
2000-03-28 22:15:00.000000000,948,Pedro,-0.5521484655823901,-0.3392747340566926
2000-03-28 23:15:00.000000000,1045,Pedro,0.4716422521151349,-0.4849919132251215
2000-03-28 23:45:00.000000000,1022,Pedro,-0.022407263522423726,-0.09877581070266395
2000-03-29 00:30:00.000000000,974,Pedro,-0.18373620931705625,0.6737522941200822
2000-03-29 02:15:00.000000000,1033,Pedro,0.17347342502227736,-0.29044519663799373
2000-03-29 02:45:00.000000000,1013,Pedro,-0.45541915421175694,-0.16039679962931408
2000-03-29 08:15:00.000000000,1023,Pedro,-0.9910526378651745,0.025196793232535653
2000-03-29 10:30:00.000000000,997,Pedro,-0.1392785772677465,0.8019475166734475
2000-03-29 12:00:00.000000000,995,Pedro,0.4885926961876019,0.8210666331026073
2000-03-29 12:30:00.000000000,974,Pedro,-0.22301611868412397,-0.16829872039447502
2000-03-29 14:00:00.000000000,1023,Pedro,-0.5926846267107464,-0.7466962911855475
2000-03-29 15:00:00.000000000,1010,Pedro,0.7298977880325761,-0.985462582133392
2000-03-29 15:45:00.000000000,956,Pedro,-0.17178833902266089,-0.1405530519092444
2000-03-29 18:15:00.000000000,936,Pedro,0.7926776321299658,-0.7722026169212413
2000-03-29 19:30:00.000000000,1023,Pedro,-0.07464980070263394,-0.045989711453936266
2000-03-29 20:15:00.000000000,991,Pedro,0.23793330878245178,-0.7218366796103644
2000-03-29 20:30:00.000000000,984,Pedro,0.2959705541333775,-0.5037708945641355
2000-03-29 21:15:00.000000000,983,Pedro,0.06735858558579633,-0.20858683856663585
2000-03-29 22:15:00.000000000,1015,Pedro,-0.829223776990589,-0.976099353703086
2000-03-29 22:45:00.000000000,979,Pedro,-0.7094085382312967,0.49592158642981143
2000-03-29 23:30:00.000000000,1003,Pedro,0.6866279851890598,0.3340686507377768
2000-03-29 23:45:00.000000000,980,Pedro,-0.1698526394871711,0.8396902964732049
2000-03-30 00:15:00.000000000,1016,Pedro,0.004116477774260385,-0.4408934750020359
2000-03-30 01:15:00.000000000,1004,Pedro,-0.21565279571708218,0.0984178749064748
2000-03-30 01:45:00.000000000,950,Pedro,-0.7144142488733809,-0.40128978974326657
2000-03-30 03:45:00.000000000,1015,Pedro,0.6301417787589547,-0.3641927538970835
2000-03-30 04:30:00.000000000,975,Pedro,-0.958097610515676,0.5273618431442471
2000-03-30 05:30:00.000000000,961,Pedro,0.12875918996878788,-0.8995237379274001
2000-03-30 05:45:00.000000000,965,Pedro,0.6436599598753512,0.3019819953607241
2000-03-30 08:00:00.000000000,1005,Pedro,-0.20125679135593022,0.41553998753613164
2000-03-30 10:15:00.000000000,1031,Pedro,0.51152366425171,-0.8657841817743264
2000-03-30 11:45:00.000000000,983,Pedro,0.6353234578392839,0.5669399152487105
2000-03-30 18:15:00.000000000,940,Pedro,-0.04546319601429549,-0.03057024781477269
2000-03-30 19:00:00.000000000,1061,Pedro,-0.4564543268645078,-0.05468679044995306
2000-03-30 21:30:00.000000000,961,Pedro,-0.97342288565333,0.05852071809909587
2000-03-30 22:30:00.000000000,1042,Pedro,-0.23198483782635648,-0.16262846339630732
2000-03-31 00:00:00.000000000,998,Pedro,-0.5378361275843426,-0.13961190710102156
